"survey_date","lake_name","ats_year","count_trawl","count_acoustic"
"1977-08-15","Kennedy Lake (Main)",1977,47,NA
"1977-08-16","Kennedy Lake (Clay)",1977,202,NA
"1977-08-16","Kennedy Lake (Main)",1977,201,NA
"1977-08-17","Kennedy Lake (Clay)",1977,64,NA
"1977-09-20","Kennedy Lake (Main)",1977,292,150
"1977-09-21","Kennedy Lake (Clay)",1977,453,160
"1977-09-21","Kennedy Lake (Main)",1977,571,NA
"1977-09-22","Kennedy Lake (Clay)",1977,29,NA
"1977-09-28","Great Central Lake",1977,187,NA
"1977-09-29","Great Central Lake",1977,101,NA
"1977-10-05","Hobiton Lake",1977,60,99
"1977-10-26","Kennedy Lake (Clay)",1977,391,160
"1977-11-07","Great Central Lake",1977,265,78
"1977-11-08","Great Central Lake",1977,876,NA
"1978-02-07","Kennedy Lake (Clay)",1977,105,160
"1978-02-08","Kennedy Lake (Clay)",1977,18,NA
"1978-02-09","Kennedy Lake (Main)",1977,634,NA
"1978-02-15","Long Lake",1977,333,NA
"1978-03-09","Great Central Lake",1977,58,NA
"1978-03-13","Henderson Lake",1977,31,180
"1978-03-14","Henderson Lake",1977,26,NA
"1978-03-14","Hobiton Lake",1977,115,99
"1978-06-23","Meziadin Lake",1978,71,NA
"1978-06-24","Meziadin Lake",1978,126,NA
"1978-06-26","Fred Wright Lake",1978,285,NA
"1978-06-29","Kitlope Lake",1978,6,40
"1978-06-30","Kitlope Lake",1978,44,NA
"1978-07-04","Swan Lake",1978,2,NA
"1978-07-05","Swan Lake",1978,17,NA
"1978-07-06","Stephens Lake",1978,33,NA
"1978-07-10","Alastair Lake",1978,73,45
"1978-07-16","Bear Lake",1978,9,NA
"1978-07-17","Bear Lake",1978,1,NA
"1978-07-19","Kennedy Lake (Clay)",1978,106,NA
"1978-07-20","Simpson Lake",1978,3,NA
"1978-07-24","Morice Lake",1978,4,NA
"1978-07-25","Morice Lake",1978,1,NA
"1978-08-16","Kennedy Lake (Clay)",1978,681,NA
"1978-08-16","Kennedy Lake (Main)",1978,135,NA
"1978-08-17","Kennedy Lake (Main)",1978,172,NA
"1978-08-23","Long Lake",1978,7,NA
"1978-08-24","Long Lake",1978,30,NA
"1978-09-12","Kennedy Lake (Main)",1978,93,NA
"1978-09-13","Kennedy Lake (Clay)",1978,221,NA
"1978-09-13","Kennedy Lake (Main)",1978,163,NA
"1978-09-14","Kennedy Lake (Clay)",1978,247,NA
"1978-09-15","Kitlope Lake",1978,16,40
"1978-09-20","Lowe Lake",1978,7,36
"1978-09-26","Owikeno Lake",1978,180,NA
"1978-09-27","Owikeno Lake",1978,123,NA
"1978-09-30","Swan Lake",1978,7,NA
"1978-10-01","Stephens Lake",1978,17,NA
"1978-10-05","Fred Wright Lake",1978,249,32
"1978-10-08","Alastair Lake",1978,96,NA
"1978-10-11","Meziadin Lake",1978,245,NA
"1978-11-15","Kennedy Lake (Clay)",1978,224,160
"1978-11-16","Kennedy Lake (Clay)",1978,132,NA
"1978-11-16","Kennedy Lake (Main)",1978,281,150
"1978-11-22","Woss Lake",1978,67,55
"1978-11-23","Vernon Lake",1978,13,NA
"1978-11-25","Bear Lake",1978,3,NA
"1978-11-30","Kennedy Lake (Clay)",1978,319,NA
"1978-11-30","Nimpkish Lake",1978,31,NA
"1979-02-27","Great Central Lake",1978,61,NA
"1979-03-13","Henderson Lake",1978,43,180
"1979-03-14","Henderson Lake",1978,6,NA
"1979-03-14","Hobiton Lake",1978,10,99
"1979-03-21","Long Lake",1978,24,NA
"1979-03-22","Long Lake",1978,55,NA
"1979-03-28","Kennedy Lake (Clay)",1978,274,NA
"1979-05-02","Great Central Lake",1979,13,NA
"1979-07-14","Lowe Lake",1979,76,NA
"1979-07-19","Great Central Lake",1979,334,NA
"1979-07-19","Kitlope Lake",1979,34,NA
"1979-07-20","Kitlope Lake",1979,24,NA
"1979-07-23","Lowe Lake",1979,453,NA
"1979-07-25","Kennedy Lake (Clay)",1979,182,NA
"1979-07-26","Kennedy Lake (Clay)",1979,660,NA
"1979-07-26","Kennedy Lake (Main)",1979,123,NA
"1979-07-27","Kennedy Lake (Main)",1979,690,NA
"1979-07-28","Ian Lake",1979,6,NA
"1979-07-29","Ian Lake",1979,79,NA
"1979-08-01","Awun Lake",1979,250,NA
"1979-08-01","Mercer Lake",1979,461,NA
"1979-08-02","Mercer Lake",1979,164,NA
"1979-08-04","Eden Lake",1979,13,40
"1979-08-05","Eden Lake",1979,200,NA
"1979-08-22","Great Central Lake",1979,14,NA
"1979-08-23","Great Central Lake",1979,105,NA
"1979-08-28","Long Lake",1979,624,NA
"1979-09-11","Kennedy Lake (Clay)",1979,385,NA
"1979-09-12","Kennedy Lake (Clay)",1979,135,NA
"1979-09-12","Kennedy Lake (Main)",1979,773,NA
"1979-09-13","Kennedy Lake (Main)",1979,261,NA
"1979-10-04","Bonilla Lake",1979,949,32
"1979-10-08","Devon Lake",1979,294,70
"1979-10-09","Devon Lake",1979,459,NA
"1979-10-13","Lowe Lake",1979,193,36
"1979-10-14","Curtis Lake",1979,459,40
"1979-10-14","Lowe Lake",1979,76,NA
"1979-10-18","Kitlope Lake",1979,56,40
"1979-10-19","Kitlope Lake",1979,11,NA
"1979-11-01","Great Central Lake",1979,93,NA
"1979-11-02","Great Central Lake",1979,90,NA
"1979-11-06","Kennedy Lake (Clay)",1979,773,NA
"1979-11-07","Kennedy Lake (Clay)",1979,79,NA
"1979-11-07","Kennedy Lake (Main)",1979,502,NA
"1979-11-07","Nimpkish Lake",1979,57,NA
"1979-11-08","Woss Lake",1979,29,55
"1979-11-09","Woss Lake",1979,12,NA
"1979-11-27","Henderson Lake",1979,88,NA
"1979-12-19","Great Central Lake",1979,191,NA
"1980-01-14","Great Central Lake",1979,18,NA
"1980-01-15","Great Central Lake",1979,74,NA
"1980-01-22","Kennedy Lake (Main)",1979,533,150
"1980-01-23","Kennedy Lake (Clay)",1979,374,160
"1980-01-23","Kennedy Lake (Main)",1979,513,NA
"1980-02-26","Sproat Lake",1979,50,121
"1980-03-01","Hobiton Lake",1979,2,NA
"1980-03-02","Hobiton Lake",1979,55,NA
"1980-03-02","Sproat Lake",1979,13,NA
"1980-03-03","Sproat Lake",1979,83,NA
"1980-03-04","Sproat Lake",1979,14,NA
"1980-03-11","Hobiton Lake",1979,2,NA
"1980-05-13","Long Lake",1980,154,NA
"1980-05-14","Long Lake",1980,15,NA
"1980-07-25","Ian Lake",1980,3,NA
"1980-07-26","Ian Lake",1980,16,NA
"1980-07-27","Mercer Lake",1980,376,NA
"1980-07-30","Eden Lake",1980,83,NA
"1980-07-31","Awun Lake",1980,445,NA
"1980-08-14","Long Lake",1980,339,NA
"1980-08-15","Long Lake",1980,263,NA
"1980-08-27","Great Central Lake",1980,163,78
"1980-08-28","Great Central Lake",1980,56,NA
"1980-09-17","Bonilla Lake",1980,519,32
"1980-09-18","Bonilla Lake",1980,108,NA
"1980-09-18","Lowe Lake",1980,5,36
"1980-09-19","Lowe Lake",1980,5,NA
"1980-09-20","Devon Lake",1980,2172,70
"1980-09-21","Curtis Lake",1980,512,40
"1980-09-22","Curtis Lake",1980,688,NA
"1980-09-23","Great Central Lake",1980,21,NA
"1980-09-24","Great Central Lake",1980,77,NA
"1980-09-24","Kitlope Lake",1980,25,40
"1980-09-25","Kitlope Lake",1980,11,NA
"1980-10-20","Henderson Lake",1980,17,180
"1980-10-21","Henderson Lake",1980,31,NA
"1980-10-22","Long Lake",1980,212,NA
"1980-11-03","Vernon Lake",1980,6,NA
"1980-11-04","Nimpkish Lake",1980,47,88
"1980-11-05","Nimpkish Lake",1980,102,NA
"1980-11-06","Woss Lake",1980,29,55
"1980-11-27","Great Central Lake",1980,303,78
"1981-01-20","Sproat Lake",1980,25,121
"1981-01-21","Sproat Lake",1980,242,NA
"1981-02-03","Kennedy Lake (Main)",1980,890,150
"1981-02-04","Kennedy Lake (Clay)",1980,502,160
"1981-02-26","Long Lake",1980,421,NA
"1981-07-18","Bonilla Lake",1981,154,NA
"1981-07-19","Bonilla Lake",1981,592,NA
"1981-07-20","Curtis Lake",1981,734,40
"1981-07-29","Great Central Lake",1981,202,78
"1981-07-30","Great Central Lake",1981,1,NA
"1981-08-05","Sproat Lake",1981,27,121
"1981-08-06","Sproat Lake",1981,154,NA
"1981-08-12","Henderson Lake",1981,9,180
"1981-08-13","Henderson Lake",1981,39,NA
"1981-08-13","Hobiton Lake",1981,165,99
"1981-08-14","Hobiton Lake",1981,4,NA
"1981-08-15","Woss Lake",1981,133,NA
"1981-08-16","Nimpkish Lake",1981,126,88
"1981-08-17","Nimpkish Lake",1981,2,NA
"1981-08-19","Bonilla Lake",1981,32,32
"1981-08-20","Bonilla Lake",1981,440,NA
"1981-08-24","Long Lake",1981,27,NA
"1981-08-25","Long Lake",1981,287,NA
"1981-09-02","Kennedy Lake (Clay)",1981,381,160
"1981-09-03","Kennedy Lake (Clay)",1981,178,NA
"1981-09-03","Kennedy Lake (Main)",1981,259,NA
"1981-09-04","Kennedy Lake (Clay)",1981,126,NA
"1981-09-04","Kennedy Lake (Main)",1981,933,150
"1981-09-15","Great Central Lake",1981,105,NA
"1981-09-16","Great Central Lake",1981,44,NA
"1981-09-17","Woss Lake",1981,14,55
"1981-09-18","Nimpkish Lake",1981,129,88
"1981-09-18","Woss Lake",1981,51,NA
"1981-09-20","Bonilla Lake",1981,471,32
"1981-09-21","Bonilla Lake",1981,39,NA
"1981-09-21","Curtis Lake",1981,195,40
"1981-09-22","Curtis Lake",1981,158,NA
"1981-09-22","Devon Lake",1981,324,70
"1981-09-25","Long Lake",1981,119,NA
"1981-09-26","Long Lake",1981,77,NA
"1981-09-28","Great Central Lake",1981,701,NA
"1981-09-30","Sproat Lake",1981,190,NA
"1981-10-07","Awun Lake",1981,5,40
"1981-10-08","Awun Lake",1981,20,NA
"1981-10-08","Eden Lake",1981,50,NA
"1981-10-09","Eden Lake",1981,13,NA
"1981-10-09","Mercer Lake",1981,269,42
"1981-10-11","Ian Lake",1981,8,90
"1981-10-14","Lowe Lake",1981,16,36
"1981-10-15","Lowe Lake",1981,10,NA
"1981-10-21","Henderson Lake",1981,29,180
"1981-10-22","Henderson Lake",1981,1,NA
"1981-10-22","Hobiton Lake",1981,115,99
"1981-12-09","Great Central Lake",1981,189,NA
"1981-12-15","Kennedy Lake (Main)",1981,1085,150
"1981-12-16","Kennedy Lake (Clay)",1981,161,160
"1982-02-02","Great Central Lake",1981,324,78
"1982-03-06","Henderson Lake",1981,16,180
"1982-03-10","Kennedy Lake (Main)",1981,422,150
"1982-03-11","Kennedy Lake (Clay)",1981,172,NA
"1982-03-12","Kennedy Lake (Clay)",1981,79,NA
"1982-04-13","Bonilla Lake",1982,28,32
"1982-04-14","Bonilla Lake",1982,207,NA
"1982-06-15","Henderson Lake",1982,146,NA
"1982-06-17","Nimpkish Lake",1982,8,NA
"1982-06-18","Nimpkish Lake",1982,11,NA
"1982-07-15","Kennedy Lake (Clay)",1982,136,160
"1982-07-16","Kennedy Lake (Clay)",1982,496,NA
"1982-07-20","Henderson Lake",1982,63,180
"1982-07-21","Henderson Lake",1982,11,NA
"1982-07-22","Nimpkish Lake",1982,129,88
"1982-07-23","Nimpkish Lake",1982,46,NA
"1982-07-25","Long Lake",1982,55,NA
"1982-07-26","Long Lake",1982,58,NA
"1982-08-09","Great Central Lake",1982,678,78
"1982-08-11","Henderson Lake",1982,112,NA
"1982-08-13","Hobiton Lake",1982,165,99
"1982-08-14","Hobiton Lake",1982,2,NA
"1982-08-16","Long Lake",1982,191,NA
"1982-08-18","Nimpkish Lake",1982,79,NA
"1982-08-19","Nimpkish Lake",1982,35,NA
"1982-08-20","Woss Lake",1982,302,NA
"1982-08-25","Sproat Lake",1982,13,121
"1982-08-26","Sproat Lake",1982,196,NA
"1982-08-27","Sproat Lake",1982,97,NA
"1982-09-14","Kennedy Lake (Main)",1982,980,150
"1982-09-15","Kennedy Lake (Clay)",1982,511,NA
"1982-09-15","Kennedy Lake (Main)",1982,370,NA
"1982-09-16","Kennedy Lake (Clay)",1982,127,NA
"1982-09-27","Awun Lake",1982,57,40
"1982-09-28","Awun Lake",1982,30,NA
"1982-09-29","Eden Lake",1982,100,40
"1982-10-01","Ian Lake",1982,8,NA
"1982-10-03","Yakoun Lake",1982,118,NA
"1982-10-04","Bonilla Lake",1982,524,32
"1982-10-20","Lowe Lake",1982,15,36
"1982-11-11","Great Central Lake",1982,111,78
"1982-11-17","Nimpkish Lake",1982,81,88
"1982-11-18","Nimpkish Lake",1982,22,NA
"1982-11-24","Long Lake",1982,109,NA
"1982-11-26","Long Lake",1982,10,NA
"1982-11-29","Woss Lake",1982,40,55
"1982-11-30","Henderson Lake",1982,93,180
"1982-12-01","Hobiton Lake",1982,32,99
"1983-01-18","Great Central Lake",1982,139,78
"1983-02-02","Mercer Lake",1982,447,42
"1983-02-04","Curtis Lake",1982,35,40
"1983-02-05","Devon Lake",1982,212,70
"1983-02-05","Great Central Lake",1982,324,NA
"1983-03-02","Sproat Lake",1982,57,121
"1983-03-03","Sproat Lake",1982,136,NA
"1983-03-09","Muriel Lake",1982,23,80
"1983-03-15","Hobiton Lake",1982,20,99
"1983-03-23","Kennedy Lake (Main)",1982,80,150
"1983-03-24","Kennedy Lake (Clay)",1982,135,NA
"1983-05-06","Long Lake",1983,173,NA
"1983-06-01","Nimpkish Lake",1983,62,88
"1983-06-02","Nimpkish Lake",1983,73,NA
"1983-06-03","Long Lake",1983,234,NA
"1983-06-03","Nimpkish Lake",1983,174,NA
"1983-06-04","Long Lake",1983,24,NA
"1983-06-05","Long Lake",1983,34,NA
"1983-06-22","Muriel Lake",1983,76,NA
"1983-07-18","Long Lake",1983,414,NA
"1983-07-19","Long Lake",1983,98,NA
"1983-07-20","Woss Lake",1983,119,55
"1983-07-21","Nimpkish Lake",1983,21,88
"1983-07-22","Nimpkish Lake",1983,21,NA
"1983-07-24","Hobiton Lake",1983,1,99
"1983-07-25","Henderson Lake",1983,119,180
"1983-07-25","Hobiton Lake",1983,134,NA
"1983-07-26","Henderson Lake",1983,2,NA
"1983-08-21","Woss Lake",1983,40,NA
"1983-08-22","Woss Lake",1983,14,55
"1983-08-23","Port John Lake",1983,95,40
"1983-08-23","Sproat Lake",1983,16,121
"1983-08-24","Long Lake",1983,113,NA
"1983-08-24","Sproat Lake",1983,161,NA
"1983-08-25","Long Lake",1983,86,NA
"1983-08-25","Sproat Lake",1983,54,NA
"1983-08-26","Nimpkish Lake",1983,50,88
"1983-08-27","Nimpkish Lake",1983,86,NA
"1983-08-29","Awun Lake",1983,90,40
"1983-08-30","Awun Lake",1983,2,NA
"1983-08-30","Great Central Lake",1983,183,78
"1983-08-31","Great Central Lake",1983,51,NA
"1983-08-31","Mercer Lake",1983,193,42
"1983-09-01","Ian Lake",1983,14,90
"1983-09-01","Muriel Lake",1983,9,80
"1983-09-02","Eden Lake",1983,23,40
"1983-09-03","Eden Lake",1983,19,NA
"1983-09-05","Lowe Lake",1983,120,36
"1983-09-07","Bonilla Lake",1983,186,32
"1983-09-08","Bonilla Lake",1983,37,NA
"1983-09-08","Curtis Lake",1983,187,40
"1983-09-09","Curtis Lake",1983,42,NA
"1983-09-09","Devon Lake",1983,203,70
"1983-09-11","Yakoun Lake",1983,3,NA
"1983-09-12","Yakoun Lake",1983,109,NA
"1983-09-13","Kennedy Lake (Main)",1983,940,150
"1983-09-14","Henderson Lake",1983,113,180
"1983-09-14","Kennedy Lake (Clay)",1983,325,160
"1983-09-14","Kennedy Lake (Main)",1983,240,NA
"1983-09-15","Henderson Lake",1983,1,NA
"1983-09-15","Hobiton Lake",1983,100,99
"1983-09-15","Kennedy Lake (Clay)",1983,307,NA
"1983-10-04","Kennedy Lake (Main)",1983,449,150
"1983-10-05","Kennedy Lake (Clay)",1983,207,160
"1983-10-05","Kennedy Lake (Main)",1983,48,NA
"1983-10-31","Hobiton Lake",1983,70,99
"1983-11-01","Cheewhat Lake",1983,100,30
"1983-11-01","Great Central Lake",1983,26,78
"1983-11-04","Muriel Lake",1983,67,80
"1983-11-06","Muchalat Lake",1983,78,45
"1983-11-07","Henderson Lake",1983,57,NA
"1983-11-07","Jansen Lake",1983,32,40
"1983-11-09","Woss Lake",1983,78,55
"1983-11-11","Nimpkish Lake",1983,41,NA
"1983-11-12","Nimpkish Lake",1983,36,NA
"1983-11-15","Long Lake",1983,235,NA
"1983-11-28","Sproat Lake",1983,19,121
"1983-11-29","Sproat Lake",1983,58,NA
"1984-03-06","Hobiton Lake",1983,40,99
"1984-03-07","Hobiton Lake",1983,48,99
"1984-03-15","Hobiton Lake",1983,8,NA
"1984-04-25","Hobiton Lake",1984,46,99
"1984-05-01","Kennedy Lake (Clay)",1984,195,160
"1984-05-02","Hobiton Lake",1984,160,99
"1984-05-02","Kennedy Lake (Clay)",1984,1570,NA
"1984-05-03","Kennedy Lake (Clay)",1984,908,NA
"1984-05-11","Hobiton Lake",1984,60,NA
"1984-05-29","Kennedy Lake (Clay)",1984,260,160
"1984-05-30","Kennedy Lake (Clay)",1984,548,NA
"1984-05-31","Kennedy Lake (Clay)",1984,452,NA
"1984-06-01","Hobiton Lake",1984,75,NA
"1984-06-08","Hobiton Lake",1984,103,NA
"1984-06-09","Hobiton Lake",1984,30,NA
"1984-06-12","Kennedy Lake (Clay)",1984,58,160
"1984-06-13","Hobiton Lake",1984,66,99
"1984-06-13","Kennedy Lake (Clay)",1984,772,NA
"1984-06-14","Kennedy Lake (Clay)",1984,609,NA
"1984-06-18","Hobiton Lake",1984,72,99
"1984-06-25","Kennedy Lake (Clay)",1984,160,160
"1984-06-26","Kennedy Lake (Clay)",1984,987,NA
"1984-06-27","Kennedy Lake (Clay)",1984,632,NA
"1984-06-28","Muriel Lake",1984,166,NA
"1984-07-02","Kennedy Lake (Clay)",1984,48,160
"1984-07-03","Kennedy Lake (Clay)",1984,544,NA
"1984-07-04","Kennedy Lake (Clay)",1984,637,NA
"1984-07-05","Kennedy Lake (Clay)",1984,296,NA
"1984-07-06","Hobiton Lake",1984,53,NA
"1984-07-11","Kennedy Lake (Clay)",1984,38,NA
"1984-07-12","Kennedy Lake (Clay)",1984,214,NA
"1984-07-13","Kennedy Lake (Clay)",1984,54,NA
"1984-07-14","Hobiton Lake",1984,134,99
"1984-07-16","Kennedy Lake (Clay)",1984,128,NA
"1984-07-17","Kennedy Lake (Clay)",1984,179,NA
"1984-07-18","Kennedy Lake (Clay)",1984,27,NA
"1984-07-24","Kennedy Lake (Clay)",1984,247,NA
"1984-07-25","Kennedy Lake (Clay)",1984,511,NA
"1984-07-26","Kennedy Lake (Clay)",1984,651,NA
"1984-07-26","Megin Lake",1984,16,NA
"1984-08-02","Kennedy Lake (Clay)",1984,481,NA
"1984-08-03","Kennedy Lake (Clay)",1984,443,NA
"1984-08-14","Henderson Lake",1984,44,180
"1984-08-15","Henderson Lake",1984,24,NA
"1984-08-15","Kennedy Lake (Clay)",1984,467,NA
"1984-08-16","Cheewhat Lake",1984,207,30
"1984-08-16","Kennedy Lake (Clay)",1984,182,NA
"1984-08-17","Hobiton Lake",1984,142,99
"1984-08-19","Jansen Lake",1984,11,40
"1984-08-20","Jansen Lake",1984,7,NA
"1984-08-21","Woss Lake",1984,69,55
"1984-08-22","Nimpkish Lake",1984,13,88
"1984-08-22","Woss Lake",1984,3,NA
"1984-08-23","Nimpkish Lake",1984,72,NA
"1984-08-27","Bonilla Lake",1984,287,32
"1984-08-28","Bonilla Lake",1984,465,NA
"1984-08-28","Curtis Lake",1984,208,40
"1984-08-29","Curtis Lake",1984,48,NA
"1984-08-30","Devon Lake",1984,474,NA
"1984-08-31","Devon Lake",1984,833,NA
"1984-08-31","Lowe Lake",1984,8,36
"1984-09-01","Eden Lake",1984,17,40
"1984-09-02","Eden Lake",1984,2,NA
"1984-09-04","Mathers Lake",1984,28,48
"1984-09-05","Mathers Lake",1984,39,NA
"1984-09-05","Mercer Lake",1984,152,42
"1984-09-06","Awun Lake",1984,53,40
"1984-09-06","Mercer Lake",1984,990,NA
"1984-09-07","Awun Lake",1984,30,NA
"1984-09-09","Ian Lake",1984,6,NA
"1984-09-10","Yakoun Lake",1984,246,NA
"1984-09-11","Yakoun Lake",1984,32,NA
"1984-09-14","Long Lake",1984,414,NA
"1984-09-15","Long Lake",1984,645,NA
"1984-09-27","Kennedy Lake (Clay)",1984,1694,NA
"1984-09-28","Hesquiat Lake",1984,9,NA
"1984-09-28","Kennedy Lake (Clay)",1984,50,NA
"1984-10-01","Sproat Lake",1984,61,121
"1984-10-02","Sproat Lake",1984,65,NA
"1984-10-15","Great Central Lake",1984,140,78
"1984-10-25","Muchalat Lake",1984,35,45
"1984-10-26","Megin Lake",1984,11,48
"1984-10-26","Muchalat Lake",1984,113,NA
"1984-10-27","Hesquiat Lake",1984,1,48
"1984-10-27","Megin Lake",1984,9,NA
"1984-10-28","Henderson Lake",1984,79,180
"1984-10-28","Hesquiat Lake",1984,2,NA
"1984-10-29","Hobiton Lake",1984,3,99
"1984-10-30","Hobiton Lake",1984,25,NA
"1984-11-03","Glendale Lake",1984,46,24
"1984-11-04","Heydon Lake",1984,3,48
"1984-11-05","Heydon Lake",1984,6,NA
"1984-11-06","Phillips Lake",1984,25,NA
"1984-11-07","Woss Lake",1984,51,55
"1984-11-08","Nimpkish Lake",1984,30,88
"1984-11-09","Nimpkish Lake",1984,8,NA
"1984-11-10","Long Lake",1984,129,NA
"1984-11-11","Long Lake",1984,261,NA
"1984-11-12","Long Lake",1984,135,NA
"1984-11-13","Quatse Lake",1984,73,25
"1984-11-15","Nahwitti Lake",1984,55,40
"1984-11-17","Kennedy Lake (Clay)",1984,136,160
"1984-11-18","Kennedy Lake (Clay)",1984,600,NA
"1984-11-20","Muriel Lake",1984,105,80
"1984-12-17","Hobiton Lake",1984,5,99
"1985-01-23","Kennedy Lake (Clay)",1984,103,480
"1985-01-24","Kennedy Lake (Clay)",1984,649,NA
"1985-02-17","Hobiton Lake",1984,15,99
"1985-03-14","Cheewhat Lake",1984,86,30
"1985-04-02","Kennedy Lake (Clay)",1985,59,160
"1985-04-03","Kennedy Lake (Clay)",1985,45,160
"1985-04-04","Kennedy Lake (Clay)",1985,23,NA
"1985-05-31","Hobiton Lake",1985,12,NA
"1985-06-01","Kennedy Lake (Clay)",1985,34,160
"1985-06-02","Kennedy Lake (Clay)",1985,104,NA
"1985-06-03","Kennedy Lake (Clay)",1985,61,NA
"1985-06-03","Kennedy Lake (Main)",1985,4,150
"1985-06-04","Kennedy Lake (Main)",1985,27,NA
"1985-06-12","Hobiton Lake",1985,81,NA
"1985-06-25","Hobiton Lake",1985,96,NA
"1985-06-26","Hobiton Lake",1985,53,NA
"1985-06-27","Muriel Lake",1985,24,NA
"1985-06-28","Muriel Lake",1985,21,NA
"1985-06-29","Kennedy Lake (Clay)",1985,228,160
"1985-06-30","Kennedy Lake (Clay)",1985,222,160
"1985-07-04","Hobiton Lake",1985,56,NA
"1985-07-10","Hobiton Lake",1985,184,NA
"1985-07-11","Kennedy Lake (Clay)",1985,218,160
"1985-07-12","Kennedy Lake (Clay)",1985,650,160
"1985-07-31","Hobiton Lake",1985,75,99
"1985-08-14","Kennedy Lake (Clay)",1985,3,160
"1985-08-15","Kennedy Lake (Clay)",1985,226,160
"1985-08-16","Kennedy Lake (Clay)",1985,83,160
"1985-08-17","Henderson Lake",1985,16,180
"1985-08-18","Henderson Lake",1985,563,180
"1985-08-19","Hobiton Lake",1985,89,99
"1985-08-21","Cheewhat Lake",1985,161,NA
"1985-08-23","Muchalat Lake",1985,72,NA
"1985-08-24","Power Lake",1985,47,NA
"1985-08-25","Jansen Lake",1985,14,NA
"1985-08-26","Megin Lake",1985,57,NA
"1985-08-26","Nimpkish Lake",1985,19,88
"1985-08-27","Nahwitti Lake",1985,15,40
"1985-08-27","Nimpkish Lake",1985,64,NA
"1985-08-28","Nahwitti Lake",1985,10,NA
"1985-08-30","Awun Lake",1985,56,NA
"1985-08-30","Eden Lake",1985,20,40
"1985-08-31","Eden Lake",1985,57,NA
"1985-09-01","Ian Lake",1985,4,NA
"1985-09-02","Yakoun Lake",1985,485,NA
"1985-09-03","Mathers Lake",1985,28,48
"1985-09-04","Mathers Lake",1985,26,NA
"1985-09-06","Skidegate Lake",1985,377,NA
"1985-09-07","Lowe Lake",1985,27,36
"1985-09-08","Devon Lake",1985,252,70
"1985-09-08","Lowe Lake",1985,30,NA
"1985-09-09","Devon Lake",1985,831,NA
"1985-09-12","Long Lake",1985,154,NA
"1985-09-13","Long Lake",1985,104,NA
"1985-09-14","Quatse Lake",1985,19,25
"1985-09-15","Quatse Lake",1985,54,NA
"1985-09-16","Heydon Lake",1985,7,NA
"1985-09-16","Muriel Lake",1985,1,80
"1985-09-17","Kennedy Lake (Clay)",1985,1,160
"1985-09-17","Muriel Lake",1985,229,NA
"1985-09-18","Kennedy Lake (Clay)",1985,109,160
"1985-09-20","Hobiton Lake",1985,8,99
"1985-09-26","Sproat Lake",1985,4,121
"1985-10-15","Phillips Lake",1985,13,72
"1985-10-16","Glendale Lake",1985,20,24
"1985-10-26","Tahltan Lake",1985,37,NA
"1985-10-30","Kennedy Lake (Clay)",1985,66,160
"1985-10-31","Kennedy Lake (Clay)",1985,223,160
"1985-11-07","Muriel Lake",1985,77,NA
"1985-11-08","Jansen Lake",1985,11,40
"1985-11-09","Jansen Lake",1985,2,NA
"1985-11-09","Woss Lake",1985,88,55
"1985-11-10","Nimpkish Lake",1985,26,88
"1985-11-11","Nimpkish Lake",1985,9,88
"1985-11-28","Hobiton Lake",1985,1,99
"1985-12-10","Great Central Lake",1985,6,78
"1985-12-11","Kennedy Lake (Main)",1985,312,150
"1985-12-12","Kennedy Lake (Main)",1985,64,150
"1986-01-20","Kennedy Lake (Clay)",1985,69,160
"1986-01-20","Muriel Lake",1985,3,NA
"1986-01-21","Kennedy Lake (Clay)",1985,206,160
"1986-01-22","Muriel Lake",1985,46,80
"1986-01-24","Hobiton Lake",1985,10,99
"1986-02-11","Long Lake",1985,78,NA
"1986-02-12","Jansen Lake",1985,24,40
"1986-02-12","Long Lake",1985,191,NA
"1986-02-13","Quatse Lake",1985,47,NA
"1986-03-19","Cheewhat Lake",1985,2,30
"1986-03-20","Cheewhat Lake",1985,145,NA
"1986-04-16","Brannen Lake",1986,394,30
"1986-05-02","Phillips Lake",1986,90,NA
"1986-05-06","Power Lake",1986,19,NA
"1986-05-11","Phillips Lake",1986,110,NA
"1986-05-14","Power Lake",1986,11,NA
"1986-06-06","Hobiton Lake",1986,9,NA
"1986-06-26","Kennedy Lake (Clay)",1986,22,NA
"1986-06-26","Kennedy Lake (Main)",1986,3,150
"1986-06-27","Kennedy Lake (Main)",1986,15,NA
"1986-07-25","Vernon Lake",1986,1,36
"1986-07-26","Muriel Lake",1986,35,NA
"1986-07-26","Vernon Lake",1986,72,NA
"1986-07-26","Woss Lake",1986,176,55
"1986-07-27","Nimpkish Lake",1986,15,88
"1986-07-27","Woss Lake",1986,25,55
"1986-07-28","Nimpkish Lake",1986,101,88
"1986-07-29","Nimpkish Lake",1986,10,NA
"1986-07-30","Long Lake",1986,179,NA
"1986-07-31","Long Lake",1986,204,NA
"1986-08-01","Long Lake",1986,25,NA
"1986-08-02","Quatse Lake",1986,32,NA
"1986-08-03","Cheewhat Lake",1986,199,NA
"1986-08-13","Yakoun Lake",1986,139,120
"1986-08-14","Mercer Lake",1986,3,42
"1986-08-14","Yakoun Lake",1986,7,NA
"1986-08-15","Mercer Lake",1986,260,NA
"1986-08-16","Skidegate Lake",1986,84,NA
"1986-08-22","Muriel Lake",1986,20,NA
"1986-08-22","Phillips Lake",1986,175,72
"1986-08-26","Kennedy Lake (Clay)",1986,51,160
"1986-08-27","Kennedy Lake (Clay)",1986,61,NA
"1986-08-27","Sproat Lake",1986,10,121
"1986-08-28","Sproat Lake",1986,24,121
"1986-08-29","Sproat Lake",1986,85,NA
"1986-08-30","Henderson Lake",1986,1,180
"1986-08-31","Henderson Lake",1986,16,NA
"1986-08-31","Hobiton Lake",1986,12,99
"1986-09-01","Hobiton Lake",1986,154,NA
"1986-09-06","Ian Lake",1986,1,90
"1986-09-07","Devon Lake",1986,224,70
"1986-09-07","Eden Lake",1986,38,40
"1986-09-08","Devon Lake",1986,503,70
"1986-09-12","Heydon Lake",1986,17,NA
"1986-09-16","Hobiton Lake",1986,17,NA
"1986-09-16","Kennedy Lake (Clay)",1986,9,160
"1986-09-17","Kennedy Lake (Clay)",1986,14,160
"1986-09-18","Kennedy Lake (Clay)",1986,6,NA
"1986-09-18","Kennedy Lake (Main)",1986,14,150
"1986-09-19","Kennedy Lake (Main)",1986,9,150
"1986-09-23","Henderson Lake",1986,8,NA
"1986-09-24","Henderson Lake",1986,55,180
"1986-09-25","Nahmint Lake",1986,7,45
"1986-09-27","Cheewhat Lake",1986,132,30
"1986-09-27","Hobiton Lake",1986,16,99
"1986-09-28","Cheewhat Lake",1986,126,NA
"1986-10-02","Great Central Lake",1986,15,78
"1986-10-03","Great Central Lake",1986,3,78
"1986-10-09","Kennedy Lake (Clay)",1986,13,160
"1986-10-09","Kennedy Lake (Main)",1986,204,150
"1986-10-10","Kennedy Lake (Clay)",1986,126,NA
"1986-10-11","Kennedy Lake (Clay)",1986,2,NA
"1986-10-27","Muriel Lake",1986,4,80
"1986-10-28","Muriel Lake",1986,26,NA
"1986-10-30","Sproat Lake",1986,86,121
"1986-10-31","Sproat Lake",1986,17,NA
"1986-11-06","Muchalat Lake",1986,25,45
"1986-11-07","Quatse Lake",1986,81,25
"1986-11-08","Long Lake",1986,315,NA
"1986-11-09","Long Lake",1986,366,NA
"1986-11-19","Kennedy Lake (Clay)",1986,1,160
"1986-11-20","Kennedy Lake (Clay)",1986,66,160
"1986-11-20","Kennedy Lake (Main)",1986,99,150
"1986-11-21","Kennedy Lake (Main)",1986,16,150
"1986-12-02","Henderson Lake",1986,127,180
"1986-12-15","Hobiton Lake",1986,8,99
"1986-12-16","Cheewhat Lake",1986,260,30
"1986-12-16","Hobiton Lake",1986,22,NA
"1987-02-23","Sproat Lake",1986,4,121
"1987-02-24","Sproat Lake",1986,7,NA
"1987-02-25","Kennedy Lake (Main)",1986,555,NA
"1987-02-26","Kennedy Lake (Clay)",1986,40,160
"1987-02-26","Kennedy Lake (Main)",1986,1,150
"1987-03-11","Muriel Lake",1986,14,NA
"1987-03-12","Muriel Lake",1986,17,NA
"1987-03-28","Muriel Lake",1986,10,NA
"1987-03-31","Muriel Lake",1986,9,NA
"1987-04-21","Cheewhat Lake",1987,3,30
"1987-04-21","Hobiton Lake",1987,103,NA
"1987-04-21","Sproat Lake",1987,1,NA
"1987-04-22","Kennedy Lake (Clay)",1987,73,160
"1987-04-23","Kennedy Lake (Clay)",1987,253,NA
"1987-04-23","Kennedy Lake (Main)",1987,364,150
"1987-04-24","Kennedy Lake (Main)",1987,36,150
"1987-04-24","Muriel Lake",1987,7,80
"1987-04-25","Muriel Lake",1987,16,NA
"1987-04-28","Cheewhat Lake",1987,20,NA
"1987-04-28","Kennedy Lake (Clay)",1987,57,NA
"1987-05-13","Hobiton Lake",1987,19,NA
"1987-06-11","Cheewhat Lake",1987,4,30
"1987-06-11","Hobiton Lake",1987,12,NA
"1987-06-12","Cheewhat Lake",1987,10,NA
"1987-06-18","Hobiton Lake",1987,5,99
"1987-06-19","Hobiton Lake",1987,80,NA
"1987-06-19","Kennedy Lake (Clay)",1987,166,160
"1987-06-20","Kennedy Lake (Clay)",1987,46,NA
"1987-06-27","Muriel Lake",1987,5,80
"1987-06-28","Muriel Lake",1987,9,NA
"1987-06-29","Hobiton Lake",1987,10,99
"1987-06-30","Hobiton Lake",1987,1,NA
"1987-07-09","Henderson Lake",1987,5,NA
"1987-07-10","Henderson Lake",1987,55,180
"1987-07-10","Nahmint Lake",1987,32,45
"1987-07-11","Hobiton Lake",1987,11,99
"1987-07-11","Nahmint Lake",1987,26,NA
"1987-07-13","Muchalat Lake",1987,240,45
"1987-07-15","Vernon Lake",1987,22,NA
"1987-07-16","Woss Lake",1987,66,NA
"1987-07-18","Long Lake",1987,332,NA
"1987-07-19","Long Lake",1987,162,NA
"1987-07-19","Nimpkish Lake",1987,2,NA
"1987-07-20","Nimpkish Lake",1987,30,NA
"1987-07-20","Quatse Lake",1987,1,25
"1987-07-21","Nahwitti Lake",1987,179,40
"1987-07-21","Quatse Lake",1987,17,NA
"1987-07-22","Nahwitti Lake",1987,83,NA
"1987-07-23","Hobiton Lake",1987,2,99
"1987-07-24","Hobiton Lake",1987,8,NA
"1987-07-30","Devon Lake",1987,429,70
"1987-07-31","Devon Lake",1987,302,NA
"1987-08-01","Yakoun Lake",1987,355,NA
"1987-08-02","Yakoun Lake",1987,387,NA
"1987-08-03","Skidegate Lake",1987,15,NA
"1987-08-06","Owikeno Lake",1987,640,NA
"1987-08-07","Owikeno Lake",1987,936,NA
"1987-08-08","Owikeno Lake",1987,112,NA
"1987-08-09","Phillips Lake",1987,9,72
"1987-08-10","Nimpkish Lake",1987,12,88
"1987-08-10","Phillips Lake",1987,56,NA
"1987-08-11","Nimpkish Lake",1987,33,NA
"1987-08-12","Nimpkish Lake",1987,4,NA
"1987-08-13","Hobiton Lake",1987,1,99
"1987-08-14","Hobiton Lake",1987,7,NA
"1987-08-15","Cheewhat Lake",1987,247,30
"1987-08-15","Hobiton Lake",1987,23,NA
"1987-08-16","Cheewhat Lake",1987,80,NA
"1987-08-16","Kennedy Lake (Clay)",1987,136,160
"1987-08-17","Kennedy Lake (Clay)",1987,158,NA
"1987-08-17","Muriel Lake",1987,6,80
"1987-08-18","Muriel Lake",1987,16,NA
"1987-09-01","Sproat Lake",1987,16,121
"1987-09-02","Sproat Lake",1987,54,NA
"1987-09-03","Sproat Lake",1987,3,NA
"1987-09-08","Heydon Lake",1987,14,NA
"1987-09-08","Long Lake",1987,174,NA
"1987-09-09","Long Lake",1987,645,NA
"1987-09-10","Long Lake",1987,34,NA
"1987-09-11","Nimpkish Lake",1987,241,NA
"1987-09-12","Nimpkish Lake",1987,83,88
"1987-09-13","Nimpkish Lake",1987,7,NA
"1987-09-15","Henderson Lake",1987,17,NA
"1987-09-16","Henderson Lake",1987,258,180
"1987-09-17","Henderson Lake",1987,131,NA
"1987-09-18","Nahmint Lake",1987,4,45
"1987-09-23","Great Central Lake",1987,26,78
"1987-09-24","Great Central Lake",1987,4,NA
"1987-09-26","Hobiton Lake",1987,6,NA
"1987-09-26","Nahmint Lake",1987,9,45
"1987-09-27","Hobiton Lake",1987,4,NA
"1987-10-18","Cheewhat Lake",1987,61,30
"1987-10-18","Hobiton Lake",1987,1,NA
"1987-10-20","Muriel Lake",1987,31,80
"1987-10-21","Muriel Lake",1987,1,NA
"1987-10-22","Schoen Lake",1987,3,36
"1987-10-23","Schoen Lake",1987,1,NA
"1987-10-26","Skidegate Lake",1987,13,NA
"1987-10-28","Skidegate Lake",1987,27,NA
"1987-10-29","Skidegate Lake",1987,1,NA
"1987-11-07","Hobiton Lake",1987,1,NA
"1987-11-11","Muriel Lake",1987,14,80
"1987-11-12","Muriel Lake",1987,37,NA
"1987-11-13","Kennedy Lake (Clay)",1987,43,NA
"1987-11-13","Muriel Lake",1987,19,NA
"1987-11-14","Kennedy Lake (Clay)",1987,4,160
"1987-11-14","Kennedy Lake (Main)",1987,110,150
"1987-11-15","Kennedy Lake (Main)",1987,6,NA
"1987-11-25","Hobiton Lake",1987,26,99
"1987-11-26","Cheewhat Lake",1987,244,30
"1987-11-26","Hobiton Lake",1987,9,NA
"1987-11-29","Megin Lake",1987,29,NA
"1987-12-08","Sproat Lake",1987,43,121
"1988-01-26","Great Central Lake",1987,11,78
"1988-01-27","Great Central Lake",1987,9,NA
"1988-01-27","Sproat Lake",1987,27,121
"1988-01-28","Sproat Lake",1987,25,NA
"1988-02-26","Hobiton Lake",1987,2,99
"1988-02-27","Hobiton Lake",1987,7,NA
"1988-02-28","Cheewhat Lake",1987,71,30
"1988-02-29","Henderson Lake",1987,54,180
"1988-03-01","Henderson Lake",1987,425,NA
"1988-03-03","Muriel Lake",1987,16,80
"1988-03-04","Muriel Lake",1987,25,NA
"1988-03-06","Kennedy Lake (Clay)",1987,16,160
"1988-03-07","Kennedy Lake (Clay)",1987,2,NA
"1988-03-07","Kennedy Lake (Main)",1987,69,150
"1988-05-19","Cheewhat Lake",1988,213,30
"1988-05-20","Cheewhat Lake",1988,24,NA
"1988-05-28","Muriel Lake",1988,10,NA
"1988-05-29","Muriel Lake",1988,58,80
"1988-05-31","Kennedy Lake (Clay)",1988,33,160
"1988-06-01","Kennedy Lake (Clay)",1988,226,NA
"1988-06-02","Hobiton Lake",1988,92,NA
"1988-06-14","Hobiton Lake",1988,24,99
"1988-06-15","Hobiton Lake",1988,102,NA
"1988-06-29","Hobiton Lake",1988,26,99
"1988-06-30","Hobiton Lake",1988,55,NA
"1988-07-01","Hobiton Lake",1988,41,NA
"1988-07-06","Maggie Lake",1988,1,48
"1988-07-07","Henderson Lake",1988,47,180
"1988-07-08","Henderson Lake",1988,68,NA
"1988-07-08","Nahmint Lake",1988,7,45
"1988-07-09","Hobiton Lake",1988,209,99
"1988-07-09","Nahmint Lake",1988,17,NA
"1988-07-10","Hobiton Lake",1988,197,NA
"1988-07-11","Muchalat Lake",1988,227,NA
"1988-07-12","Muchalat Lake",1988,10,NA
"1988-07-13","Vernon Lake",1988,156,NA
"1988-07-13","Woss Lake",1988,55,55
"1988-07-14","Woss Lake",1988,199,NA
"1988-07-15","Nimpkish Lake",1988,101,NA
"1988-07-16","Nimpkish Lake",1988,25,NA
"1988-07-17","Muriel Lake",1988,29,80
"1988-07-18","Muriel Lake",1988,48,NA
"1988-07-20","Kennedy Lake (Clay)",1988,135,160
"1988-07-21","Cheewhat Lake",1988,29,30
"1988-07-21","Kennedy Lake (Clay)",1988,45,NA
"1988-07-22","Cheewhat Lake",1988,241,NA
"1988-07-22","Hobiton Lake",1988,82,99
"1988-07-23","Hobiton Lake",1988,127,NA
"1988-07-31","Devon Lake",1988,712,NA
"1988-08-03","Skidegate Lake",1988,39,NA
"1988-08-04","Yakoun Lake",1988,153,NA
"1988-08-05","Yakoun Lake",1988,93,NA
"1988-08-09","Nahwitti Lake",1988,150,NA
"1988-08-18","Hobiton Lake",1988,87,99
"1988-08-18","Maggie Lake",1988,21,NA
"1988-08-19","Cheewhat Lake",1988,94,30
"1988-08-19","Hobiton Lake",1988,131,NA
"1988-08-20","Cheewhat Lake",1988,6,NA
"1988-08-20","Uchuck Lake",1988,10,NA
"1988-08-21","Uchuck Lake",1988,15,NA
"1988-08-29","Ingram Lake",1988,3,54
"1988-08-30","Ingram Lake",1988,13,NA
"1988-08-31","Ellerslie Lake",1988,6,126
"1988-08-31","Klukshu Lake",1988,90,NA
"1988-09-01","Ellerslie Lake",1988,14,NA
"1988-09-02","Ellerslie Lake",1988,7,NA
"1988-09-02","Link Lake",1988,1,90
"1988-09-03","Link Lake",1988,8,NA
"1988-09-04","Link Lake",1988,4,NA
"1988-09-05","Bear Lake",1988,12,NA
"1988-09-05","Deer Lake",1988,3,NA
"1988-09-06","Bear Lake",1988,5,NA
"1988-09-06","Cougar Lake",1988,3,NA
"1988-09-07","Cougar Lake",1988,6,NA
"1988-09-10","Owikeno Lake",1988,706,NA
"1988-09-11","Owikeno Lake",1988,487,NA
"1988-09-12","Owikeno Lake",1988,304,NA
"1988-09-14","Long Lake",1988,271,NA
"1988-09-15","Long Lake",1988,286,NA
"1988-09-16","Long Lake",1988,71,NA
"1988-09-17","Quatse Lake",1988,21,25
"1988-09-18","Quatse Lake",1988,121,NA
"1988-09-19","Schoen Lake",1988,18,36
"1988-09-20","Schoen Lake",1988,24,NA
"1988-09-22","Henderson Lake",1988,25,180
"1988-09-23","Henderson Lake",1988,4,NA
"1988-09-23","Nahmint Lake",1988,4,NA
"1988-09-24","Nahmint Lake",1988,1,NA
"1988-10-13","Great Central Lake",1988,151,78
"1988-10-18","Kennedy Lake (Clay)",1988,18,160
"1988-10-19","Kennedy Lake (Clay)",1988,22,NA
"1988-10-20","Kennedy Lake (Clay)",1988,12,NA
"1988-10-27","Muriel Lake",1988,60,NA
"1988-10-28","Muriel Lake",1988,63,NA
"1989-02-22","Muriel Lake",1988,74,80
"1989-02-23","Muriel Lake",1988,110,NA
"1989-02-26","Kennedy Lake (Clay)",1988,211,160
"1989-02-27","Kennedy Lake (Clay)",1988,14,NA
"1989-03-06","Hobiton Lake",1988,10,99
"1989-03-07","Cheewhat Lake",1988,132,30
"1989-03-07","Hobiton Lake",1988,98,NA
"1989-03-21","Long Lake",1988,261,NA
"1989-03-22","Long Lake",1988,186,NA
"1989-03-23","Long Lake",1988,249,NA
"1989-03-24","Long Lake",1988,16,NA
"1989-04-24","Woss Lake",1989,273,55
"1989-04-25","Woss Lake",1989,574,NA
"1989-05-07","Skidegate Lake",1989,120,NA
"1989-05-08","Skidegate Lake",1989,118,NA
"1989-05-12","Cheewhat Lake",1989,89,NA
"1989-05-12","Yakoun Lake",1989,931,NA
"1989-05-13","Skidegate Lake",1989,8,NA
"1989-05-13","Tahltan Lake",1989,50,NA
"1989-05-13","Yakoun Lake",1989,291,NA
"1989-05-14","Skidegate Lake",1989,144,NA
"1989-05-15","Tahltan Lake",1989,53,NA
"1989-05-17","Nimpkish Lake",1989,11,NA
"1989-05-21","Henderson Lake",1989,3,NA
"1989-05-22","Tahltan Lake",1989,51,NA
"1989-05-29","Tahltan Lake",1989,55,NA
"1989-05-30","Hobiton Lake",1989,65,NA
"1989-05-31","Cheewhat Lake",1989,212,NA
"1989-06-01","Kennedy Lake (Main)",1989,154,150
"1989-06-01","Muriel Lake",1989,117,NA
"1989-06-02","Kennedy Lake (Main)",1989,564,NA
"1989-06-03","Kennedy Lake (Clay)",1989,263,160
"1989-06-03","Kennedy Lake (Main)",1989,620,NA
"1989-06-04","Kennedy Lake (Clay)",1989,326,NA
"1989-06-05","Tahltan Lake",1989,50,NA
"1989-06-12","Tahltan Lake",1989,50,NA
"1989-06-19","Tahltan Lake",1989,50,NA
"1989-06-22","Henderson Lake",1989,315,NA
"1989-06-23","Hobiton Lake",1989,51,99
"1989-06-25","Long Lake",1989,920,NA
"1989-06-26","Long Lake",1989,478,NA
"1989-06-26","Tahltan Lake",1989,51,NA
"1989-06-27","Long Lake",1989,423,NA
"1989-06-28","Sproat Lake",1989,11,121
"1989-06-29","Great Central Lake",1989,50,78
"1989-06-29","Sproat Lake",1989,84,NA
"1989-06-30","Great Central Lake",1989,67,NA
"1989-06-30","Hobiton Lake",1989,68,99
"1989-07-01","Hobiton Lake",1989,5,NA
"1989-07-02","Cheewhat Lake",1989,69,NA
"1989-07-11","Hobiton Lake",1989,274,NA
"1989-07-21","Hobiton Lake",1989,155,NA
"1989-07-29","Cheewhat Lake",1989,76,NA
"1989-08-06","Woss Lake",1989,69,NA
"1989-08-07","Woss Lake",1989,211,55
"1989-09-01","Hobiton Lake",1989,136,NA
"1989-09-16","Long Lake",1989,276,NA
"1989-09-17","Long Lake",1989,99,NA
"1989-09-19","Hobiton Lake",1989,20,198
"1989-09-20","Cheewhat Lake",1989,69,30
"1989-09-20","Hobiton Lake",1989,42,NA
"1989-09-21","Cheewhat Lake",1989,134,30
"1989-09-26","Muriel Lake",1989,33,80
"1989-09-27","Kennedy Lake (Main)",1989,209,150
"1989-09-27","Muriel Lake",1989,33,80
"1989-09-28","Kennedy Lake (Main)",1989,284,NA
"1989-09-29","Kennedy Lake (Clay)",1989,88,160
"1989-09-29","Kennedy Lake (Main)",1989,374,NA
"1989-09-30","Kennedy Lake (Clay)",1989,194,160
"1989-10-01","Henderson Lake",1989,81,180
"1989-10-02","Henderson Lake",1989,124,NA
"1989-10-18","Sproat Lake",1989,138,121
"1989-10-19","Sproat Lake",1989,66,121
"1989-10-20","Sproat Lake",1989,4,NA
"1989-10-23","Great Central Lake",1989,194,78
"1989-10-24","Great Central Lake",1989,47,NA
"1989-10-26","Cheewhat Lake",1989,70,30
"1989-10-27","Cheewhat Lake",1989,187,NA
"1990-02-15","Kennedy Lake (Main)",1989,102,150
"1990-02-16","Kennedy Lake (Main)",1989,242,NA
"1990-02-17","Kennedy Lake (Clay)",1989,99,160
"1990-02-18","Kennedy Lake (Clay)",1989,16,NA
"1990-02-18","Muriel Lake",1989,11,NA
"1990-02-19","Muriel Lake",1989,14,80
"1990-02-21","Cheewhat Lake",1989,216,30
"1990-02-22","Cheewhat Lake",1989,16,NA
"1990-02-22","Hobiton Lake",1989,33,99
"1990-02-23","Henderson Lake",1989,21,180
"1990-02-23","Hobiton Lake",1989,20,NA
"1990-02-24","Henderson Lake",1989,74,NA
"1990-03-01","Long Lake",1989,451,NA
"1990-03-02","Long Lake",1989,405,NA
"1990-03-03","Long Lake",1989,31,NA
"1990-03-05","Owikeno Lake",1989,142,NA
"1990-03-06","Owikeno Lake",1989,100,NA
"1990-03-07","Owikeno Lake",1989,193,NA
"1990-03-08","Owikeno Lake",1989,36,NA
"1990-03-14","Sproat Lake",1989,4,121
"1990-03-14","Sproat Lake (Two R)",1989,24,NA
"1990-03-15","Great Central Lake",1989,92,78
"1990-03-15","Sproat Lake (Two R)",1989,15,NA
"1990-03-16","Great Central Lake",1989,13,NA
"1990-05-26","Muriel Lake",1990,24,NA
"1990-05-28","Kennedy Lake (Clay)",1990,34,NA
"1990-05-29","Kennedy Lake (Clay)",1990,21,NA
"1990-05-29","Kennedy Lake (Main)",1990,101,150
"1990-05-30","Kennedy Lake (Main)",1990,82,NA
"1990-05-31","Kennedy Lake (Clay)",1990,9,NA
"1990-05-31","Kennedy Lake (Main)",1990,102,NA
"1990-06-01","Kennedy Lake (Clay)",1990,174,NA
"1990-06-01","Kennedy Lake (Main)",1990,243,NA
"1990-06-02","Hobiton Lake",1990,2,NA
"1990-06-03","Cheewhat Lake",1990,31,NA
"1990-06-11","Sproat Lake",1990,1,121
"1990-06-12","Sproat Lake",1990,130,121
"1990-06-13","Great Central Lake",1990,18,78
"1990-06-13","Sproat Lake",1990,53,121
"1990-06-14","Great Central Lake",1990,132,78
"1990-06-19","Hobiton Lake",1990,110,NA
"1990-06-20","Cheewhat Lake",1990,122,NA
"1990-06-20","Henderson Lake",1990,13,180
"1990-06-21","Henderson Lake",1990,69,NA
"1990-06-22","Long Lake (B)",1990,217,NA
"1990-06-23","Long Lake (A)",1990,253,NA
"1990-06-23","Long Lake (B)",1990,6,NA
"1990-06-24","Long Lake (A)",1990,16,NA
"1990-06-25","Cheewhat Lake",1990,76,30
"1990-06-26","Hobiton Lake",1990,15,NA
"1990-07-19","Kennedy Lake (Main)",1990,52,150
"1990-07-20","Kennedy Lake (Main)",1990,32,NA
"1990-07-21","Muriel Lake",1990,5,NA
"1990-07-22","Hobiton Lake",1990,87,99
"1990-07-22","Muriel Lake",1990,5,NA
"1990-07-23","Cheewhat Lake",1990,189,30
"1990-08-06","Hobiton Lake",1990,108,99
"1990-08-07","Cheewhat Lake",1990,113,30
"1990-08-09","Owikeno Lake",1990,342,NA
"1990-08-10","Owikeno Lake",1990,930,NA
"1990-08-11","Owikeno Lake",1990,487,NA
"1990-08-12","Owikeno Lake",1990,1865,NA
"1990-08-18","Yakoun Lake",1990,18,NA
"1990-08-19","Yakoun Lake",1990,122,NA
"1990-08-20","Skidegate Lake",1990,770,NA
"1990-08-21","Skidegate Lake",1990,34,NA
"1990-08-23","Woss Lake",1990,74,55
"1990-08-24","Nimpkish Lake",1990,8,88
"1990-08-24","Woss Lake",1990,132,NA
"1990-08-25","Nimpkish Lake",1990,127,NA
"1990-08-26","Nimpkish Lake",1990,96,NA
"1990-09-06","Brannen Lake",1990,4,NA
"1990-09-07","Kennedy Lake (Main)",1990,81,150
"1990-09-08","Kennedy Lake (Main)",1990,175,NA
"1990-09-09","Kennedy Lake (Clay)",1990,162,160
"1990-09-09","Kennedy Lake (Main)",1990,150,NA
"1990-09-10","Kennedy Lake (Clay)",1990,314,NA
"1990-09-10","Muriel Lake",1990,18,80
"1990-09-11","Muriel Lake",1990,4,NA
"1990-09-12","Long Lake (A)",1990,126,90
"1990-09-13","Long Lake (A)",1990,403,NA
"1990-09-13","Long Lake (B)",1990,520,70
"1990-09-14","Long Lake (A)",1990,4,NA
"1990-09-14","Long Lake (B)",1990,303,NA
"1990-09-18","Vernon Lake",1990,10,NA
"1990-09-19","Vernon Lake",1990,103,36
"1990-09-20","Hobiton Lake",1990,47,NA
"1990-10-02","Cheewhat Lake",1990,93,30
"1990-10-03","Cheewhat Lake",1990,50,30
"1990-10-04","Hobiton Lake",1990,43,99
"1990-10-05","Henderson Lake",1990,35,180
"1990-10-05","Hobiton Lake",1990,56,NA
"1990-10-06","Henderson Lake",1990,51,NA
"1990-10-15","Sproat Lake",1990,21,121
"1990-10-16","Sproat Lake",1990,8,121
"1990-10-17","Great Central Lake",1990,174,NA
"1990-10-17","Sproat Lake",1990,23,121
"1991-02-15","Kennedy Lake (Main)",1990,26,150
"1991-02-16","Kennedy Lake (Main)",1990,45,NA
"1991-02-17","Kennedy Lake (Clay)",1990,16,160
"1991-02-17","Kennedy Lake (Main)",1990,43,NA
"1991-02-18","Kennedy Lake (Clay)",1990,6,NA
"1991-02-19","Muriel Lake",1990,4,NA
"1991-02-20","Hobiton Lake",1990,16,NA
"1991-02-21","Hobiton Lake",1990,11,NA
"1991-03-05","Great Central Lake",1990,4,NA
"1991-03-06","Cheewhat Lake",1990,203,30
"1991-03-07","Cheewhat Lake",1990,11,NA
"1991-03-10","Long Lake",1990,98,NA
"1991-03-10","Long Lake (A)",1990,98,NA
"1991-03-11","Long Lake",1990,363,NA
"1991-03-11","Long Lake (A)",1990,125,90
"1991-03-11","Long Lake (B)",1990,355,70
"1991-03-12","Long Lake",1990,248,NA
"1991-03-12","Long Lake (B)",1990,248,NA
"1991-03-12","Owikeno Lake",1990,198,NA
"1991-03-13","Owikeno Lake",1990,92,NA
"1991-03-14","Owikeno Lake",1990,370,NA
"1991-03-15","Owikeno Lake",1990,79,NA
"1991-05-24","Hobiton Lake",1991,106,NA
"1991-06-20","Trapper Lake",1991,233,NA
"1991-06-26","Henderson Lake",1991,3,NA
"1991-06-27","Hobiton Lake",1991,74,NA
"1991-06-29","Long Lake",1991,236,NA
"1991-06-30","Long Lake",1991,453,NA
"1991-07-02","Owikeno Lake",1991,292,NA
"1991-07-03","Owikeno Lake",1991,1432,NA
"1991-07-15","Tatsamenie Lake",1991,3,NA
"1991-07-16","Tatsamenie Lake",1991,1,NA
"1991-07-17","Great Central Lake",1991,28,NA
"1991-07-17","Trapper Lake",1991,242,NA
"1991-07-18","Great Central Lake",1991,232,78
"1991-07-18","Trapper Lake",1991,115,NA
"1991-07-19","Great Central Lake",1991,178,NA
"1991-07-19","Sproat Lake",1991,1,121
"1991-07-20","Sproat Lake",1991,112,NA
"1991-07-21","Sproat Lake",1991,66,NA
"1991-07-22","Hobiton Lake",1991,50,99
"1991-07-23","Cheewhat Lake",1991,206,NA
"1991-08-14","Trapper Lake",1991,181,NA
"1991-08-16","Hobiton Lake",1991,25,NA
"1991-08-16","Tatsamenie Lake",1991,16,NA
"1991-08-23","Link Lake",1991,3,NA
"1991-08-24","Ellerslie Lake",1991,4,126
"1991-08-30","Meziadin Lake",1991,10,NA
"1991-08-31","Meziadin Lake",1991,80,54
"1991-09-01","Bowser Lake",1991,4,NA
"1991-09-02","Bowser Lake",1991,13,NA
"1991-09-06","Damdochax Lake",1991,79,20
"1991-09-07","Damdochax Lake",1991,21,NA
"1991-09-08","Fred Wright Lake",1991,53,32
"1991-09-09","Fred Wright Lake",1991,19,NA
"1991-09-10","Tahltan Lake",1991,30,98
"1991-09-11","Tahltan Lake",1991,133,NA
"1991-09-12","Tahltan Lake",1991,2,NA
"1991-09-14","Tatsamenie Lake",1991,44,NA
"1991-09-15","Tatsamenie Lake",1991,5,NA
"1991-09-17","Trapper Lake",1991,31,45
"1991-10-08","Henderson Lake",1991,9,180
"1991-10-09","Henderson Lake",1991,32,NA
"1991-10-10","Hobiton Lake",1991,32,99
"1991-10-11","Cheewhat Lake",1991,114,30
"1991-10-22","Kennedy Lake (Clay)",1991,26,160
"1991-10-23","Ian Lake",1991,7,90
"1991-10-23","Kennedy Lake (Clay)",1991,27,NA
"1991-10-24","Kennedy Lake (Main)",1991,424,NA
"1991-10-26","Yakoun Lake",1991,21,NA
"1991-10-29","Skidegate Lake",1991,75,NA
"1991-10-30","Great Central Lake",1991,18,78
"1991-10-31","Great Central Lake",1991,9,NA
"1991-11-04","Owikeno Lake",1991,131,NA
"1991-11-05","Owikeno Lake",1991,386,NA
"1992-02-12","Henderson Lake",1991,11,180
"1992-02-18","Hobiton Lake",1991,17,99
"1992-02-19","Cheewhat Lake",1991,62,30
"1992-02-19","Hobiton Lake",1991,9,NA
"1992-02-24","Sproat Lake",1991,18,121
"1992-02-25","Great Central Lake",1991,22,78
"1992-02-25","Sproat Lake",1991,72,NA
"1992-02-26","Great Central Lake",1991,11,NA
"1992-03-04","Long Lake",1991,167,NA
"1992-03-05","Long Lake",1991,169,NA
"1992-03-07","Owikeno Lake",1991,649,NA
"1992-03-08","Owikeno Lake",1991,74,NA
"1992-03-09","Owikeno Lake",1991,349,NA
"1992-03-11","Nimpkish Lake",1991,78,88
"1992-03-12","Nimpkish Lake",1991,52,NA
"1992-03-13","Woss Lake",1991,30,55
"1992-03-14","Vernon Lake",1991,4,36
"1992-07-14","Long Lake",1992,704,NA
"1992-07-15","Long Lake",1992,201,NA
"1992-07-16","Long Lake",1992,53,NA
"1992-07-17","Owikeno Lake",1992,678,NA
"1992-07-18","Owikeno Lake",1992,355,NA
"1992-07-19","Long Lake",1992,17,NA
"1992-07-19","Owikeno Lake",1992,578,NA
"1992-07-29","Skidegate Lake",1992,9,NA
"1992-07-29","Tahltan Lake",1992,15,NA
"1992-07-30","Skidegate Lake",1992,16,NA
"1992-07-31","Tahltan Lake",1992,11,NA
"1992-08-01","Skidegate Lake",1992,52,NA
"1992-08-01","Tatsamenie Lake",1992,2,144
"1992-08-02","Tatsamenie Lake",1992,2,NA
"1992-08-04","Yakoun Lake",1992,5,NA
"1992-08-12","Vernon Lake",1992,229,NA
"1992-08-12","Woss Lake",1992,484,55
"1992-08-13","Schoen Lake",1992,40,36
"1992-08-13","Woss Lake",1992,222,NA
"1992-08-14","Damdochax Lake",1992,14,NA
"1992-08-15","Damdochax Lake",1992,19,NA
"1992-08-17","Dragon Lake",1992,320,NA
"1992-09-08","Meziadin Lake",1992,169,NA
"1992-09-10","Bowser Lake",1992,2,NA
"1992-09-11","Bowser Lake",1992,19,NA
"1992-09-23","Damdochax Lake",1992,113,NA
"1992-09-23","Owikeno Lake",1992,281,NA
"1992-09-25","Owikeno Lake",1992,158,NA
"1992-10-02","Tahltan Lake",1992,5,NA
"1992-10-03","Tahltan Lake",1992,36,NA
"1992-10-12","Long Lake",1992,384,NA
"1992-10-13","Long Lake",1992,342,NA
"1992-10-14","Long Lake",1992,98,NA
"1992-10-23","Sproat Lake",1992,33,NA
"1992-10-26","Sproat Lake",1992,9,121
"1992-10-27","Great Central Lake",1992,316,78
"1992-10-27","Sproat Lake",1992,123,NA
"1992-11-27","Hobiton Lake",1992,25,99
"1992-11-28","Hobiton Lake",1992,77,NA
"1992-12-03","Henderson Lake",1992,36,180
"1992-12-04","Henderson Lake",1992,247,NA
"1993-02-10","Sproat Lake",1992,19,121
"1993-02-11","Great Central Lake",1992,64,78
"1993-02-11","Sproat Lake",1992,57,NA
"1993-02-12","Great Central Lake",1992,153,78
"1993-02-24","Hobiton Lake",1992,30,99
"1993-02-25","Henderson Lake",1992,59,NA
"1993-02-25","Hobiton Lake",1992,48,NA
"1993-02-26","Henderson Lake",1992,180,180
"1993-03-08","Owikeno Lake",1992,318,NA
"1993-03-09","Owikeno Lake",1992,101,NA
"1993-03-10","Owikeno Lake",1992,244,NA
"1993-05-09","Skidegate Lake",1993,3,NA
"1993-06-15","Meziadin Lake",1993,203,NA
"1993-06-16","Bowser Lake",1993,4,NA
"1993-07-10","Bowser Lake",1993,4,NA
"1993-07-10","Meziadin Lake",1993,320,NA
"1993-07-17","Henderson Lake",1993,285,180
"1993-07-18","Henderson Lake",1993,454,NA
"1993-07-24","Long Lake",1993,355,NA
"1993-07-25","Long Lake",1993,294,NA
"1993-07-26","Long Lake",1993,686,NA
"1993-08-09","Bowser Lake",1993,9,NA
"1993-08-09","Meziadin Lake",1993,298,NA
"1993-08-28","Mathers Lake",1993,11,48
"1993-08-29","Mathers Lake",1993,75,NA
"1993-09-14","Tatsamenie Lake",1993,1,63
"1993-09-15","Tatsamenie Lake",1993,72,NA
"1993-09-16","Tatsamenie Lake",1993,16,NA
"1993-09-18","Tahltan Lake",1993,34,98
"1993-09-19","Tahltan Lake",1993,18,NA
"1993-09-20","Tahltan Lake",1993,139,NA
"1993-09-22","Meziadin Lake",1993,210,NA
"1993-09-25","Bowser Lake",1993,41,NA
"1993-09-28","Damdochax Lake",1993,216,NA
"1993-10-26","Henderson Lake",1993,106,180
"1993-10-27","Henderson Lake",1993,108,NA
"1993-11-30","Muchalat Lake",1993,178,45
"1994-02-16","Henderson Lake",1993,23,NA
"1994-03-08","Long Lake",1993,308,NA
"1994-03-09","Long Lake",1993,92,NA
"1994-03-11","Megin Lake",1993,44,48
"1994-11-19","Henderson Lake",1994,108,NA
"1994-11-20","Henderson Lake",1994,176,NA
"1994-11-21","Henderson Lake",1994,5,NA
"1995-01-14","Kennedy Lake (Main)",1994,4,150
"1995-01-20","Kennedy Lake (Main)",1994,503,NA
"1995-01-25","Great Central Lake",1994,19,78
"1995-01-26","Great Central Lake",1994,171,78
"1995-02-10","Muchalat Lake",1994,106,45
"1995-03-01","Henderson Lake",1994,181,NA
"1995-03-23","Long Lake",1994,300,NA
"1995-03-25","Long Lake",1994,205,NA
"1995-03-26","Long Lake",1994,4,NA
"1995-06-21","Henderson Lake",1995,50,180
"1995-06-22","Henderson Lake",1995,55,NA
"1995-08-15","Muchalat Lake",1995,280,45
"1995-08-23","Owikeno Lake",1995,186,NA
"1995-08-25","Owikeno Lake",1995,469,NA
"1995-08-26","Owikeno Lake",1995,503,NA
"1995-08-27","Owikeno Lake",1995,812,NA
"1995-08-28","Owikeno Lake",1995,394,NA
"1995-08-30","Long Lake",1995,862,NA
"1995-09-01","Long Lake",1995,83,NA
"1995-09-02","Long Lake",1995,153,NA
"1995-09-29","Morrison Lake",1995,44,63
"1995-10-03","Bear Lake",1995,8,NA
"1995-10-07","Swan Lake",1995,18,NA
"1995-10-10","Kitwanga Lake",1995,4,NA
"1995-10-11","Alastair Lake",1995,684,45
"1995-10-12","Henderson Lake",1995,103,NA
"1995-10-13","Henderson Lake",1995,33,NA
"1995-10-15","Megin Lake",1995,50,48
"1996-01-31","Sproat Lake",1995,4,NA
"1996-02-11","Kennedy Lake (Clay)",1995,3,NA
"1996-02-12","Kennedy Lake (Clay)",1995,77,160
"1996-02-12","Kennedy Lake (Main)",1995,562,NA
"1996-02-13","Kennedy Lake (Main)",1995,233,NA
"1996-02-25","Owikeno Lake",1995,222,NA
"1996-02-26","Owikeno Lake",1995,400,NA
"1996-03-13","Muchalat Lake",1995,75,45
"1996-03-19","Megin Lake",1995,6,NA
"1996-03-20","Megin Lake",1995,28,48
"1996-07-05","Henderson Lake",1996,13,NA
"1996-07-06","Henderson Lake",1996,6,NA
"1996-07-22","Sproat Lake",1996,3,121
"1996-07-23","Sproat Lake",1996,58,NA
"1996-07-24","Sproat Lake",1996,139,NA
"1996-07-25","Great Central Lake",1996,193,78
"1996-07-29","Henderson Lake",1996,37,NA
"1996-07-30","Henderson Lake",1996,28,NA
"1996-07-31","Hobiton Lake",1996,17,NA
"1996-08-01","Cheewhat Lake",1996,121,NA
"1996-08-16","Long Lake",1996,267,NA
"1996-08-17","Long Lake",1996,143,NA
"1996-08-19","Owikeno Lake",1996,173,NA
"1996-08-20","Owikeno Lake",1996,485,NA
"1996-08-21","Owikeno Lake",1996,73,NA
"1996-08-22","Owikeno Lake",1996,725,NA
"1996-08-31","Hobiton Lake",1996,24,99
"1996-09-01","Cheewhat Lake",1996,182,30
"1996-09-13","Ian Lake",1996,16,NA
"1996-09-14","Yakoun Lake",1996,40,120
"1996-10-10","Skidegate Lake",1996,82,NA
"1996-10-13","Ian Lake",1996,2,NA
"1996-11-01","Kennedy Lake (Main)",1996,356,NA
"1996-11-19","Sproat Lake",1996,123,121
"1996-11-20","Great Central Lake",1996,12,78
"1997-02-06","Henderson Lake",1996,11,NA
"1997-02-20","Kennedy Lake (Clay)",1996,82,NA
"1997-02-20","Kennedy Lake (Main)",1996,653,NA
"1997-02-24","Sproat Lake",1996,47,121
"1997-02-25","Sproat Lake",1996,49,NA
"1997-02-26","Great Central Lake",1996,46,78
"1997-02-27","Great Central Lake",1996,29,NA
"1997-07-22","Sproat Lake",1997,92,121
"1997-07-29","Great Central Lake",1997,14,NA
"1997-08-28","Long Lake",1997,495,NA
"1997-08-28","Long Lake (A)",1997,20,NA
"1997-09-09","Great Central Lake",1997,259,NA
"1997-09-17","Yakoun Lake",1997,29,NA
"1997-09-23","Skidegate Lake",1997,30,NA
"1997-10-21","Muriel Lake",1997,111,NA
"1997-11-20","Great Central Lake",1997,232,78
"1998-09-22","Long Lake (B)",1998,8,NA
"1998-09-23","Long Lake (B)",1998,302,NA
"1998-09-24","Long Lake (A)",1998,161,NA
"1998-09-24","Long Lake (B)",1998,88,NA
"1999-09-07","Long Lake (A)",1999,315,NA
"1999-09-08","Long Lake (A)",1999,94,NA
"1999-09-08","Long Lake (B)",1999,586,NA
"1977-09-20","Great Central Lake",1977,NA,78
"1977-10-04","Henderson Lake",1977,NA,180
"1978-02-08","Kennedy Lake (Main)",1977,NA,150
"1978-02-15","Long Lake (A)",1977,NA,90
"1978-02-16","Long Lake (B)",1977,NA,70
"1978-07-31","Great Central Lake",1978,NA,78
"1978-08-14","Kennedy Lake (Main)",1978,NA,150
"1978-08-15","Kennedy Lake (Clay)",1978,NA,160
"1978-08-23","Long Lake (B)",1978,NA,70
"1978-09-06","Great Central Lake",1978,NA,78
"1978-10-17","Great Central Lake",1978,NA,78
"1978-11-20","Schoen Lake",1978,NA,36
"1978-11-21","Vernon Lake",1978,NA,36
"1978-11-29","Nimpkish Lake",1978,NA,88
"1978-12-05","Great Central Lake",1978,NA,78
"1979-03-21","Long Lake (A)",1978,NA,90
"1979-03-22","Long Lake (B)",1978,NA,70
"1979-07-18","Great Central Lake",1979,NA,78
"1979-07-22","Lowe Lake",1979,NA,36
"1979-07-27","Ian Lake",1979,NA,90
"1979-07-31","Awun Lake",1979,NA,40
"1979-08-27","Long Lake (A)",1979,NA,90
"1979-08-28","Long Lake (B)",1979,NA,70
"1979-11-06","Nimpkish Lake",1979,NA,88
"1979-12-20","Great Central Lake",1979,NA,78
"1980-03-10","Hobiton Lake",1979,NA,99
"1980-07-24","Ian Lake",1980,NA,90
"1980-07-26","Mercer Lake",1980,NA,42
"1980-07-29","Eden Lake",1980,NA,40
"1980-07-30","Awun Lake",1980,NA,40
"1980-08-11","Henderson Lake",1980,NA,180
"1980-08-14","Long Lake (A)",1980,NA,90
"1980-08-15","Long Lake (B)",1980,NA,70
"1980-09-12","Hobiton Lake",1980,NA,99
"1980-10-22","Long Lake (A)",1980,NA,90
"1980-10-23","Long Lake (B)",1980,NA,70
"1981-02-24","Hobiton Lake",1980,NA,99
"1981-02-26","Long Lake (A)",1980,NA,90
"1981-02-27","Long Lake (B)",1980,NA,70
"1981-08-08","Woss Lake",1981,NA,55
"1981-08-25","Long Lake (A)",1981,NA,90
"1981-08-26","Long Lake (B)",1981,NA,70
"1981-09-14","Great Central Lake",1981,NA,78
"1981-09-25","Long Lake (A)",1981,NA,90
"1981-09-26","Long Lake (B)",1981,NA,70
"1981-09-29","Sproat Lake",1981,NA,121
"1981-10-07","Eden Lake",1981,NA,40
"1981-12-03","Sproat Lake",1981,NA,121
"1981-12-12","Great Central Lake",1981,NA,78
"1982-03-10","Kennedy Lake (Clay)",1981,NA,160
"1982-06-14","Henderson Lake",1982,NA,180
"1982-07-24","Long Lake (A)",1982,NA,90
"1982-07-26","Long Lake (B)",1982,NA,70
"1982-08-10","Henderson Lake",1982,NA,180
"1982-08-15","Long Lake (A)",1982,NA,90
"1982-08-16","Long Lake (B)",1982,NA,70
"1982-08-17","Nimpkish Lake",1982,NA,88
"1982-08-19","Woss Lake",1982,NA,55
"1982-09-14","Kennedy Lake (Clay)",1982,NA,160
"1982-09-21","Hobiton Lake",1982,NA,99
"1982-09-22","Hobiton Lake",1982,NA,99
"1982-09-30","Ian Lake",1982,NA,90
"1982-10-02","Yakoun Lake",1982,NA,120
"1982-11-10","Sproat Lake",1982,NA,121
"1982-11-24","Long Lake (A)",1982,NA,90
"1982-11-26","Long Lake (B)",1982,NA,70
"1983-03-25","Kennedy Lake (Clay)",1982,NA,160
"1983-06-03","Long Lake (A)",1983,NA,90
"1983-06-04","Long Lake (B)",1983,NA,70
"1983-06-21","Muriel Lake",1983,NA,80
"1983-06-28","Hobiton Lake",1983,NA,99
"1983-06-29","Hobiton Lake",1983,NA,99
"1983-07-18","Long Lake (A)",1983,NA,90
"1983-07-19","Long Lake (B)",1983,NA,70
"1983-08-24","Long Lake (A)",1983,NA,90
"1983-08-25","Long Lake (B)",1983,NA,70
"1983-09-03","Yakoun Lake",1983,NA,120
"1983-09-10","Yakoun Lake",1983,NA,120
"1983-11-02","Henderson Lake",1983,NA,180
"1983-11-15","Long Lake (A)",1983,NA,90
"1983-11-15","Long Lake (B)",1983,NA,70
"1984-03-08","Hobiton Lake",1983,NA,99
"1984-04-18","Hobiton Lake",1984,NA,99
"1984-05-10","Hobiton Lake",1984,NA,99
"1984-05-16","Hobiton Lake",1984,NA,99
"1984-05-31","Hobiton Lake",1984,NA,99
"1984-06-07","Hobiton Lake",1984,NA,99
"1984-06-12","Hobiton Lake",1984,NA,99
"1984-06-27","Muriel Lake",1984,NA,80
"1984-06-29","Hobiton Lake",1984,NA,99
"1984-07-05","Hobiton Lake",1984,NA,99
"1984-07-10","Kennedy Lake (Clay)",1984,NA,160
"1984-07-13","Hobiton Lake",1984,NA,99
"1984-07-15","Kennedy Lake (Clay)",1984,NA,160
"1984-07-23","Kennedy Lake (Clay)",1984,NA,160
"1984-08-01","Kennedy Lake (Clay)",1984,NA,160
"1984-08-14","Kennedy Lake (Clay)",1984,NA,160
"1984-08-15","Cheewhat Lake",1984,NA,30
"1984-08-16","Hobiton Lake",1984,NA,99
"1984-08-29","Devon Lake",1984,NA,70
"1984-09-08","Ian Lake",1984,NA,90
"1984-09-09","Yakoun Lake",1984,NA,120
"1984-09-13","Long Lake (A)",1984,NA,90
"1984-09-14","Long Lake (B)",1984,NA,70
"1984-09-26","Kennedy Lake (Clay)",1984,NA,160
"1984-09-28","Kennedy Lake (Main)",1984,NA,150
"1984-11-05","Phillips Lake",1984,NA,72
"1984-11-10","Long Lake (A)",1984,NA,90
"1984-11-11","Long Lake (B)",1984,NA,70
"1984-11-19","Kennedy Lake (Main)",1984,NA,150
"1984-12-18","Hobiton Lake",1984,NA,99
"1985-01-25","Kennedy Lake (Clay)",1984,NA,160
"1985-01-26","Kennedy Lake (Clay)",1984,NA,160
"1985-01-27","Kennedy Lake (Clay)",1984,NA,160
"1985-02-16","Hobiton Lake",1984,NA,99
"1985-05-30","Hobiton Lake",1985,NA,99
"1985-05-31","Kennedy Lake (Clay)",1985,NA,160
"1985-06-04","Hobiton Lake",1985,NA,99
"1985-06-10","Hobiton Lake",1985,NA,99
"1985-06-24","Hobiton Lake",1985,NA,99
"1985-06-26","Muriel Lake",1985,NA,80
"1985-06-28","Kennedy Lake (Clay)",1985,NA,160
"1985-07-01","Kennedy Lake (Clay)",1985,NA,160
"1985-07-03","Hobiton Lake",1985,NA,99
"1985-07-09","Hobiton Lake",1985,NA,99
"1985-07-10","Kennedy Lake (Clay)",1985,NA,160
"1985-07-13","Kennedy Lake (Clay)",1985,NA,160
"1985-07-30","Hobiton Lake",1985,NA,99
"1985-08-13","Kennedy Lake (Clay)",1985,NA,160
"1985-08-17","Kennedy Lake (Clay)",1985,NA,160
"1985-08-18","Hobiton Lake",1985,NA,99
"1985-08-20","Cheewhat Lake",1985,NA,30
"1985-08-22","Muchalat Lake",1985,NA,45
"1985-08-23","Power Lake",1985,NA,42
"1985-08-24","Jansen Lake",1985,NA,40
"1985-08-24","Megin Lake",1985,NA,48
"1985-08-29","Awun Lake",1985,NA,40
"1985-08-31","Ian Lake",1985,NA,90
"1985-09-01","Yakoun Lake",1985,NA,120
"1985-09-05","Skidegate Lake NE",1985,NA,35
"1985-09-05","Skidegate Lake SW",1985,NA,9
"1985-09-11","Long Lake (A)",1985,NA,90
"1985-09-11","Long Lake (B)",1985,NA,70
"1985-09-12","Long Lake (A)",1985,NA,90
"1985-09-12","Long Lake (B)",1985,NA,70
"1985-09-15","Heydon Lake",1985,NA,48
"1985-09-19","Hobiton Lake",1985,NA,99
"1985-09-19","Kennedy Lake (Clay)",1985,NA,160
"1985-09-27","Sproat Lake",1985,NA,121
"1985-10-25","Tahltan Lake",1985,NA,98
"1985-11-01","Kennedy Lake (Clay)",1985,NA,160
"1985-11-06","Muriel Lake",1985,NA,80
"1985-11-10","Woss Lake",1985,NA,55
"1985-11-27","Hobiton Lake",1985,NA,99
"1985-12-11","Great Central Lake",1985,NA,78
"1986-01-21","Muriel Lake",1985,NA,80
"1986-01-23","Hobiton Lake",1985,NA,99
"1986-01-25","Hobiton Lake",1985,NA,99
"1986-02-10","Long Lake (A)",1985,NA,90
"1986-02-11","Long Lake (B)",1985,NA,70
"1986-02-13","Jansen Lake",1985,NA,40
"1986-03-20","Hobiton Lake",1985,NA,99
"1986-03-21","Hobiton Lake",1985,NA,99
"1986-03-22","Hobiton Lake",1985,NA,99
"1986-05-09","Hobiton Lake",1986,NA,99
"1986-05-10","Hobiton Lake",1986,NA,99
"1986-06-05","Hobiton Lake",1986,NA,99
"1986-06-12","Hobiton Lake",1986,NA,99
"1986-06-25","Kennedy Lake (Clay)",1986,NA,160
"1986-06-29","Hobiton Lake",1986,NA,99
"1986-07-06","Hobiton Lake",1986,NA,99
"1986-07-14","Hobiton Lake",1986,NA,99
"1986-07-24","Muriel Lake",1986,NA,80
"1986-07-29","Long Lake (A)",1986,NA,90
"1986-07-29","Long Lake (B)",1986,NA,70
"1986-07-30","Long Lake (A)",1986,NA,90
"1986-07-30","Long Lake (B)",1986,NA,70
"1986-08-01","Quatse Lake",1986,NA,25
"1986-08-02","Cheewhat Lake",1986,NA,30
"1986-08-12","Yakoun Lake",1986,NA,120
"1986-08-15","Skidegate Lake NE",1986,NA,35
"1986-08-15","Skidegate Lake SW",1986,NA,9
"1986-08-20","Muriel Lake",1986,NA,80
"1986-08-29","Henderson Lake",1986,NA,180
"1986-08-30","Hobiton Lake",1986,NA,99
"1986-09-04","Awun Lake",1986,NA,40
"1986-09-05","Awun Lake",1986,NA,40
"1986-09-05","Ian Lake",1986,NA,90
"1986-09-06","Eden Lake",1986,NA,40
"1986-09-11","Heydon Lake",1986,NA,48
"1986-09-26","Hobiton Lake",1986,NA,99
"1986-10-07","Kennedy Lake (Main)",1986,NA,150
"1986-10-08","Kennedy Lake (Clay)",1986,NA,160
"1986-10-08","Kennedy Lake (Main)",1986,NA,150
"1986-11-03","Muriel Lake",1986,NA,80
"1986-11-04","Muriel Lake",1986,NA,80
"1986-11-05","Muriel Lake",1986,NA,80
"1986-11-07","Muchalat Lake",1986,NA,45
"1986-11-08","Long Lake (A)",1986,NA,90
"1986-11-08","Long Lake (B)",1986,NA,70
"1986-11-09","Long Lake (A)",1986,NA,90
"1986-11-09","Long Lake (B)",1986,NA,70
"1986-11-19","Kennedy Lake (Main)",1986,NA,150
"1987-01-20","Hobiton Lake",1986,NA,99
"1987-04-20","Hobiton Lake",1987,NA,99
"1987-05-12","Hobiton Lake",1987,NA,99
"1987-06-02","Hobiton Lake",1987,NA,99
"1987-06-10","Hobiton Lake",1987,NA,99
"1987-07-14","Vernon Lake",1987,NA,36
"1987-07-15","Woss Lake",1987,NA,55
"1987-07-17","Long Lake (B)",1987,NA,70
"1987-07-18","Long Lake (A)",1987,NA,90
"1987-07-31","Yakoun Lake",1987,NA,120
"1987-08-02","Skidegate Lake NE",1987,NA,35
"1987-08-02","Skidegate Lake SW",1987,NA,9
"1987-09-07","Heydon Lake",1987,NA,48
"1987-09-08","Long Lake (A)",1987,NA,90
"1987-09-09","Long Lake (B)",1987,NA,70
"1987-09-09","Tuya Lake",1987,NA,80
"1987-09-25","Hobiton Lake",1987,NA,99
"1987-10-17","Hobiton Lake",1987,NA,99
"1987-10-27","Skidegate Lake NE",1987,NA,35
"1987-10-27","Skidegate Lake SW",1987,NA,9
"1987-11-28","Megin Lake",1987,NA,48
"1988-05-29","Kennedy Lake (Main)",1988,NA,150
"1988-06-01","Hobiton Lake",1988,NA,99
"1988-07-12","Vernon Lake",1988,NA,36
"1988-07-14","Nimpkish Lake",1988,NA,88
"1988-07-18","Kennedy Lake (Main)",1988,NA,150
"1988-07-30","Devon Lake",1988,NA,70
"1988-08-02","Skidegate Lake NE",1988,NA,35
"1988-08-02","Skidegate Lake SW",1988,NA,9
"1988-08-03","Yakoun Lake",1988,NA,120
"1988-08-08","Nahwitti Lake",1988,NA,40
"1988-08-17","Maggie Lake",1988,NA,48
"1988-08-26","Hobiton Lake",1988,NA,99
"1988-08-28","Tahltan Lake",1988,NA,98
"1988-09-13","Long Lake (A)",1988,NA,90
"1988-09-13","Long Lake (B)",1988,NA,70
"1988-10-11","Sproat Lake",1988,NA,121
"1988-10-17","Kennedy Lake (Main)",1988,NA,150
"1988-10-26","Muriel Lake",1988,NA,80
"1989-02-24","Kennedy Lake (Main)",1988,NA,150
"1989-04-28","Quatse Lake",1989,NA,25
"1989-04-30","Nahwitti Lake",1989,NA,40
"1989-05-06","Skidegate Lake NE",1989,NA,35
"1989-05-06","Skidegate Lake SW",1989,NA,9
"1989-05-11","Yakoun Lake",1989,NA,120
"1989-05-29","Hobiton Lake",1989,NA,99
"1989-05-30","Cheewhat Lake",1989,NA,30
"1989-05-31","Muriel Lake",1989,NA,80
"1989-06-21","Henderson Lake",1989,NA,180
"1989-06-24","Long Lake (A)",1989,NA,90
"1989-06-24","Long Lake (B)",1989,NA,70
"1989-07-01","Cheewhat Lake",1989,NA,30
"1989-07-10","Hobiton Lake",1989,NA,99
"1989-07-28","Cheewhat Lake",1989,NA,30
"1989-07-29","Hobiton Lake",1989,NA,99
"1989-08-04","Vernon Lake",1989,NA,36
"1989-08-05","Schoen Lake",1989,NA,36
"1989-08-08","Quatse Lake",1989,NA,25
"1989-08-12","Skidegate Lake NE",1989,NA,35
"1989-08-12","Skidegate Lake SW",1989,NA,9
"1989-08-14","Yakoun Lake",1989,NA,120
"1989-08-16","Ian Lake",1989,NA,90
"1989-08-31","Hobiton Lake",1989,NA,99
"1989-09-13","Nimpkish Lake",1989,NA,88
"1989-09-14","Nimpkish Lake",1989,NA,88
"1989-09-15","Long Lake (A)",1989,NA,90
"1989-09-15","Long Lake (B)",1989,NA,70
"1989-09-21","Hobiton Lake",1989,NA,99
"1989-09-28","Kennedy Lake (Clay)",1989,NA,160
"1989-09-30","Nahmint Lake",1989,NA,45
"1989-10-25","Hobiton Lake",1989,NA,99
"1990-03-01","Long Lake (A)",1989,NA,90
"1990-03-01","Long Lake (B)",1989,NA,70
"1990-04-26","Muriel Lake",1990,NA,80
"1990-05-27","Kennedy Lake (Clay)",1990,NA,160
"1990-05-29","Hobiton Lake",1990,NA,99
"1990-06-02","Cheewhat Lake",1990,NA,30
"1990-06-18","Hobiton Lake",1990,NA,99
"1990-06-19","Cheewhat Lake",1990,NA,30
"1990-06-22","Long Lake (A)",1990,NA,90
"1990-06-27","Hobiton Lake",1990,NA,99
"1990-07-18","Kennedy Lake (Clay)",1990,NA,160
"1990-08-17","Yakoun Lake",1990,NA,120
"1990-08-19","Skidegate Lake NE",1990,NA,33
"1990-08-19","Skidegate Lake SW",1990,NA,9
"1990-10-15","Great Central Lake",1990,NA,78
"1990-10-16","Great Central Lake",1990,NA,78
"1990-10-18","Great Central Lake",1990,NA,78
"1990-10-18","Sproat Lake",1990,NA,121
"1991-02-06","Sproat Lake",1990,NA,121
"1991-02-09","Sproat Lake",1990,NA,121
"1991-03-07","Great Central Lake",1990,NA,78
"1991-05-23","Hobiton Lake",1991,NA,99
"1991-06-06","Cheewhat Lake",1991,NA,30
"1991-06-25","Henderson Lake",1991,NA,180
"1991-06-26","Hobiton Lake",1991,NA,99
"1991-07-21","Hobiton Lake",1991,NA,99
"1991-07-22","Cheewhat Lake",1991,NA,30
"1991-08-12","Takla Lake",1991,NA,117
"1991-08-15","Hobiton Lake",1991,NA,99
"1991-08-22","Link Lake",1991,NA,90
"1991-09-07","Kwinageese Lake",1991,NA,40
"1991-09-08","Kwinageese Lake",1991,NA,40
"1991-10-16","Sproat Lake",1991,NA,121
"1991-10-22","Eden Lake",1991,NA,40
"1991-10-23","Kennedy Lake (Main)",1991,NA,150
"1991-10-24","Awun Lake",1991,NA,40
"1991-10-25","Yakoun Lake",1991,NA,120
"1991-10-29","Skidegate Lake NE",1991,NA,35
"1991-10-29","Skidegate Lake SW",1991,NA,9
"1992-03-04","Long Lake (A)",1991,NA,90
"1992-03-04","Long Lake (B)",1991,NA,70
"1992-03-15","Schoen Lake",1991,NA,36
"1992-05-27","Hobiton Lake",1992,NA,99
"1992-06-16","Hobiton Lake",1992,NA,99
"1992-06-17","Cheewhat Lake",1992,NA,30
"1992-06-23","Henderson Lake",1992,NA,180
"1992-06-24","Hobiton Lake",1992,NA,99
"1992-07-13","Long Lake (A)",1992,NA,90
"1992-07-13","Long Lake (B)",1992,NA,70
"1992-07-13","Sproat Lake",1992,NA,121
"1992-07-15","Great Central Lake",1992,NA,78
"1992-08-01","Skidegate Lake NE",1992,NA,35
"1992-08-01","Skidegate Lake SW",1992,NA,9
"1992-08-02","Yakoun Lake",1992,NA,120
"1992-08-06","Cheewhat Lake",1992,NA,30
"1992-08-06","Hobiton Lake",1992,NA,99
"1992-08-07","Hobiton Lake",1992,NA,99
"1992-08-09","Nimpkish Lake",1992,NA,88
"1992-08-11","Vernon Lake",1992,NA,36
"1992-08-19","Hobiton Lake",1992,NA,99
"1992-09-01","Hobiton Lake",1992,NA,99
"1992-09-02","Hobiton Lake",1992,NA,99
"1992-09-03","Hobiton Lake",1992,NA,99
"1992-09-04","Hobiton Lake",1992,NA,99
"1992-10-12","Long Lake (A)",1992,NA,90
"1992-10-12","Long Lake (B)",1992,NA,70
"1992-11-30","Cheewhat Lake",1992,NA,30
"1993-02-10","Kennedy Lake (Clay)",1992,NA,160
"1993-02-11","Kennedy Lake (Main)",1992,NA,150
"1993-02-23","Cheewhat Lake",1992,NA,30
"1993-06-30","Hobiton Lake",1993,NA,99
"1993-07-13","Cheewhat Lake",1993,NA,30
"1993-07-14","Hobiton Lake",1993,NA,99
"1993-07-15","Hobiton Lake",1993,NA,99
"1993-07-23","Long Lake (A)",1993,NA,90
"1993-07-23","Long Lake (B)",1993,NA,70
"1993-07-27","Sproat Lake",1993,NA,121
"1993-07-28","Great Central Lake",1993,NA,78
"1993-08-11","Hobiton Lake",1993,NA,99
"1993-08-12","Hobiton Lake",1993,NA,99
"1993-08-17","Skidegate Lake NE",1993,NA,35
"1993-08-17","Skidegate Lake SW",1993,NA,9
"1993-08-20","Eden Lake",1993,NA,40
"1993-08-21","Ian Lake",1993,NA,90
"1993-08-23","Yakoun Lake",1993,NA,120
"1993-08-30","Tuya Lake",1993,NA,80
"1993-09-05","Nakina Lake",1993,NA,49
"1993-09-07","L Trapper Lake",1993,NA,25
"1993-09-10","Trapper Lake",1993,NA,45
"1993-10-12","Sproat Lake",1993,NA,121
"1993-10-13","Great Central Lake",1993,NA,78
"1993-10-21","Kennedy Lake (Clay)",1993,NA,160
"1993-10-22","Kennedy Lake (Main)",1993,NA,150
"1993-10-27","Hobiton Lake",1993,NA,99
"1993-11-14","Schoen Lake",1993,NA,36
"1993-11-18","Woss Lake",1993,NA,55
"1993-11-19","Vernon Lake",1993,NA,36
"1993-11-19","Woss Lake",1993,NA,55
"1994-01-31","Sproat Lake",1993,NA,121
"1994-02-02","Great Central Lake",1993,NA,78
"1994-02-09","Kennedy Lake (Main)",1993,NA,150
"1994-02-10","Kennedy Lake (Clay)",1993,NA,160
"1994-02-15","Henderson Lake",1993,NA,180
"1994-02-18","Cheewhat Lake",1993,NA,30
"1994-02-19","Hobiton Lake",1993,NA,99
"1994-03-05","Nimpkish Lake",1993,NA,88
"1994-03-08","Long Lake (A)",1993,NA,90
"1994-03-08","Long Lake (B)",1993,NA,70
"1994-06-22","Hobiton Lake",1994,NA,99
"1994-06-24","Cheewhat Lake",1994,NA,30
"1994-06-25","Cheewhat Lake",1994,NA,30
"1994-06-26","Henderson Lake",1994,NA,180
"1994-06-27","Henderson Lake",1994,NA,180
"1994-07-26","Hobiton Lake",1994,NA,99
"1994-07-27","Hobiton Lake",1994,NA,99
"1994-07-28","Cheewhat Lake",1994,NA,30
"1994-07-29","Cheewhat Lake",1994,NA,30
"1994-08-04","Yakoun Lake",1994,NA,120
"1994-08-10","Henderson Lake",1994,NA,180
"1994-08-13","Hobiton Lake",1994,NA,99
"1994-08-14","Hobiton Lake",1994,NA,99
"1994-08-23","Sustut Lake",1994,NA,25
"1994-08-25","Johanson Lake",1994,NA,48
"1994-08-28","Skidegate Lake SW",1994,NA,9
"1994-08-30","Skidegate Lake NE",1994,NA,35
"1994-08-31","Yakoun Lake",1994,NA,120
"1994-09-02","Awun Lake",1994,NA,40
"1994-09-02","Tuya Lake",1994,NA,80
"1994-09-06","Ian Lake",1994,NA,90
"1994-09-07","Ian Lake",1994,NA,90
"1994-09-08","Eden Lake",1994,NA,40
"1994-09-08","Ian Lake",1994,NA,90
"1994-09-08","L Trapper Lake",1994,NA,25
"1994-09-11","Trapper Lake",1994,NA,45
"1994-09-13","Tatsamenie Lake",1994,NA,63
"1994-09-18","Tahltan Lake",1994,NA,98
"1994-09-26","Nakina Lake",1994,NA,49
"1994-10-02","Muchalat Lake",1994,NA,45
"1994-10-03","Megin Lake",1994,NA,48
"1994-10-05","Vernon Lake",1994,NA,36
"1994-10-06","Woss Lake",1994,NA,55
"1994-10-10","Schoen Lake",1994,NA,36
"1994-10-19","Sproat Lake",1994,NA,121
"1994-10-20","Great Central Lake",1994,NA,78
"1994-10-28","Kennedy Lake (Clay)",1994,NA,160
"1994-11-01","Kennedy Lake (Main)",1994,NA,150
"1994-11-17","Henderson Lake",1994,NA,180
"1994-11-23","Cheewhat Lake",1994,NA,30
"1994-11-24","Hobiton Lake",1994,NA,99
"1995-01-13","Kennedy Lake (Clay)",1994,NA,160
"1995-01-24","Sproat Lake",1994,NA,121
"1995-02-07","Nimpkish Lake",1994,NA,88
"1995-03-02","Henderson Lake",1994,NA,180
"1995-03-03","Hobiton Lake",1994,NA,99
"1995-03-04","Cheewhat Lake",1994,NA,30
"1995-03-23","Long Lake (A)",1994,NA,90
"1995-03-23","Long Lake (B)",1994,NA,70
"1995-03-27","Megin Lake",1994,NA,48
"1995-06-23","Henderson Lake",1995,NA,180
"1995-06-23","Hobiton Lake",1995,NA,99
"1995-06-24","Cheewhat Lake",1995,NA,30
"1995-06-24","Hobiton Lake",1995,NA,99
"1995-06-25","Cheewhat Lake",1995,NA,30
"1995-06-25","Hobiton Lake",1995,NA,99
"1995-06-26","Cheewhat Lake",1995,NA,30
"1995-07-13","Sproat Lake",1995,NA,121
"1995-07-14","Great Central Lake",1995,NA,78
"1995-07-14","Sproat Lake",1995,NA,121
"1995-07-15","Great Central Lake",1995,NA,78
"1995-07-17","Muriel Lake",1995,NA,80
"1995-07-24","Kennedy Lake (Main)",1995,NA,150
"1995-07-25","Kennedy Lake (Clay)",1995,NA,160
"1995-07-25","Kennedy Lake (Main)",1995,NA,150
"1995-07-26","Kennedy Lake (Clay)",1995,NA,160
"1995-07-28","Cheewhat Lake",1995,NA,30
"1995-07-29","Cheewhat Lake",1995,NA,30
"1995-07-29","Hobiton Lake",1995,NA,99
"1995-07-30","Cheewhat Lake",1995,NA,30
"1995-07-30","Hobiton Lake",1995,NA,99
"1995-07-31","Hobiton Lake",1995,NA,99
"1995-08-01","Muriel Lake",1995,NA,80
"1995-08-09","Nimpkish Lake",1995,NA,88
"1995-08-12","Woss Lake",1995,NA,154
"1995-08-13","Vernon Lake",1995,NA,63
"1995-08-14","Muchalat Lake",1995,NA,45
"1995-08-14","Yakoun Lake",1995,NA,120
"1995-08-18","Yakoun Lake",1995,NA,120
"1995-08-23","Owikeno Lake (A)",1995,NA,169
"1995-08-23","Owikeno Lake (B)",1995,NA,104
"1995-08-23","Owikeno Lake (C)",1995,NA,11
"1995-08-23","Owikeno Lake (D)",1995,NA,43
"1995-08-30","Hobiton Lake",1995,NA,99
"1995-08-30","Long Lake (B)",1995,NA,70
"1995-08-30","Skidegate Lake NE",1995,NA,35
"1995-08-30","Skidegate Lake SW",1995,NA,9
"1995-08-31","Hobiton Lake",1995,NA,99
"1995-08-31","Long Lake (A)",1995,NA,90
"1995-09-03","Yakoun Lake",1995,NA,120
"1995-09-05","Ian Lake",1995,NA,90
"1995-09-06","Ian Lake",1995,NA,90
"1995-09-09","Tuya Lake",1995,NA,80
"1995-09-14","L Trapper Lake",1995,NA,25
"1995-09-15","Trapper Lake",1995,NA,45
"1995-09-18","Tatsamenie Lake",1995,NA,135
"1995-10-01","Bear Lake",1995,NA,54
"1995-10-06","Swan Lake",1995,NA,72
"1995-10-09","Kitwanga Lake",1995,NA,24
"1995-10-11","Henderson Lake",1995,NA,180
"1995-10-27","Kennedy Lake (Clay)",1995,NA,160
"1995-10-28","Kennedy Lake (Main)",1995,NA,150
"1995-11-21","Sproat Lake",1995,NA,121
"1995-11-23","Great Central Lake",1995,NA,78
"1996-01-30","Sproat Lake",1995,NA,121
"1996-02-01","Great Central Lake",1995,NA,78
"1996-02-11","Kennedy Lake (Main)",1995,NA,150
"1996-02-12","Henderson Lake",1995,NA,180
"1996-02-15","Hobiton Lake",1995,NA,99
"1996-02-16","Cheewhat Lake",1995,NA,30
"1996-02-24","Owikeno Lake (A)",1995,NA,169
"1996-02-24","Owikeno Lake (B)",1995,NA,104
"1996-03-22","Muriel Lake",1995,NA,80
"1996-07-03","Henderson Lake",1996,NA,180
"1996-07-25","Yakoun Lake",1996,NA,120
"1996-07-27","Henderson Lake",1996,NA,180
"1996-07-30","Hobiton Lake",1996,NA,99
"1996-07-31","Cheewhat Lake",1996,NA,30
"1996-08-12","Yakoun Lake",1996,NA,120
"1996-08-15","Long Lake (A)",1996,NA,90
"1996-08-15","Long Lake (B)",1996,NA,70
"1996-08-18","Owikeno Lake (A)",1996,NA,78
"1996-08-18","Owikeno Lake (B)",1996,NA,52
"1996-08-18","Owikeno Lake (D)",1996,NA,33
"1996-09-09","Skidegate Lake NE",1996,NA,35
"1996-09-09","Skidegate Lake SW",1996,NA,9
"1996-09-10","Tuya Lake",1996,NA,80
"1996-09-12","Ian Lake",1996,NA,90
"1996-09-13","Tahltan Lake",1996,NA,98
"1996-09-16","Tatsamenie Lake",1996,NA,63
"1996-10-29","Muriel Lake",1996,NA,80
"1996-10-30","Kennedy Lake (Main)",1996,NA,150
"1996-10-31","Kennedy Lake (Clay)",1996,NA,160
"1997-02-04","Henderson Lake",1996,NA,180
"1997-02-07","Cheewhat Lake",1996,NA,30
"1997-02-08","Hobiton Lake",1996,NA,99
"1997-03-03","Woss Lake",1996,NA,55
"1997-03-04","Vernon Lake",1996,NA,36
"1997-03-25","Schoen Lake",1996,NA,36
"1997-06-11","Henderson Lake",1997,NA,180
"1997-06-26","Tatsamenie Lake",1997,NA,144
"1997-07-24","Great Central Lake",1997,NA,78
"1997-07-29","Osoyoos Lake N",1997,NA,70
"1997-08-03","Henderson Lake",1997,NA,180
"1997-08-06","Tatsamenie Lake",1997,NA,144
"1997-08-27","Long Lake (A)",1997,NA,90
"1997-08-27","Long Lake (B)",1997,NA,70
"1997-09-04","Tatsamenie Lake",1997,NA,144
"1997-09-09","Osoyoos Lake C",1997,NA,12
"1997-09-09","Osoyoos Lake N",1997,NA,70
"1997-09-09","Osoyoos Lake S",1997,NA,48
"1997-09-15","Yakoun Lake",1997,NA,120
"1997-09-18","Ian Lake",1997,NA,90
"1997-09-22","Skidegate Lake NE",1997,NA,35
"1997-09-22","Skidegate Lake SW",1997,NA,9
"1997-09-24","Tuya Lake",1997,NA,80
"1997-09-26","Tuya Lake",1997,NA,80
"1997-09-27","Tahltan Lake",1997,NA,98
"1997-10-01","Tatsamenie Lake",1997,NA,144
"1997-10-02",NA,1997,NA,182
"1997-10-16","Kennedy Lake (Clay)",1997,NA,160
"1997-10-16","Kennedy Lake (Main)",1997,NA,150
"1997-10-20","Muriel Lake",1997,NA,80
"1997-11-02","Osoyoos Lake C",1997,NA,12
"1997-11-02","Osoyoos Lake S",1997,NA,48
"1997-11-03","Osoyoos Lake N",1997,NA,70
"1997-11-14","Henderson Lake",1997,NA,180
"1997-11-19","Sproat Lake",1997,NA,121
"1998-02-02","Long Lake (A)",1997,NA,90
"1998-02-02","Long Lake (B)",1997,NA,70
"1998-02-05","Woss Lake",1997,NA,55
"1998-02-06","Vernon Lake",1997,NA,36
"1998-02-13","Schoen Lake",1997,NA,36
"1998-02-16","Kennedy Lake (Clay)",1997,NA,160
"1998-02-16","Kennedy Lake (Main)",1997,NA,150
"1998-02-22","Henderson Lake",1997,NA,180
"1998-03-02","Muriel Lake",1997,NA,80
"1998-03-02","Nimpkish Lake",1997,NA,88
"1998-03-05","Sproat Lake",1997,NA,121
"1998-05-08","Osoyoos Lake C",1998,NA,12
"1998-05-08","Osoyoos Lake N",1998,NA,70
"1998-05-08","Osoyoos Lake S",1998,NA,48
"1998-06-15","Henderson Lake",1998,NA,180
"1998-07-24","Osoyoos Lake C",1998,NA,12
"1998-07-24","Osoyoos Lake N",1998,NA,70
"1998-07-28","Great Central Lake",1998,NA,78
"1998-07-31","Sproat Lake",1998,NA,121
"1998-08-06","Tatsamenie Lake",1998,NA,144
"1998-08-15","Yakoun Lake",1998,NA,120
"1998-09-02","Tatsamenie Lake",1998,NA,144
"1998-09-13","Skidegate Lake NE",1998,NA,35
"1998-09-13","Skidegate Lake SW",1998,NA,9
"1998-09-16","Yakoun Lake",1998,NA,120
"1998-09-19","Tuya Lake",1998,NA,80
"1998-09-21","Long Lake (A)",1998,NA,90
"1998-09-21","Long Lake (B)",1998,NA,70
"1998-09-22","Tatsamenie Lake",1998,NA,144
"1998-10-02","Osoyoos Lake C",1998,NA,12
"1998-10-02","Osoyoos Lake N",1998,NA,70
"1998-10-02","Osoyoos Lake S",1998,NA,48
"1998-10-03","Osoyoos Lake N",1998,NA,70
"1998-10-12","Tatsamenie Lake",1998,NA,144
"1998-12-01","Sproat Lake",1998,NA,121
"1998-12-03","Great Central Lake",1998,NA,78
"1999-02-27","Henderson Lake",1998,NA,180
"1999-05-28","Osoyoos Lake N",1999,NA,70
"1999-06-21","Great Central Lake",1999,NA,78
"1999-06-27","Sproat Lake",1999,NA,121
"1999-07-21","Great Central Lake",1999,NA,78
"1999-07-21","Sproat Lake",1999,NA,121
"1999-08-11","Osoyoos Lake N",1999,NA,70
"1999-08-14","Skaha Lake",1999,NA,60
"1999-08-23","Henderson Lake",1999,NA,180
"1999-09-06","Long Lake (A)",1999,NA,90
"1999-09-06","Long Lake (B)",1999,NA,70
"1999-09-14","Tuya Lake",1999,NA,80
"1999-09-23","Skaha Lake",1999,NA,60
"1999-09-25","Osoyoos Lake N",1999,NA,70
"1999-10-11","Tahltan Lake",1999,NA,98
"1999-10-14","Tatsamenie Lake",1999,NA,141
"1999-11-11","Skidegate Lake NE",1999,NA,35
"1999-11-11","Skidegate Lake SW",1999,NA,9
"1999-11-26","Yakoun Lake",1999,NA,120
"1999-11-29","Great Central Lake",1999,NA,78
"1999-11-30","Sproat Lake",1999,NA,121
"2000-02-01","Kennedy Lake (Clay)",1999,NA,160
"2000-02-02","Kennedy Lake (Main)",1999,NA,150
"2000-02-08","Muriel Lake",1999,NA,80
"2000-06-26","Woss Lake",2000,NA,55
"2000-06-27","Vernon Lake",2000,NA,36
"2000-06-27","Woss Lake",2000,NA,55
"2000-06-28","Vernon Lake",2000,NA,36
"2000-07-05","Osoyoos Lake N",2000,NA,70
"2000-07-06","Osoyoos Lake N",2000,NA,70
"2000-07-08","Skaha Lake",2000,NA,60
"2000-07-09","Skaha Lake",2000,NA,60
"2000-07-11","Henderson Lake",2000,NA,180
"2000-07-12","Henderson Lake",2000,NA,180
"2000-07-19","Schoen Lake",2000,NA,36
"2000-08-06","Vernon Lake",2000,NA,36
"2000-08-07","Woss Lake",2000,NA,55
"2000-08-15","Tuya Lake",2000,NA,80
"2000-08-24","Tatsamenie Lake",2000,NA,144
"2000-08-30","Kingsalmon Lake",2000,NA,56
"2000-09-15","Long Lake (A)",2000,NA,90
"2000-09-15","Long Lake (B)",2000,NA,70
"2000-09-21","Woss Lake",2000,NA,55
"2000-09-22","Vernon Lake",2000,NA,36
"2000-09-23","Vernon Lake",2000,NA,36
"2000-09-27","Osoyoos Lake N",2000,NA,70
"2000-09-28","Osoyoos Lake N",2000,NA,70
"2000-09-30","Skaha Lake",2000,NA,60
"2000-10-01","Skaha Lake",2000,NA,60
"2000-10-11","Tatsamenie Lake",2000,NA,144
"2000-10-18","Woss Lake",2000,NA,55
"2000-10-24","Kennedy Lake (Main)",2000,NA,150
"2000-10-25","Kennedy Lake (Clay)",2000,NA,160
"2000-10-25","Kennedy Lake (Main)",2000,NA,150
"2000-10-30","Muriel Lake",2000,NA,80
"2000-10-31","Muriel Lake",2000,NA,80
"2000-11-09","Heydon Lake",2000,NA,64
"2000-11-21","Henderson Lake",2000,NA,180
"2000-11-28","Sproat Lake",2000,NA,121
"2000-11-29","Great Central Lake",2000,NA,78
"2000-12-12","Woss Lake",2000,NA,55
"2000-12-13","Vernon Lake",2000,NA,36
"2001-06-11","Osoyoos Lake N",2001,NA,70
"2001-06-14","Skaha Lake",2001,NA,60
"2001-07-09","Vernon Lake",2001,NA,36
"2001-07-10","Woss Lake",2001,NA,55
"2001-07-23","Skaha Lake",2001,NA,60
"2001-07-25","Osoyoos Lake N",2001,NA,70
"2001-08-06","Woss Lake",2001,NA,55
"2001-08-18","Tatsamenie Lake",2001,NA,144
"2001-08-29","Vernon Lake",2001,NA,36
"2001-09-03","Woss Lake",2001,NA,55
"2001-09-20","Tatsamenie Lake",2001,NA,144
"2001-10-09","Tatsamenie Lake",2001,NA,144
"2001-10-19","Skaha Lake",2001,NA,60
"2001-10-23","Vernon Lake",2001,NA,36
"2001-10-24","Woss Lake",2001,NA,55
"2001-10-29","Henderson Lake",2001,NA,180
"2001-11-16","Long Lake (A)",2001,NA,90
"2001-11-16","Long Lake (B)",2001,NA,70
"2001-11-26","Osoyoos Lake N",2001,NA,70
"2001-12-05","Great Central Lake",2001,NA,78
"2001-12-05","Sproat Lake",2001,NA,121
"2001-12-11","Nimpkish Lake",2001,NA,88
"2001-12-12","Woss Lake",2001,NA,55
"2001-12-13","Vernon Lake",2001,NA,36
"2002-02-12","Long Lake (A)",2001,NA,90
"2002-02-12","Long Lake (B)",2001,NA,70
"2002-02-20","Woss Lake",2001,NA,55
"2002-02-25","Kennedy Lake (Clay)",2001,NA,160
"2002-02-25","Kennedy Lake (Main)",2001,NA,150
"2002-03-01","Muriel Lake",2001,NA,80
"2002-03-10","Great Central Lake",2001,NA,78
"2002-04-24","Osoyoos Lake N",2002,NA,70
"2002-04-25","Skaha Lake",2002,NA,90
"2002-06-19","Vernon Lake",2002,NA,63
"2002-06-20","Woss Lake",2002,NA,154
"2002-07-10","Vernon Lake",2002,NA,63
"2002-07-11","Woss Lake",2002,NA,154
"2002-07-19","Tatsamenie Lake",2002,NA,144
"2002-07-29","Vernon Lake",2002,NA,63
"2002-07-30","Woss Lake",2002,NA,154
"2002-08-17","Vernon Lake",2002,NA,63
"2002-08-18","Woss Lake",2002,NA,154
"2002-08-29","Skaha Lake",2002,NA,90
"2002-09-11","Vernon Lake",2002,NA,63
"2002-09-12","Woss Lake",2002,NA,154
"2002-09-17","Sakinaw Lake",2002,NA,112
"2002-09-17",NA,2002,NA,63
"2002-09-22","Vernon Lake",2002,NA,63
"2002-09-23","Woss Lake",2002,NA,154
"2002-10-03","Tatsamenie Lake",2002,NA,144
"2002-10-15","Long Lake (B)",2002,NA,70
"2002-10-21","Vernon Lake",2002,NA,63
"2002-10-22","Woss Lake",2002,NA,154
"2002-10-29","Osoyoos Lake N",2002,NA,70
"2002-11-01","Skaha Lake",2002,NA,90
"2002-11-05","Henderson Lake",2002,NA,180
"2002-11-20","Nimpkish Lake",2002,NA,88
"2002-11-25","Osoyoos Lake N",2002,NA,70
"2002-11-26","Skaha Lake",2002,NA,90
"2002-12-05","Nimpkish Lake",2002,NA,88
"2002-12-17","Kennedy Lake (Clay)",2002,NA,160
"2002-12-18","Kennedy Lake (Main)",2002,NA,150
"2003-01-15","Great Central Lake",2002,NA,78
"2003-01-16","Sproat Lake",2002,NA,121
"2003-01-21","Nimpkish Lake",2002,NA,88
"2003-02-05","Owikeno Lake (A)",2002,NA,169
"2003-02-05","Owikeno Lake (B)",2002,NA,104
"2003-02-05","Owikeno Lake (C)",2002,NA,11
"2003-02-05","Owikeno Lake (D)",2002,NA,44
"2003-02-12","Long Lake (A)",2002,NA,90
"2003-02-12","Long Lake (B)",2002,NA,70
"2003-02-24","Osoyoos Lake N",2002,NA,70
"2003-02-26","Skaha Lake",2002,NA,90
"2003-03-05","Woss Lake",2002,NA,154
"2003-03-11","Muriel Lake",2002,NA,80
"2003-05-26","Osoyoos Lake N",2003,NA,70
"2003-05-28","Skaha Lake",2003,NA,90
"2003-06-22","Vernon Lake",2003,NA,63
"2003-06-23","Woss Lake",2003,NA,154
"2003-08-07","Tuya Lake",2003,NA,80
"2003-09-08","Ian Lake",2003,NA,90
"2003-09-08","Yakoun Lake",2003,NA,120
"2003-09-09","Skidegate Lake NE",2003,NA,35
"2003-09-09","Skidegate Lake SW",2003,NA,9
"2003-09-16","Woss Lake",2003,NA,154
"2003-09-20","Osoyoos Lake N",2003,NA,70
"2003-09-22","Skaha Lake",2003,NA,90
"2003-09-23","Skaha Lake",2003,NA,90
"2003-10-04","Tatsamenie Lake",2003,NA,144
"2003-10-29","Vernon Lake",2003,NA,63
"2003-11-04","Woss Lake",2003,NA,154
"2003-11-25","Long Lake (A)",2003,NA,90
"2003-11-25","Long Lake (B)",2003,NA,70
"2003-12-09","Nimpkish Lake",2003,NA,88
"2003-12-10","Vernon Lake",2003,NA,63
"2003-12-17","Woss Lake",2003,NA,154
"2004-01-19","Sproat Lake",2003,NA,121
"2004-01-23","Great Central Lake",2003,NA,78
"2004-02-05","Owikeno Lake (A)",2003,NA,169
"2004-02-05","Owikeno Lake (B)",2003,NA,104
"2004-02-14","Owikeno Lake (B)",2003,NA,104
"2004-03-03","Osoyoos Lake N",2003,NA,70
"2004-03-10","Henderson Lake",2003,NA,180
"2004-05-11","Skaha Lake",2004,NA,90
"2004-05-12","Skaha Lake",2004,NA,90
"2004-06-16","Woss Lake",2004,NA,154
"2004-07-19","Skaha Lake",2004,NA,90
"2004-07-21","Osoyoos Lake N",2004,NA,70
"2004-08-17","Vernon Lake",2004,NA,63
"2004-08-18","Woss Lake",2004,NA,154
"2004-08-24","Trapper Lake",2004,NA,45
"2004-09-12","Tuya Lake",2004,NA,80
"2004-09-19","Vernon Lake",2004,NA,63
"2004-09-20","Woss Lake",2004,NA,154
"2004-10-03","Tatsamenie Lake",2004,NA,144
"2004-10-19","Woss Lake",2004,NA,154
"2004-10-20","Vernon Lake",2004,NA,63
"2004-11-02","Skaha Lake",2004,NA,90
"2004-11-03","Osoyoos Lake N",2004,NA,70
"2004-11-04","Skaha Lake",2004,NA,90
"2004-11-28","Henderson Lake",2004,NA,180
"2004-12-08","Great Central Lake",2004,NA,78
"2005-01-11",NA,2004,NA,35
"2005-01-18",NA,2004,NA,64
"2005-01-25",NA,2004,NA,80
"2005-01-26","Sproat Lake",2004,NA,121
"2005-02-03","Skaha Lake",2004,NA,90
"2005-02-08","Kennedy Lake (Main)",2004,NA,150
"2005-02-09","Kennedy Lake (Clay)",2004,NA,160
"2005-02-19",NA,2004,NA,98
"2005-02-24",NA,2004,NA,64
"2005-02-25",NA,2004,NA,64
"2005-02-26",NA,2004,NA,64
"2005-05-24","Skaha Lake",2005,NA,90
"2005-05-26","Osoyoos Lake N",2005,NA,70
"2005-06-28","Henderson Lake",2005,NA,180
"2005-07-11","Skaha Lake",2005,NA,90
"2005-07-27","Henderson Lake",2005,NA,180
"2005-08-02","Skaha Lake",2005,NA,90
"2005-08-05","Osoyoos Lake N",2005,NA,70
"2005-09-12","Skaha Lake",2005,NA,90
"2005-09-13","Osoyoos Lake N",2005,NA,70
"2005-09-18","Woss Lake",2005,NA,154
"2005-09-19","Vernon Lake",2005,NA,63
"2005-09-27","Henderson Lake",2005,NA,180
"2005-10-02","Skaha Lake",2005,NA,90
"2005-10-04","Tatsamenie Lake",2005,NA,144
"2005-10-04","Vernon Lake",2005,NA,63
"2005-10-05","Woss Lake",2005,NA,154
"2005-11-01","Vernon Lake",2005,NA,63
"2005-11-02","Woss Lake",2005,NA,154
"2005-11-22","Skaha Lake",2005,NA,90
"2005-11-28","Osoyoos Lake N",2005,NA,70
"2005-12-07","Long Lake (A)",2005,NA,90
"2005-12-07","Long Lake (B)",2005,NA,70
"2005-12-12","Vernon Lake",2005,NA,63
"2005-12-14","Woss Lake",2005,NA,154
"2006-01-04","Sproat Lake",2005,NA,121
"2006-01-09","Henderson Lake",2005,NA,180
"2006-01-17","Skaha Lake",2005,NA,90
"2006-01-18","Osoyoos Lake N",2005,NA,70
"2006-01-25","Owikeno Lake (A)",2005,NA,169
"2006-02-16","Great Central Lake",2005,NA,78
"2006-02-21","Kennedy Lake (Main)",2005,NA,150
"2006-02-22","Kennedy Lake (Clay)",2005,NA,160
"2006-05-17","Osoyoos Lake N",2006,NA,70
"2006-06-21","Henderson Lake",2006,NA,180
"2006-06-26","Skaha Lake",2006,NA,90
"2006-06-28","Vernon Lake",2006,NA,63
"2006-07-03","Woss Lake",2006,NA,154
"2006-07-20","Henderson Lake",2006,NA,180
"2006-08-22","Vernon Lake",2006,NA,63
"2006-08-23","Woss Lake",2006,NA,154
"2006-09-19","Henderson Lake",2006,NA,180
"2006-11-02","Woss Lake",2006,NA,154
"2006-11-05","Vernon Lake",2006,NA,63
"2006-11-22","Osoyoos Lake N",2006,NA,70
"2006-11-23","Skaha Lake",2006,NA,90
"2007-01-15","Kennedy Lake (Clay)",2006,NA,160
"2007-01-15","Kennedy Lake (Main)",2006,NA,150
"2007-01-20","Henderson Lake",2006,NA,180
"2007-02-05","Great Central Lake",2006,NA,78
"2007-02-07","Sproat Lake",2006,NA,121
"2007-02-15","Owikeno Lake (A)",2006,NA,169
"2007-02-15","Owikeno Lake (B)",2006,NA,104
"2007-02-20","Long Lake (A)",2006,NA,90
"2007-02-20","Long Lake (B)",2006,NA,70
"2007-02-26","Skaha Lake",2006,NA,90
"2007-03-14","Osoyoos Lake N",2006,NA,70
"2007-03-14",NA,2006,NA,98
"2007-06-23","Woss Lake",2007,NA,154
"2007-06-28","Henderson Lake",2007,NA,180
"2007-07-17","Skaha Lake",2007,NA,90
"2007-07-17",NA,2007,NA,150
"2007-07-18","Osoyoos Lake N",2007,NA,70
"2007-07-18",NA,2007,NA,98
"2007-07-26","Henderson Lake",2007,NA,180
"2007-08-13","Skaha Lake",2007,NA,90
"2007-08-15","Osoyoos Lake N",2007,NA,70
"2007-08-19","Vernon Lake",2007,NA,63
"2007-08-21","Woss Lake",2007,NA,154
"2007-08-24","Henderson Lake",2007,NA,180
"2007-10-21","Vernon Lake",2007,NA,63
"2007-11-08","Long Lake (A)",2007,NA,90
"2007-11-08","Long Lake (B)",2007,NA,70
"2007-12-11","Woss Lake",2007,NA,154
"2007-12-12","Vernon Lake",2007,NA,63
"2008-01-15",NA,2007,NA,98
"2008-01-31","Woss Lake",2007,NA,154
"2008-02-20","Owikeno Lake (B)",2007,NA,104
"2008-02-21","Owikeno Lake (A)",2007,NA,169
"2008-02-23","Long Lake (A)",2007,NA,90
"2008-02-23","Long Lake (B)",2007,NA,70
"2008-03-11",NA,2007,NA,150
