"trawl_date","trawl_comment","lake_code","process_date","processor","start_time","end_time","duration_mi","depth_m","trawl_number","sample_type","species_info_code","fish_description","species_code_comment","fish_length_mm","fish_weight_g","standardized_weight_g","fish_total","fish_id","preservative_code","sample_number","scale","scale_book","scale_book_letter","age","aging_technique","aging_technique_name","source_files","source_line","trawl_unique_ID","fish_unique_ID","trawl_month","ats_year","comment","time_comment","preservative_code_comment","depth_m_comments","trawl_date_comment","trawl_number_comment","program_notes","merging_update_type",".joyn","duplicate_flag","invalid_start_time","invalid_end_time","species_code","genus_name","species_name","lake_name","lake_latitude","lake_longitude","no_species_name_comments","invalid_duration_time","calc_duration_time","duration_final","duration_comment","calc_end_time","calc_end_time_comment","preservative_description","preservative_description_short","weight_conversion_formula","calc_value","preservative_note","scale_book_comment","gear_type","gear_type_comment"
1977-08-16,NA,40,NA,NA,"23:00:00","23:20:00",20,10,1,NA,2,"Stickleback","",5,0.09,NA,13,10,NA,NA,NA,NA,NA,NA,5,"Defaulted","trawl77.sas7bdat",NA,"1977-08-16_40_1_10","1977-08-16_40_1_10_2_10_0.09_5",8,1977,NA,NA,NA,"",NA,NA,"AA - Living Data Program - 2025","Single-row",NA,NA,NA,NA,2,"Gasterosteus","aculeatus","Kennedy Lake (Clay)","49 deg 08 min","125 deg 35 min",NA,NA,20,20,"matches calculated start_time and end_time","23:20:00",NA,NA,NA,NA,NA,NA,NA,"Trawl",NA
1977-08-16,NA,40,NA,NA,"23:00:00","23:20:00",20,10,1,NA,2,"Stickleback","",9,1.19,NA,13,11,NA,NA,NA,NA,NA,NA,5,"Defaulted","trawl77.sas7bdat",NA,"1977-08-16_40_1_10","1977-08-16_40_1_10_2_11_1.19_9",8,1977,NA,NA,NA,"",NA,NA,"AA - Living Data Program - 2025","Single-row",NA,NA,NA,NA,2,"Gasterosteus","aculeatus","Kennedy Lake (Clay)","49 deg 08 min","125 deg 35 min",NA,NA,20,20,"matches calculated start_time and end_time","23:20:00",NA,NA,NA,NA,NA,NA,NA,"Trawl",NA
1977-08-16,NA,40,NA,NA,"23:00:00","23:20:00",20,10,1,NA,2,"Stickleback","",3,1.53,NA,13,12,NA,NA,NA,NA,NA,NA,5,"Defaulted","trawl77.sas7bdat",NA,"1977-08-16_40_1_10","1977-08-16_40_1_10_2_12_1.53_3",8,1977,NA,NA,NA,"",NA,NA,"AA - Living Data Program - 2025","Single-row",NA,NA,NA,NA,2,"Gasterosteus","aculeatus","Kennedy Lake (Clay)","49 deg 08 min","125 deg 35 min",NA,NA,20,20,"matches calculated start_time and end_time","23:20:00",NA,NA,NA,NA,NA,NA,NA,"Trawl",NA
1977-08-16,NA,40,NA,NA,"23:00:00","23:20:00",20,10,1,NA,2,"Stickleback","",6,1.53,NA,13,13,NA,NA,NA,NA,NA,NA,5,"Defaulted","trawl77.sas7bdat",NA,"1977-08-16_40_1_10","1977-08-16_40_1_10_2_13_1.53_6",8,1977,NA,NA,NA,"",NA,NA,"AA - Living Data Program - 2025","Single-row",NA,NA,NA,NA,2,"Gasterosteus","aculeatus","Kennedy Lake (Clay)","49 deg 08 min","125 deg 35 min",NA,NA,20,20,"matches calculated start_time and end_time","23:20:00",NA,NA,NA,NA,NA,NA,NA,"Trawl",NA
1977-08-16,NA,40,NA,NA,"23:52:00","00:12:00",20,17,2,NA,2,"Stickleback","",4,0.13,NA,10,10,NA,NA,NA,NA,NA,NA,5,"Defaulted","trawl77.sas7bdat",NA,"1977-08-16_40_2_17","1977-08-16_40_2_17_2_10_0.13_4",8,1977,NA,NA,NA,"",NA,NA,"AA - Living Data Program - 2025","Single-row",NA,NA,NA,NA,2,"Gasterosteus","aculeatus","Kennedy Lake (Clay)","49 deg 08 min","125 deg 35 min",NA,NA,20,20,"matches calculated start_time and end_time","00:12:00",NA,NA,NA,NA,NA,NA,NA,"Trawl",NA
1977-08-16,NA,40,NA,NA,"23:52:00","00:12:00",20,17,2,NA,2,"Stickleback","",6,0.1,NA,10,1,NA,NA,NA,NA,NA,NA,5,"Defaulted","trawl77.sas7bdat",NA,"1977-08-16_40_2_17","1977-08-16_40_2_17_2_1_0.1_6",8,1977,NA,NA,NA,"",NA,NA,"AA - Living Data Program - 2025","Single-row",NA,NA,NA,NA,2,"Gasterosteus","aculeatus","Kennedy Lake (Clay)","49 deg 08 min","125 deg 35 min",NA,NA,20,20,"matches calculated start_time and end_time","00:12:00",NA,NA,NA,NA,NA,NA,NA,"Trawl",NA
1977-08-16,NA,40,NA,NA,"23:52:00","00:12:00",20,17,2,NA,2,"Stickleback","",8,0.15,NA,10,2,NA,NA,NA,NA,NA,NA,5,"Defaulted","trawl77.sas7bdat",NA,"1977-08-16_40_2_17","1977-08-16_40_2_17_2_2_0.15_8",8,1977,NA,NA,NA,"",NA,NA,"AA - Living Data Program - 2025","Single-row",NA,NA,NA,NA,2,"Gasterosteus","aculeatus","Kennedy Lake (Clay)","49 deg 08 min","125 deg 35 min",NA,NA,20,20,"matches calculated start_time and end_time","00:12:00",NA,NA,NA,NA,NA,NA,NA,"Trawl",NA
1977-08-16,NA,40,NA,NA,"23:52:00","00:12:00",20,17,2,NA,2,"Stickleback","",8,0.12,NA,10,3,NA,NA,NA,NA,NA,NA,5,"Defaulted","trawl77.sas7bdat",NA,"1977-08-16_40_2_17","1977-08-16_40_2_17_2_3_0.12_8",8,1977,NA,NA,NA,"",NA,NA,"AA - Living Data Program - 2025","Single-row",NA,NA,NA,NA,2,"Gasterosteus","aculeatus","Kennedy Lake (Clay)","49 deg 08 min","125 deg 35 min",NA,NA,20,20,"matches calculated start_time and end_time","00:12:00",NA,NA,NA,NA,NA,NA,NA,"Trawl",NA
1977-08-16,NA,40,NA,NA,"23:52:00","00:12:00",20,17,2,NA,2,"Stickleback","",9,0.12,NA,10,4,NA,NA,NA,NA,NA,NA,5,"Defaulted","trawl77.sas7bdat",NA,"1977-08-16_40_2_17","1977-08-16_40_2_17_2_4_0.12_9",8,1977,NA,NA,NA,"",NA,NA,"AA - Living Data Program - 2025","Single-row",NA,NA,NA,NA,2,"Gasterosteus","aculeatus","Kennedy Lake (Clay)","49 deg 08 min","125 deg 35 min",NA,NA,20,20,"matches calculated start_time and end_time","00:12:00",NA,NA,NA,NA,NA,NA,NA,"Trawl",NA
1977-08-16,NA,40,NA,NA,"23:52:00","00:12:00",20,17,2,NA,2,"Stickleback","",9,0.12,NA,10,5,NA,NA,NA,NA,NA,NA,5,"Defaulted","trawl77.sas7bdat",NA,"1977-08-16_40_2_17","1977-08-16_40_2_17_2_5_0.12_9",8,1977,NA,NA,NA,"",NA,NA,"AA - Living Data Program - 2025","Single-row",NA,NA,NA,NA,2,"Gasterosteus","aculeatus","Kennedy Lake (Clay)","49 deg 08 min","125 deg 35 min",NA,NA,20,20,"matches calculated start_time and end_time","00:12:00",NA,NA,NA,NA,NA,NA,NA,"Trawl",NA
1977-08-16,NA,40,NA,NA,"23:52:00","00:12:00",20,17,2,NA,2,"Stickleback","",1,0.14,NA,10,8,NA,NA,NA,NA,NA,NA,5,"Defaulted","trawl77.sas7bdat",NA,"1977-08-16_40_2_17","1977-08-16_40_2_17_2_8_0.14_1",8,1977,NA,NA,NA,"",NA,NA,"AA - Living Data Program - 2025","Single-row",NA,NA,NA,NA,2,"Gasterosteus","aculeatus","Kennedy Lake (Clay)","49 deg 08 min","125 deg 35 min",NA,NA,20,20,"matches calculated start_time and end_time","00:12:00",NA,NA,NA,NA,NA,NA,NA,"Trawl",NA
1977-08-16,NA,40,NA,NA,"23:52:00","00:12:00",20,17,2,NA,2,"Stickleback","",2,0.14,NA,10,9,NA,NA,NA,NA,NA,NA,5,"Defaulted","trawl77.sas7bdat",NA,"1977-08-16_40_2_17","1977-08-16_40_2_17_2_9_0.14_2",8,1977,NA,NA,NA,"",NA,NA,"AA - Living Data Program - 2025","Single-row",NA,NA,NA,NA,2,"Gasterosteus","aculeatus","Kennedy Lake (Clay)","49 deg 08 min","125 deg 35 min",NA,NA,20,20,"matches calculated start_time and end_time","00:12:00",NA,NA,NA,NA,NA,NA,NA,"Trawl",NA
1977-08-17,NA,40,NA,NA,"01:05:00","01:25:00",20,13,3,NA,2,"Stickleback","",33,3.14,NA,14,1,NA,NA,NA,NA,NA,NA,5,"Defaulted","trawl77.sas7bdat",NA,"1977-08-17_40_3_13","1977-08-17_40_3_13_2_1_3.14_33",8,1977,NA,NA,NA,"",NA,NA,"AA - Living Data Program - 2025","Single-row",NA,NA,NA,NA,2,"Gasterosteus","aculeatus","Kennedy Lake (Clay)","49 deg 08 min","125 deg 35 min",NA,NA,20,20,"matches calculated start_time and end_time","01:25:00",NA,NA,NA,NA,NA,NA,NA,"Trawl",NA
1977-09-21,NA,40,NA,NA,"23:13:00","23:33:00",20,15,4,NA,2,"Stickleback","",52,3.34,NA,91,65,NA,NA,NA,NA,NA,NA,5,"Defaulted","trawl77.sas7bdat",NA,"1977-09-21_40_4_15","1977-09-21_40_4_15_2_65_3.34_52",9,1977,NA,NA,NA,"",NA,NA,"AA - Living Data Program - 2025","Single-row",NA,NA,NA,NA,2,"Gasterosteus","aculeatus","Kennedy Lake (Clay)","49 deg 08 min","125 deg 35 min",NA,NA,20,20,"matches calculated start_time and end_time","23:33:00",NA,NA,NA,NA,NA,NA,NA,"Trawl",NA
1978-08-16,NA,40,NA,NA,"01:40:00","01:50:00",10,16,3,NA,2,"Stickleback","",18,0.53,NA,125,1,NA,NA,NA,NA,NA,NA,5,"Defaulted","trawl78.sas7bdat",NA,"1978-08-16_40_3_16","1978-08-16_40_3_16_2_1_0.53_18",8,1978,NA,NA,NA,"",NA,NA,"AA - Living Data Program - 2025","Single-row",NA,NA,NA,NA,2,"Gasterosteus","aculeatus","Kennedy Lake (Clay)","49 deg 08 min","125 deg 35 min",NA,NA,10,10,"matches calculated start_time and end_time","01:50:00",NA,NA,NA,NA,NA,NA,NA,"Trawl",NA
1978-08-16,NA,40,NA,NA,"01:40:00","01:50:00",10,16,3,NA,2,"Stickleback","",20,0.61,NA,125,2,NA,NA,NA,NA,NA,NA,5,"Defaulted","trawl78.sas7bdat",NA,"1978-08-16_40_3_16","1978-08-16_40_3_16_2_2_0.61_20",8,1978,NA,NA,NA,"",NA,NA,"AA - Living Data Program - 2025","Single-row",NA,NA,NA,NA,2,"Gasterosteus","aculeatus","Kennedy Lake (Clay)","49 deg 08 min","125 deg 35 min",NA,NA,10,10,"matches calculated start_time and end_time","01:50:00",NA,NA,NA,NA,NA,NA,NA,"Trawl",NA
1978-08-16,NA,40,NA,NA,"03:15:00","03:30:00",15,13,4,NA,1,"Sockeye","Fry",30,2.17,2.17,139,117,0,NA,NA,NA,NA,NA,5,"Defaulted","trawl78.sas7bdat",NA,"1978-08-16_40_4_13","1978-08-16_40_4_13_1_117_2.17_30",8,1978,NA,NA,NA,"",NA,NA,"AA - Living Data Program - 2025","Single-row",NA,NA,NA,NA,1,"Oncorhynchus","nerka","Kennedy Lake (Clay)","49 deg 08 min","125 deg 35 min",NA,NA,15,15,"matches calculated start_time and end_time","03:30:00",NA,"Weighed fresh - no preservative","Fresh","std weight = weight",1,"",NA,"Trawl",NA
1978-10-05,NA,11,NA,NA,"21:53:00","22:23:00",30,25,2,NA,1,"Sockeye","Fry",45,1.92,1.92,103,2,0,NA,NA,NA,NA,NA,5,"Defaulted","trawl78.sas7bdat",NA,"1978-10-05_11_2_25","1978-10-05_11_2_25_1_2_1.92_45",10,1978,NA,NA,NA,"",NA,NA,"AA - Living Data Program - 2025","Single-row",NA,NA,NA,NA,1,"Oncorhynchus","nerka","Fred Wright Lake","55 deg 58 min","128 deg 47 min",NA,NA,30,30,"matches calculated start_time and end_time","22:23:00",NA,"Weighed fresh - no preservative","Fresh","std weight = weight",1,"",NA,"Trawl",NA
1978-11-15,NA,40,NA,NA,"23:27:00","23:47:00",20,42,3,NA,2,"Stickleback","",12,0.28,NA,20,7,NA,NA,NA,NA,NA,NA,5,"Defaulted","trawl78.sas7bdat",NA,"1978-11-15_40_3_42","1978-11-15_40_3_42_2_7_0.28_12",11,1978,NA,NA,NA,"",NA,NA,"AA - Living Data Program - 2025","Single-row",NA,NA,NA,NA,2,"Gasterosteus","aculeatus","Kennedy Lake (Clay)","49 deg 08 min","125 deg 35 min",NA,NA,20,20,"matches calculated start_time and end_time","23:47:00",NA,NA,NA,NA,NA,NA,NA,"Trawl",NA
1978-11-30,NA,40,NA,NA,"18:25:00","18:37:00",12,38,5,NA,2,"Stickleback","",30,0.76,NA,45,12,NA,NA,NA,NA,NA,NA,5,"Defaulted","trawl78.sas7bdat",NA,"1978-11-30_40_5_38","1978-11-30_40_5_38_2_12_0.76_30",11,1978,NA,NA,NA,"",NA,NA,"AA - Living Data Program - 2025","Single-row",NA,NA,NA,NA,2,"Gasterosteus","aculeatus","Kennedy Lake (Clay)","49 deg 08 min","125 deg 35 min",NA,NA,12,12,"matches calculated start_time and end_time","18:37:00",NA,NA,NA,NA,NA,NA,NA,"Trawl",NA
1978-11-30,NA,40,NA,NA,"18:25:00","18:37:00",12,38,5,NA,2,"Stickleback","",31,0.6,NA,45,13,NA,NA,NA,NA,NA,NA,5,"Defaulted","trawl78.sas7bdat",NA,"1978-11-30_40_5_38","1978-11-30_40_5_38_2_13_0.6_31",11,1978,NA,NA,NA,"",NA,NA,"AA - Living Data Program - 2025","Single-row",NA,NA,NA,NA,2,"Gasterosteus","aculeatus","Kennedy Lake (Clay)","49 deg 08 min","125 deg 35 min",NA,NA,12,12,"matches calculated start_time and end_time","18:37:00",NA,NA,NA,NA,NA,NA,NA,"Trawl",NA
1979-07-26,NA,41,NA,NA,"22:09:00","22:24:00",15,12,1,NA,2,"Stickleback","",44,0.02,NA,117,12,NA,NA,NA,NA,NA,NA,5,"Defaulted","trawl79.sas7bdat",NA,"1979-07-26_41_1_12","1979-07-26_41_1_12_2_12_0.02_44",7,1979,NA,NA,NA,"",NA,NA,"AA - Living Data Program - 2025","Single-row",NA,NA,NA,NA,2,"Gasterosteus","aculeatus","Kennedy Lake (Main)","49 deg 04 min","125 deg 34 min",NA,NA,15,15,"matches calculated start_time and end_time","22:24:00",NA,NA,NA,NA,NA,NA,NA,"Trawl",NA
1979-07-27,NA,41,NA,NA,"00:10:00","00:15:00",5,8,2,NA,2,"Stickleback","",46,1.96,NA,567,207,NA,NA,NA,NA,NA,NA,5,"Defaulted","trawl79.sas7bdat",NA,"1979-07-27_41_2_8","1979-07-27_41_2_8_2_207_1.96_46",7,1979,NA,NA,NA,"",NA,NA,"AA - Living Data Program - 2025","Single-row",NA,NA,NA,NA,2,"Gasterosteus","aculeatus","Kennedy Lake (Main)","49 deg 04 min","125 deg 34 min",NA,NA,5,5,"matches calculated start_time and end_time","00:15:00",NA,NA,NA,NA,NA,NA,NA,"Trawl",NA
1979-07-27,NA,41,NA,NA,"00:10:00","00:15:00",5,8,2,NA,2,"Stickleback","",47,0.06,NA,567,250,NA,NA,NA,NA,NA,NA,5,"Defaulted","trawl79.sas7bdat",NA,"1979-07-27_41_2_8","1979-07-27_41_2_8_2_250_0.06_47",7,1979,NA,NA,NA,"",NA,NA,"AA - Living Data Program - 2025","Single-row",NA,NA,NA,NA,2,"Gasterosteus","aculeatus","Kennedy Lake (Main)","49 deg 04 min","125 deg 34 min",NA,NA,5,5,"matches calculated start_time and end_time","00:15:00",NA,NA,NA,NA,NA,NA,NA,"Trawl",NA
1979-09-12,NA,41,NA,NA,"22:32:00","22:37:00",15,6,2,NA,2,"Stickleback","",7,0.19,NA,275,30,NA,NA,NA,NA,NA,NA,5,"Defaulted","trawl79.sas7bdat",NA,"1979-09-12_41_2_6","1979-09-12_41_2_6_2_30_0.19_7",9,1979,NA,NA,NA,"",NA,NA,"AA - Living Data Program - 2025","Single-row",NA,NA,NA,NA,2,"Gasterosteus","aculeatus","Kennedy Lake (Main)","49 deg 04 min","125 deg 34 min",NA,NA,5,15,"did NOT match calculated start_time and end_time, likely end_time error","22:47:00",NA,NA,NA,NA,NA,NA,NA,"Trawl",NA
1979-09-12,NA,41,NA,NA,"22:32:00","22:37:00",15,6,2,NA,2,"Stickleback","",7,0.2,NA,275,31,NA,NA,NA,NA,NA,NA,5,"Defaulted","trawl79.sas7bdat",NA,"1979-09-12_41_2_6","1979-09-12_41_2_6_2_31_0.2_7",9,1979,NA,NA,NA,"",NA,NA,"AA - Living Data Program - 2025","Single-row",NA,NA,NA,NA,2,"Gasterosteus","aculeatus","Kennedy Lake (Main)","49 deg 04 min","125 deg 34 min",NA,NA,5,15,"did NOT match calculated start_time and end_time, likely end_time error","22:47:00",NA,NA,NA,NA,NA,NA,NA,"Trawl",NA
1979-09-12,NA,41,NA,NA,"22:32:00","22:37:00",15,6,2,NA,2,"Stickleback","",7,0.18,NA,275,32,NA,NA,NA,NA,NA,NA,5,"Defaulted","trawl79.sas7bdat",NA,"1979-09-12_41_2_6","1979-09-12_41_2_6_2_32_0.18_7",9,1979,NA,NA,NA,"",NA,NA,"AA - Living Data Program - 2025","Single-row",NA,NA,NA,NA,2,"Gasterosteus","aculeatus","Kennedy Lake (Main)","49 deg 04 min","125 deg 34 min",NA,NA,5,15,"did NOT match calculated start_time and end_time, likely end_time error","22:47:00",NA,NA,NA,NA,NA,NA,NA,"Trawl",NA
1979-09-12,NA,41,NA,NA,"22:32:00","22:37:00",15,6,2,NA,2,"Stickleback","",7,0.14,NA,275,33,NA,NA,NA,NA,NA,NA,5,"Defaulted","trawl79.sas7bdat",NA,"1979-09-12_41_2_6","1979-09-12_41_2_6_2_33_0.14_7",9,1979,NA,NA,NA,"",NA,NA,"AA - Living Data Program - 2025","Single-row",NA,NA,NA,NA,2,"Gasterosteus","aculeatus","Kennedy Lake (Main)","49 deg 04 min","125 deg 34 min",NA,NA,5,15,"did NOT match calculated start_time and end_time, likely end_time error","22:47:00",NA,NA,NA,NA,NA,NA,NA,"Trawl",NA
1979-09-12,NA,41,NA,NA,"22:32:00","22:37:00",15,6,2,NA,2,"Stickleback","",7,0.19,NA,275,34,NA,NA,NA,NA,NA,NA,5,"Defaulted","trawl79.sas7bdat",NA,"1979-09-12_41_2_6","1979-09-12_41_2_6_2_34_0.19_7",9,1979,NA,NA,NA,"",NA,NA,"AA - Living Data Program - 2025","Single-row",NA,NA,NA,NA,2,"Gasterosteus","aculeatus","Kennedy Lake (Main)","49 deg 04 min","125 deg 34 min",NA,NA,5,15,"did NOT match calculated start_time and end_time, likely end_time error","22:47:00",NA,NA,NA,NA,NA,NA,NA,"Trawl",NA
1979-09-12,NA,41,NA,NA,"22:32:00","22:37:00",15,6,2,NA,2,"Stickleback","",7,0.19,NA,275,35,NA,NA,NA,NA,NA,NA,5,"Defaulted","trawl79.sas7bdat",NA,"1979-09-12_41_2_6","1979-09-12_41_2_6_2_35_0.19_7",9,1979,NA,NA,NA,"",NA,NA,"AA - Living Data Program - 2025","Single-row",NA,NA,NA,NA,2,"Gasterosteus","aculeatus","Kennedy Lake (Main)","49 deg 04 min","125 deg 34 min",NA,NA,5,15,"did NOT match calculated start_time and end_time, likely end_time error","22:47:00",NA,NA,NA,NA,NA,NA,NA,"Trawl",NA
1979-09-12,NA,41,NA,NA,"22:32:00","22:37:00",15,6,2,NA,2,"Stickleback","",7,0.19,NA,275,36,NA,NA,NA,NA,NA,NA,5,"Defaulted","trawl79.sas7bdat",NA,"1979-09-12_41_2_6","1979-09-12_41_2_6_2_36_0.19_7",9,1979,NA,NA,NA,"",NA,NA,"AA - Living Data Program - 2025","Single-row",NA,NA,NA,NA,2,"Gasterosteus","aculeatus","Kennedy Lake (Main)","49 deg 04 min","125 deg 34 min",NA,NA,5,15,"did NOT match calculated start_time and end_time, likely end_time error","22:47:00",NA,NA,NA,NA,NA,NA,NA,"Trawl",NA
1979-09-12,NA,41,NA,NA,"22:32:00","22:37:00",15,6,2,NA,2,"Stickleback","",7,0.19,NA,275,37,NA,NA,NA,NA,NA,NA,5,"Defaulted","trawl79.sas7bdat",NA,"1979-09-12_41_2_6","1979-09-12_41_2_6_2_37_0.19_7",9,1979,NA,NA,NA,"",NA,NA,"AA - Living Data Program - 2025","Single-row",NA,NA,NA,NA,2,"Gasterosteus","aculeatus","Kennedy Lake (Main)","49 deg 04 min","125 deg 34 min",NA,NA,5,15,"did NOT match calculated start_time and end_time, likely end_time error","22:47:00",NA,NA,NA,NA,NA,NA,NA,"Trawl",NA
1979-10-04,NA,31,NA,NA,"21:22:00","21:52:00",30,14,1,NA,2,"Stickleback","",29,0.78,NA,154,104,NA,NA,NA,NA,NA,NA,5,"Defaulted","trawl79.sas7bdat",NA,"1979-10-04_31_1_14","1979-10-04_31_1_14_2_104_0.78_29",10,1979,NA,NA,NA,"",NA,NA,"AA - Living Data Program - 2025","Single-row",NA,NA,NA,NA,2,"Gasterosteus","aculeatus","Bonilla Lake","53 deg 31 min","130 deg 15 min",NA,NA,30,30,"matches calculated start_time and end_time","21:52:00",NA,NA,NA,NA,NA,NA,NA,"Trawl",NA
1979-10-04,NA,31,NA,NA,"21:22:00","21:52:00",30,14,1,NA,2,"Stickleback","",27,0.76,NA,154,105,NA,NA,NA,NA,NA,NA,5,"Defaulted","trawl79.sas7bdat",NA,"1979-10-04_31_1_14","1979-10-04_31_1_14_2_105_0.76_27",10,1979,NA,NA,NA,"",NA,NA,"AA - Living Data Program - 2025","Single-row",NA,NA,NA,NA,2,"Gasterosteus","aculeatus","Bonilla Lake","53 deg 31 min","130 deg 15 min",NA,NA,30,30,"matches calculated start_time and end_time","21:52:00",NA,NA,NA,NA,NA,NA,NA,"Trawl",NA
1979-11-06,NA,40,NA,NA,"21:40:00","21:50:00",10,25,2,NA,2,"Stickleback","",26,1.2,NA,98,13,NA,NA,NA,NA,NA,NA,5,"Defaulted","trawl79.sas7bdat",NA,"1979-11-06_40_2_25","1979-11-06_40_2_25_2_13_1.2_26",11,1979,NA,NA,NA,"",NA,NA,"AA - Living Data Program - 2025","Single-row",NA,NA,NA,NA,2,"Gasterosteus","aculeatus","Kennedy Lake (Clay)","49 deg 08 min","125 deg 35 min",NA,NA,10,10,"matches calculated start_time and end_time","21:50:00",NA,NA,NA,NA,NA,NA,NA,"Trawl",NA
1980-08-14,NA,8,NA,NA,"23:57:00","00:07:00",10,17,3,NA,1,"Sockeye","Fry",27,0.55,0.55,15,11,0,NA,NA,NA,NA,NA,5,"Defaulted","trawl80.sas7bdat",NA,"1980-08-14_8_3_17","1980-08-14_8_3_17_1_11_0.55_27",8,1980,NA,NA,NA,"",NA,NA,"AA - Living Data Program - 2025","Single-row",NA,NA,NA,NA,1,"Oncorhynchus","nerka","Long Lake","51 deg 15 min","127 deg 10 min",NA,NA,10,10,"matches calculated start_time and end_time","00:07:00",NA,"Weighed fresh - no preservative","Fresh","std weight = weight",1,"",NA,"Trawl",NA
1981-02-03,NA,41,NA,NA,"20:36:00","20:56:00",20,40,2,NA,2,"Stickleback","",28,1.4,NA,187,97,NA,NA,NA,NA,NA,NA,5,"Defaulted","trawl80.sas7bdat",NA,"1981-02-03_41_2_40","1981-02-03_41_2_40_2_97_1.4_28",2,1980,NA,NA,NA,"",NA,NA,"AA - Living Data Program - 2025","Single-row",NA,NA,NA,NA,2,"Gasterosteus","aculeatus","Kennedy Lake (Main)","49 deg 04 min","125 deg 34 min",NA,NA,20,20,"matches calculated start_time and end_time","20:56:00",NA,NA,NA,NA,NA,NA,NA,"Trawl",NA
1981-07-19,NA,31,NA,NA,"00:50:00","01:10:00",20,0,3,NA,2,"Stickleback","",71,0.09,NA,323,134,NA,NA,NA,NA,NA,NA,5,"Defaulted","trawl81.sas7bdat",NA,"1981-07-19_31_3_0","1981-07-19_31_3_0_2_134_0.09_71",7,1981,NA,NA,NA,"",NA,NA,"AA - Living Data Program - 2025","Single-row",NA,NA,NA,NA,2,"Gasterosteus","aculeatus","Bonilla Lake","53 deg 31 min","130 deg 15 min",NA,NA,20,20,"matches calculated start_time and end_time","01:10:00",NA,NA,NA,NA,NA,NA,NA,"Trawl",NA
1981-07-19,NA,31,NA,NA,"03:21:00","03:36:00",15,5,4,NA,2,"Stickleback","",95,0.33,NA,166,73,NA,NA,NA,NA,NA,NA,5,"Defaulted","trawl81.sas7bdat",NA,"1981-07-19_31_4_5","1981-07-19_31_4_5_2_73_0.33_95",7,1981,NA,NA,NA,"",NA,NA,"AA - Living Data Program - 2025","Single-row",NA,NA,NA,NA,2,"Gasterosteus","aculeatus","Bonilla Lake","53 deg 31 min","130 deg 15 min",NA,NA,15,15,"matches calculated start_time and end_time","03:36:00",NA,NA,NA,NA,NA,NA,NA,"Trawl",NA
1981-08-16,NA,21,NA,NA,"22:20:00","22:40:00",20,30,1,NA,1,"Sockeye","Fry",33,0.81,0.81,26,26,0,NA,NA,NA,NA,NA,5,"Defaulted","trawl81.sas7bdat",NA,"1981-08-16_21_1_30","1981-08-16_21_1_30_1_26_0.81_33",8,1981,NA,NA,NA,"",NA,NA,"AA - Living Data Program - 2025","Single-row",NA,NA,NA,NA,1,"Oncorhynchus","nerka","Nimpkish Lake","50 deg 25 min","125 deg 40 min",NA,NA,20,20,"matches calculated start_time and end_time","22:40:00",NA,"Weighed fresh - no preservative","Fresh","std weight = weight",1,"",NA,"Trawl",NA
1981-09-02,NA,40,NA,NA,"20:44:00","20:54:00",10,5,3,NA,2,"Stickleback","",60,0.11,NA,29,12,NA,NA,NA,NA,NA,NA,5,"Defaulted","trawl81.sas7bdat",NA,"1981-09-02_40_3_5","1981-09-02_40_3_5_2_12_0.11_60",9,1981,NA,NA,NA,"",NA,NA,"AA - Living Data Program - 2025","Single-row",NA,NA,NA,NA,2,"Gasterosteus","aculeatus","Kennedy Lake (Clay)","49 deg 08 min","125 deg 35 min",NA,NA,10,10,"matches calculated start_time and end_time","20:54:00",NA,NA,NA,NA,NA,NA,NA,"Trawl",NA
1981-09-04,NA,41,NA,NA,"1:06:00","1:21:00",15,12,4,NA,2,"Stickleback","",31,1.17,NA,685,272,NA,NA,NA,NA,NA,NA,5,"Defaulted","trawl81.sas7bdat",NA,"1981-09-04_41_4_12","1981-09-04_41_4_12_2_272_1.17_31",9,1981,NA,NA,NA,"",NA,NA,"AA - Living Data Program - 2025","Single-row",NA,NA,NA,NA,2,"Gasterosteus","aculeatus","Kennedy Lake (Main)","49 deg 04 min","125 deg 34 min",NA,NA,15,15,"did NOT match calculated start_time and end_time, likely end_time error; changed end time to 1:21","01:21:00",NA,NA,NA,NA,NA,NA,NA,"Trawl",NA
1981-09-20,NA,31,NA,NA,"22:49:00","23:06:00",15,10,2,NA,2,"Stickleback","",37,1.41,NA,155,144,NA,NA,NA,NA,NA,NA,5,"Defaulted","trawl81.sas7bdat",NA,"1981-09-20_31_2_10","1981-09-20_31_2_10_2_144_1.41_37",9,1981,NA,NA,NA,"",NA,NA,"AA - Living Data Program - 2025","Single-row",NA,NA,NA,NA,2,"Gasterosteus","aculeatus","Bonilla Lake","53 deg 31 min","130 deg 15 min",NA,NA,17,15,"did NOT match calculated start_time and end_time, likely end_time error","23:04:00",NA,NA,NA,NA,NA,NA,NA,"Trawl",NA
1981-09-21,NA,28,NA,NA,"23:38:00","23:48:00",10,0,1,NA,2,"Stickleback","",45,1.87,NA,146,78,NA,NA,NA,NA,NA,NA,5,"Defaulted","trawl81.sas7bdat",NA,"1981-09-21_28_1_0","1981-09-21_28_1_0_2_78_1.87_45",9,1981,NA,NA,NA,"",NA,NA,"AA - Living Data Program - 2025","Single-row",NA,NA,NA,NA,2,"Gasterosteus","aculeatus","Curtis Lake","53 deg 30 min","129 deg 50 min",NA,NA,10,10,"matches calculated start_time and end_time","23:48:00",NA,NA,NA,NA,NA,NA,NA,"Trawl",NA
1981-09-21,NA,28,NA,NA,"23:38:00","23:48:00",10,0,1,NA,2,"Stickleback","",38,1.48,NA,146,80,NA,NA,NA,NA,NA,NA,5,"Defaulted","trawl81.sas7bdat",NA,"1981-09-21_28_1_0","1981-09-21_28_1_0_2_80_1.48_38",9,1981,NA,NA,NA,"",NA,NA,"AA - Living Data Program - 2025","Single-row",NA,NA,NA,NA,2,"Gasterosteus","aculeatus","Curtis Lake","53 deg 30 min","129 deg 50 min",NA,NA,10,10,"matches calculated start_time and end_time","23:48:00",NA,NA,NA,NA,NA,NA,NA,"Trawl",NA
1981-12-15,NA,41,NA,NA,"20:51:00","21:11:00",20,30,2,NA,2,"Stickleback","",30,0.75,NA,791,590,NA,NA,NA,NA,NA,NA,5,"Defaulted","trawl81.sas7bdat",NA,"1981-12-15_41_2_30","1981-12-15_41_2_30_2_590_0.75_30",12,1981,NA,NA,NA,"",NA,NA,"AA - Living Data Program - 2025","Single-row",NA,NA,NA,NA,2,"Gasterosteus","aculeatus","Kennedy Lake (Main)","49 deg 04 min","125 deg 34 min",NA,NA,20,20,"matches calculated start_time and end_time","21:11:00",NA,NA,NA,NA,NA,NA,NA,"Trawl",NA
1981-12-15,NA,41,NA,NA,"20:51:00","21:11:00",20,30,2,NA,2,"Stickleback","",41,1.61,NA,791,727,NA,NA,NA,NA,NA,NA,5,"Defaulted","trawl81.sas7bdat",NA,"1981-12-15_41_2_30","1981-12-15_41_2_30_2_727_1.61_41",12,1981,NA,NA,NA,"",NA,NA,"AA - Living Data Program - 2025","Single-row",NA,NA,NA,NA,2,"Gasterosteus","aculeatus","Kennedy Lake (Main)","49 deg 04 min","125 deg 34 min",NA,NA,20,20,"matches calculated start_time and end_time","21:11:00",NA,NA,NA,NA,NA,NA,NA,"Trawl",NA
1982-07-21,NA,3,NA,NA,"00:51:00","01:11:00",20,22,4,NA,1,"Sockeye","Fry",27,1.13,1.13,3,1,0,NA,NA,NA,NA,NA,5,"Defaulted","trawl82.sas7bdat",NA,"1982-07-21_3_4_22","1982-07-21_3_4_22_1_1_1.13_27",7,1982,NA,NA,NA,"",NA,NA,"AA - Living Data Program - 2025","Single-row",NA,NA,NA,NA,1,"Oncorhynchus","nerka","Henderson Lake","49 deg 05 min","125 deg 02 min",NA,NA,20,20,"matches calculated start_time and end_time","01:11:00",NA,"Weighed fresh - no preservative","Fresh","std weight = weight",1,"",NA,"Trawl",NA
1982-08-13,NA,6,NA,NA,"22:56:00","23:16:00",20,20,2,NA,1,"Sockeye","Fry",42,1.75,1.75,16,10,0,NA,NA,NA,NA,NA,5,"Defaulted","trawl82.sas7bdat",NA,"1982-08-13_6_2_20","1982-08-13_6_2_20_1_10_1.75_42",8,1982,NA,NA,NA,"",NA,NA,"AA - Living Data Program - 2025","Single-row",NA,NA,NA,NA,1,"Oncorhynchus","nerka","Hobiton Lake","48 deg 45 min","124 deg 49 min",NA,NA,20,20,"matches calculated start_time and end_time","23:16:00",NA,"Weighed fresh - no preservative","Fresh","std weight = weight",1,"",NA,"Trawl",NA
1982-08-13,NA,6,NA,NA,"23:21:00","23:41:00",20,13,3,NA,1,"Sockeye","Fry",35,1.45,1.45,11,11,0,NA,NA,NA,NA,NA,5,"Defaulted","trawl82.sas7bdat",NA,"1982-08-13_6_3_13","1982-08-13_6_3_13_1_11_1.45_35",8,1982,NA,NA,NA,"",NA,NA,"AA - Living Data Program - 2025","Single-row",NA,NA,NA,NA,1,"Oncorhynchus","nerka","Hobiton Lake","48 deg 45 min","124 deg 49 min",NA,NA,20,20,"matches calculated start_time and end_time","23:41:00",NA,"Weighed fresh - no preservative","Fresh","std weight = weight",1,"",NA,"Trawl",NA
1983-08-29,NA,27,NA,NA,"23:23:00","23:43:00",20,12,3,NA,2,"Stickleback","",61,5.51,NA,6,3,NA,NA,NA,NA,NA,NA,5,"Defaulted","trawl83.sas7bdat",NA,"1983-08-29_27_3_12","1983-08-29_27_3_12_2_3_5.51_61",8,1983,NA,NA,NA,"",NA,NA,"AA - Living Data Program - 2025","Single-row",NA,NA,NA,NA,2,"Gasterosteus","aculeatus","Awun Lake","53 deg 36 min","132 deg 35 min",NA,NA,20,20,"matches calculated start_time and end_time","23:43:00",NA,NA,NA,NA,NA,NA,NA,"Trawl",NA
1983-08-30,NA,27,NA,NA,"00:12:00","00:32:00",20,30,5,NA,2,"Stickleback","",62,5.77,NA,1,1,NA,NA,NA,NA,NA,NA,5,"Defaulted","trawl83.sas7bdat",NA,"1983-08-30_27_5_30","1983-08-30_27_5_30_2_1_5.77_62",8,1983,NA,NA,NA,"",NA,NA,"AA - Living Data Program - 2025","Single-row",NA,NA,NA,NA,2,"Gasterosteus","aculeatus","Awun Lake","53 deg 36 min","132 deg 35 min",NA,NA,20,20,"matches calculated start_time and end_time","00:32:00",NA,NA,NA,NA,NA,NA,NA,"Trawl",NA
1983-09-15,NA,40,NA,NA,"00:03:00","00:18:00",15,9,4,NA,2,"Stickleback","",24,0.36,NA,268,255,NA,NA,NA,NA,NA,NA,5,"Defaulted","trawl83.sas7bdat",NA,"1983-09-15_40_4_9","1983-09-15_40_4_9_2_255_0.36_24",9,1983,NA,NA,NA,"",NA,NA,"AA - Living Data Program - 2025","Single-row",NA,NA,NA,NA,2,"Gasterosteus","aculeatus","Kennedy Lake (Clay)","49 deg 08 min","125 deg 35 min",NA,NA,15,15,"matches calculated start_time and end_time","00:18:00",NA,NA,NA,NA,NA,NA,NA,"Trawl",NA
1983-10-04,NA,41,NA,NA,"20:40:00","20:50:00",10,25,2,NA,1,"Sockeye","Fry",40,1.64,1.64,173,83,0,NA,NA,NA,NA,NA,5,"Defaulted","trawl83.sas7bdat",NA,"1983-10-04_41_2_25","1983-10-04_41_2_25_1_83_1.64_40",10,1983,NA,NA,NA,"",NA,NA,"AA - Living Data Program - 2025","Single-row",NA,NA,NA,NA,1,"Oncorhynchus","nerka","Kennedy Lake (Main)","49 deg 04 min","125 deg 34 min",NA,NA,10,10,"matches calculated start_time and end_time","20:50:00",NA,"Weighed fresh - no preservative","Fresh","std weight = weight",1,"",NA,"Trawl",NA
1984-04-25,"TR 3-4",6,1985-02-04,"18","00:56:00","01:11:00",15,13,4,"TR",1,"Sockeye","Fry",17,0.19,0.17,20,12,1,"1","0",0,NA,NA,NA,NA,"trawl84.sas7bdat, trawl84.dat",168,"1984-04-25_6_4_13","1984-04-25_6_4_13_1_12_0.19_17",4,1984,NA,NA,NA,"",NA,NA,"AA - Living Data Program - 2025","Conflict within","x",NA,NA,NA,1,"Oncorhynchus","nerka","Hobiton Lake","48 deg 45 min","124 deg 49 min",NA,NA,15,15,"matches calculated start_time and end_time","01:11:00",NA,"10% Formalin - weighed after 5 weeks","Formalin_10pct_5weeks","std weight = weight/1.115100",1.1151,"",NA,"Trawl",NA
1984-05-02,"TR 3-4",6,1985-01-31,"18","02:08:00","02:23:00",15,10,4,"TR",1,"Sockeye","Fry",21,0.23,0.21,17,16,1,"1","0",0,NA,NA,NA,NA,"trawl84.sas7bdat, trawl84.dat",877,"1984-05-02_6_4_10","1984-05-02_6_4_10_1_16_0.23_21",5,1984,NA,NA,NA,"",NA,NA,"AA - Living Data Program - 2025","Conflict within","x",NA,NA,NA,1,"Oncorhynchus","nerka","Hobiton Lake","48 deg 45 min","124 deg 49 min",NA,NA,15,15,"matches calculated start_time and end_time","02:23:00",NA,"10% Formalin - weighed after 5 weeks","Formalin_10pct_5weeks","std weight = weight/1.115100",1.1151,"",NA,"Trawl",NA
1984-05-03,"TR 5 WEST INSHORE",40,1985-02-12,"18","00:53:00","01:08:00",15,4,15,"TR",1,"Sockeye","Fry",21,0.23,0.21,203,53,1,"1","0",0,NA,NA,NA,NA,"trawl84.sas7bdat, trawl84.dat",14527,"1984-05-03_40_15_4","1984-05-03_40_15_4_1_53_0.23_21",5,1984,NA,NA,NA,"",NA,NA,"AA - Living Data Program - 2025","Conflict within","x",NA,NA,NA,1,"Oncorhynchus","nerka","Kennedy Lake (Clay)","49 deg 08 min","125 deg 35 min",NA,NA,15,15,"matches calculated start_time and end_time","01:08:00",NA,"10% Formalin - weighed after 5 weeks","Formalin_10pct_5weeks","std weight = weight/1.115100",1.1151,"",NA,"Trawl",NA
1984-05-11,"TR 2-3",6,1985-02-04,"18","01:04:00","01:19:00",15,8,3,"TR",1,"Sockeye","Fry",21,0.2,0.18,46,26,1,"1","0",0,NA,NA,NA,NA,"trawl84.sas7bdat, trawl84.dat",755,"1984-05-11_6_3_8","1984-05-11_6_3_8_1_26_0.2_21",5,1984,NA,NA,NA,"",NA,NA,"AA - Living Data Program - 2025","Conflict within","x",NA,NA,NA,1,"Oncorhynchus","nerka","Hobiton Lake","48 deg 45 min","124 deg 49 min",NA,NA,15,15,"matches calculated start_time and end_time","01:19:00",NA,"10% Formalin - weighed after 5 weeks","Formalin_10pct_5weeks","std weight = weight/1.115100",1.1151,"",NA,"Trawl",NA
1984-06-01,"TR 4-4B",6,1985-02-04,"18","02:20:00","02:35:00",15,7,2,"TR",1,"Sockeye","Fry",0.29,0.21,0.19,75,31,1,"1","0",0,NA,NA,NA,NA,"trawl84.sas7bdat, trawl84.dat",1043,"1984-06-01_6_2_7","1984-06-01_6_2_7_1_31_0.21_0.29",6,1984,NA,NA,NA,"",NA,NA,"AA - Living Data Program - 2025","Conflict within","x",NA,NA,NA,1,"Oncorhynchus","nerka","Hobiton Lake","48 deg 45 min","124 deg 49 min",NA,NA,15,15,"matches calculated start_time and end_time","02:35:00",NA,"10% Formalin - weighed after 5 weeks","Formalin_10pct_5weeks","std weight = weight/1.115100",1.1151,"",NA,"Trawl",NA
1984-06-08,"TR 2-3",6,1985-02-05,"18","22:50:00","23:05:00",15,10,2,"TR",1,"Sockeye","Fry",27,0.5,0.45,73,35,1,"1","0",0,NA,NA,NA,NA,"trawl84.sas7bdat, trawl84.dat",1294,"1984-06-08_6_2_10","1984-06-08_6_2_10_1_35_0.5_27",6,1984,NA,NA,NA,"",NA,NA,"AA - Living Data Program - 2025","Conflict within","x",NA,NA,NA,1,"Oncorhynchus","nerka","Hobiton Lake","48 deg 45 min","124 deg 49 min",NA,NA,15,15,"matches calculated start_time and end_time","23:05:00",NA,"10% Formalin - weighed after 5 weeks","Formalin_10pct_5weeks","std weight = weight/1.115100",1.1151,"",NA,"Trawl",NA
1984-06-08,"TR 2-3",6,1985-02-05,"18","22:50:00","23:05:00",15,10,2,"TR",1,"Sockeye","Fry",24,0.34,0.3,73,44,1,"1","0",0,NA,NA,NA,NA,"trawl84.sas7bdat, trawl84.dat",1321,"1984-06-08_6_2_10","1984-06-08_6_2_10_1_44_0.34_24",6,1984,NA,NA,NA,"",NA,NA,"AA - Living Data Program - 2025","Conflict within","x",NA,NA,NA,1,"Oncorhynchus","nerka","Hobiton Lake","48 deg 45 min","124 deg 49 min",NA,NA,15,15,"matches calculated start_time and end_time","23:05:00",NA,"10% Formalin - weighed after 5 weeks","Formalin_10pct_5weeks","std weight = weight/1.115100",1.1151,"",NA,"Trawl",NA
1984-06-14,"TR 5 EAST OFFSHORE",40,1985-02-18,"18","01:23:00","01:38:00",15,5,20,"TR",1,"Sockeye","Fry",26,0.45,0.4,121,1,1,"1","0",0,NA,NA,NA,NA,"trawl84.sas7bdat, trawl84.dat",23282,"1984-06-14_40_20_5","1984-06-14_40_20_5_1_1_0.45_26",6,1984,NA,NA,NA,"",NA,NA,"AA - Living Data Program - 2025","Conflict within","x",NA,NA,NA,1,"Oncorhynchus","nerka","Kennedy Lake (Clay)","49 deg 08 min","125 deg 35 min",NA,NA,15,15,"matches calculated start_time and end_time","01:38:00",NA,"10% Formalin - weighed after 5 weeks","Formalin_10pct_5weeks","std weight = weight/1.115100",1.1151,"",NA,"Trawl",NA
1984-06-18,"TR 3.5-3.75",6,1985-01-28,"18","03:26:00","03:41:00",15,11,3,"TR",1,"Sockeye","Fry",35,45,40.36,40,18,1,"1","0",0,NA,NA,NA,NA,"trawl84.sas7bdat, trawl84.dat",1787,"1984-06-18_6_3_11","1984-06-18_6_3_11_1_18_45_35",6,1984,NA,NA,NA,"",NA,NA,"AA - Living Data Program - 2025","Conflict within","x",NA,NA,NA,1,"Oncorhynchus","nerka","Hobiton Lake","48 deg 45 min","124 deg 49 min",NA,NA,15,15,"matches calculated start_time and end_time","03:41:00",NA,"10% Formalin - weighed after 5 weeks","Formalin_10pct_5weeks","std weight = weight/1.115100",1.1151,"",NA,"Trawl",NA
1984-06-18,"TR 3.5-3.75",6,1985-01-28,"18","03:26:00","03:41:00",15,11,3,"TR",1,"Sockeye","Fry",31,29,26.01,40,19,1,"1","0",0,NA,NA,NA,NA,"trawl84.sas7bdat, trawl84.dat",1790,"1984-06-18_6_3_11","1984-06-18_6_3_11_1_19_29_31",6,1984,NA,NA,NA,"",NA,NA,"AA - Living Data Program - 2025","Conflict within","x",NA,NA,NA,1,"Oncorhynchus","nerka","Hobiton Lake","48 deg 45 min","124 deg 49 min",NA,NA,15,15,"matches calculated start_time and end_time","03:41:00",NA,"10% Formalin - weighed after 5 weeks","Formalin_10pct_5weeks","std weight = weight/1.115100",1.1151,"",NA,"Trawl",NA
1984-06-27,"TR 5 MID LAKE",40,1985-02-20,"18","01:09:00","01:24:00",15,6,15,"TR",2,"Stickleback","Subadult",39,58,NA,2,2,1,"1",NA,1,NA,NA,NA,NA,"trawl84.dat",53324,"1984-06-27_40_15_6","1984-06-27_40_15_6_2_2_58_39",6,1984,NA,NA,NA,"",NA,NA,"AA - Living Data Program - 2025","Single-row","x",NA,NA,NA,2,"Gasterosteus","aculeatus","Kennedy Lake (Clay)","49 deg 08 min","125 deg 35 min",NA,NA,15,15,"matches calculated start_time and end_time","01:24:00",NA,"10% Formalin - weighed after 5 weeks","Formalin_10pct_5weeks","std weight = weight/1.115100",1.1151,"",NA,"Trawl",NA
1984-06-28,NA,44,NA,"17","02:08:00","02:18:00",10,7,11,NA,1,"Sockeye","Fry",24,0.38,0.34,NA,6,1,"1",NA,NA,NA,0,5,"Defaulted","trawl84.sas7bdat",NA,"1984-06-28_44_11_7","1984-06-28_44_11_7_1_6_0.38_24",6,1984,NA,NA,NA,"",NA,NA,"AA - Living Data Program - 2025","Single-row","y",NA,NA,NA,1,"Oncorhynchus","nerka","Muriel Lake","49 deg 08 min","125 deg 36 min",NA,NA,10,10,"matches calculated start_time and end_time","02:18:00",NA,"10% Formalin - weighed after 5 weeks","Formalin_10pct_5weeks","std weight = weight/1.115100",1.1151,"",NA,"Trawl",NA
1984-07-03,"TR 2 MID LAKE",40,1985-02-21,"18","00:57:00","01:12:00",15,7,4,"TR",1,"Sockeye","Fry",41,1.44,1.29,44,2,1,"1","0",0,NA,NA,NA,NA,"trawl84.sas7bdat, trawl84.dat",29180,"1984-07-03_40_4_7","1984-07-03_40_4_7_1_2_1.44_41",7,1984,NA,NA,NA,"",NA,NA,"AA - Living Data Program - 2025","Conflict within","x",NA,NA,NA,1,"Oncorhynchus","nerka","Kennedy Lake (Clay)","49 deg 08 min","125 deg 35 min",NA,NA,15,15,"matches calculated start_time and end_time","01:12:00",NA,"10% Formalin - weighed after 5 weeks","Formalin_10pct_5weeks","std weight = weight/1.115100",1.1151,"",NA,"Trawl",NA
1984-07-25,"TR 2 WEST INSHORE",40,1985-02-28,"18","22:12:00","22:27:00",15,10,6,"TR",1,"Sockeye","Fry",32,0.91,0.82,126,51,1,"1","0",0,NA,NA,NA,NA,"trawl84.sas7bdat, trawl84.dat",32130,"1984-07-25_40_6_10","1984-07-25_40_6_10_1_51_0.91_32",7,1984,NA,NA,NA,"",NA,NA,"AA - Living Data Program - 2025","Conflict within","x",NA,NA,NA,1,"Oncorhynchus","nerka","Kennedy Lake (Clay)","49 deg 08 min","125 deg 35 min",NA,NA,15,15,"matches calculated start_time and end_time","22:27:00",NA,"10% Formalin - weighed after 5 weeks","Formalin_10pct_5weeks","std weight = weight/1.115100",1.1151,"",NA,"Trawl",NA
1984-07-25,"TR 2 WEST OFFSHORE",40,1985-02-28,"18","22:32:00","22:47:00",15,10,7,"TR",1,"Sockeye","Fry",42,1.66,1.49,150,138,1,"1","0",0,NA,NA,NA,NA,"trawl84.sas7bdat, trawl84.dat",33888,"1984-07-25_40_7_10","1984-07-25_40_7_10_1_138_1.66_42",7,1984,NA,NA,NA,"",NA,NA,"AA - Living Data Program - 2025","Conflict within","x",NA,NA,NA,1,"Oncorhynchus","nerka","Kennedy Lake (Clay)","49 deg 08 min","125 deg 35 min",NA,NA,15,15,"matches calculated start_time and end_time","22:47:00",NA,"10% Formalin - weighed after 5 weeks","Formalin_10pct_5weeks","std weight = weight/1.115100",1.1151,"",NA,"Trawl",NA
1984-08-27,NA,31,NA,"18","23:18:00","23:33:00",15,5,1,NA,2,"Stickleback","",45,1.94,1.74,NA,49,1,"1",NA,NA,NA,0,5,"Defaulted","trawl84.sas7bdat",NA,"1984-08-27_31_1_5","1984-08-27_31_1_5_2_49_1.94_45",8,1984,NA,NA,NA,"",NA,NA,"AA - Living Data Program - 2025","Single-row","y",NA,NA,NA,2,"Gasterosteus","aculeatus","Bonilla Lake","53 deg 31 min","130 deg 15 min",NA,NA,15,15,"matches calculated start_time and end_time","23:33:00",NA,"10% Formalin - weighed after 5 weeks","Formalin_10pct_5weeks","std weight = weight/1.115100",1.1151,"",NA,"Trawl",NA
1984-08-31,NA,29,NA,"18","00:14:00","00:24:00",10,12,6,NA,1,"Sockeye","Fry",43,1.78,1.6,NA,6,1,"1",NA,NA,NA,0,5,"Defaulted","trawl84.sas7bdat",NA,"1984-08-31_29_6_12","1984-08-31_29_6_12_1_6_1.78_43",8,1984,NA,NA,NA,"",NA,NA,"AA - Living Data Program - 2025","Single-row","y",NA,NA,NA,1,"Oncorhynchus","nerka","Devon Lake","53 deg 27 min","129 deg 45 min",NA,NA,10,10,"matches calculated start_time and end_time","00:24:00",NA,"10% Formalin - weighed after 5 weeks","Formalin_10pct_5weeks","std weight = weight/1.115100",1.1151,"",NA,"Trawl",NA
1984-09-01,NA,25,NA,"18","23:33:00","23:48:00",15,10,2,NA,1,"Sockeye","Fry",28,5.29,4.74,NA,2,1,"1",NA,NA,NA,1,1,"Scale & aged","trawl84.sas7bdat",NA,"1984-09-01_25_2_10","1984-09-01_25_2_10_1_2_5.29_28",9,1984,NA,NA,NA,"",NA,NA,"AA - Living Data Program - 2025","Single-row","y",NA,NA,NA,1,"Oncorhynchus","nerka","Eden Lake","53 deg 51 min","132 deg 43 min",NA,NA,15,15,"matches calculated start_time and end_time","23:48:00",NA,"10% Formalin - weighed after 5 weeks","Formalin_10pct_5weeks","std weight = weight/1.115100",1.1151,"",NA,"Trawl",NA
1984-09-06,NA,32,NA,"18","00:43:00","00:58:00",15,7,6,NA,1,"Sockeye","Fry",31,0.61,0.55,NA,34,1,"1",NA,NA,NA,0,5,"Defaulted","trawl84.sas7bdat",NA,"1984-09-06_32_6_7","1984-09-06_32_6_7_1_34_0.61_31",9,1984,NA,NA,NA,"",NA,NA,"AA - Living Data Program - 2025","Single-row","y",NA,NA,NA,1,"Oncorhynchus","nerka","Mercer Lake","53 deg 34 min","132 deg 53 min",NA,NA,15,15,"matches calculated start_time and end_time","00:58:00",NA,"10% Formalin - weighed after 5 weeks","Formalin_10pct_5weeks","std weight = weight/1.115100",1.1151,"",NA,"Trawl",NA
1984-09-10,NA,69,NA,"18","22:09:00","22:24:00",15,5,4,NA,2,"Stickleback","",25,1.45,1.3,NA,53,1,"1",NA,NA,NA,0,5,"Defaulted","trawl84.sas7bdat",NA,"1984-09-10_69_4_5","1984-09-10_69_4_5_2_53_1.45_25",9,1984,NA,NA,NA,"",NA,NA,"AA - Living Data Program - 2025","Single-row","y",NA,NA,NA,2,"Gasterosteus","aculeatus","Yakoun Lake","53 deg 19 min","132 deg 17 min",NA,NA,15,15,"matches calculated start_time and end_time","22:24:00",NA,"10% Formalin - weighed after 5 weeks","Formalin_10pct_5weeks","std weight = weight/1.115100",1.1151,"",NA,"Trawl",NA
1984-09-14,NA,8,NA,"18","01:46:00","02:01:00",15,10,6,NA,1,"Sockeye","Fry",31,0.61,0.55,NA,3,1,"1",NA,NA,NA,0,5,"Defaulted","trawl84.sas7bdat",NA,"1984-09-14_8_6_10","1984-09-14_8_6_10_1_3_0.61_31",9,1984,NA,NA,NA,"",NA,NA,"AA - Living Data Program - 2025","Single-row","y",NA,NA,NA,1,"Oncorhynchus","nerka","Long Lake","51 deg 15 min","127 deg 10 min",NA,NA,15,15,"matches calculated start_time and end_time","02:01:00",NA,"10% Formalin - weighed after 5 weeks","Formalin_10pct_5weeks","std weight = weight/1.115100",1.1151,"",NA,"Trawl",NA
1984-09-15,NA,8,NA,"18","22:13:00","22:28:00",15,5,19,NA,2,"Stickleback","",46,1.95,1.75,NA,164,1,"1",NA,NA,NA,0,5,"Defaulted","trawl84.sas7bdat",NA,"1984-09-15_8_19_5","1984-09-15_8_19_5_2_164_1.95_46",9,1984,NA,NA,NA,"",NA,NA,"AA - Living Data Program - 2025","Single-row","y",NA,NA,NA,2,"Gasterosteus","aculeatus","Long Lake","51 deg 15 min","127 deg 10 min",NA,NA,15,15,"matches calculated start_time and end_time","22:28:00",NA,"10% Formalin - weighed after 5 weeks","Formalin_10pct_5weeks","std weight = weight/1.115100",1.1151,"",NA,"Trawl",NA
1984-10-15,"TR 3-4",1,1985-01-30,"18","20:25:00","20:40:00",15,0,1,"TRAWL",1,"Sockeye","Fry",0,1.13,1.01,1,1,1,"1","0",0,NA,NA,NA,NA,"trawl84.sas7bdat, trawl84.dat",3230,"1984-10-15_1_1_0","1984-10-15_1_1_0_1_1_1.13_0",10,1984,NA,NA,NA,"",NA,NA,"AA - Living Data Program - 2025","Conflict within","x",NA,NA,NA,1,"Oncorhynchus","nerka","Great Central Lake","49 deg 22 min","125 deg 15 min",NA,NA,15,15,"matches calculated start_time and end_time","20:40:00",NA,"10% Formalin - weighed after 5 weeks","Formalin_10pct_5weeks","std weight = weight/1.115100",1.1151,"",NA,"Trawl",NA
1985-09-06,"TR 7-5",62,1986-01-16,"31","02:35:00","02:50:00",15,12,2,"TRAWL",2,"Stickleback","",32,2.78,NA,45,41,1,"1",NA,0,NA,NA,NA,NA,"trawl85.dat",16907,"1985-09-06_62_2_12","1985-09-06_62_2_12_2_41_2.78_32",9,1985,NA,NA,NA,"",NA,NA,"AA - Living Data Program - 2025","Single-row",NA,NA,NA,NA,2,"Gasterosteus","aculeatus","Skidegate Lake","53 deg 05 min","131 deg 56 min",NA,NA,15,15,"matches calculated start_time and end_time","02:50:00",NA,"10% Formalin - weighed after 5 weeks","Formalin_10pct_5weeks","std weight = weight/1.115100",1.1151,"",NA,"Trawl",NA
1985-09-09,"TR 1.5-1",29,1986-03-05,"31","02:20:00","02:35:00",15,5,11,"TRAWL",2,"Stickleback","",24,1.61,NA,89,33,1,"1",NA,0,NA,NA,NA,NA,"trawl85.dat",4304,"1985-09-09_29_11_5","1985-09-09_29_11_5_2_33_1.61_24",9,1985,NA,NA,NA,"",NA,NA,"AA - Living Data Program - 2025","Single-row",NA,NA,NA,NA,2,"Gasterosteus","aculeatus","Devon Lake","53 deg 27 min","129 deg 45 min",NA,NA,15,15,"matches calculated start_time and end_time","02:35:00",NA,"10% Formalin - weighed after 5 weeks","Formalin_10pct_5weeks","std weight = weight/1.115100",1.1151,"",NA,"Trawl",NA
1985-09-09,"TR 2-2.5",29,1986-03-05,"31","00:07:00","00:22:00",15,5,4,"TRAWL",2,"Stickleback","",26,1.46,NA,339,166,1,"1",NA,0,NA,NA,NA,NA,"trawl85.dat",2730,"1985-09-09_29_4_5","1985-09-09_29_4_5_2_166_1.46_26",9,1985,NA,NA,NA,"",NA,NA,"AA - Living Data Program - 2025","Single-row",NA,NA,NA,NA,2,"Gasterosteus","aculeatus","Devon Lake","53 deg 27 min","129 deg 45 min",NA,NA,15,15,"matches calculated start_time and end_time","00:22:00",NA,"10% Formalin - weighed after 5 weeks","Formalin_10pct_5weeks","std weight = weight/1.115100",1.1151,"",NA,"Trawl",NA
1985-09-09,"TR 2-2.5",29,1986-03-05,"31","00:07:00","00:22:00",15,5,4,"TRAWL",2,"Stickleback","",22,0.87,NA,339,328,1,"1",NA,0,NA,NA,NA,NA,"trawl85.dat",3216,"1985-09-09_29_4_5","1985-09-09_29_4_5_2_328_0.87_22",9,1985,NA,NA,NA,"",NA,NA,"AA - Living Data Program - 2025","Single-row",NA,NA,NA,NA,2,"Gasterosteus","aculeatus","Devon Lake","53 deg 27 min","129 deg 45 min",NA,NA,15,15,"matches calculated start_time and end_time","00:22:00",NA,"10% Formalin - weighed after 5 weeks","Formalin_10pct_5weeks","std weight = weight/1.115100",1.1151,"",NA,"Trawl",NA
1985-09-09,"TR 2-2.5",29,1986-03-05,"31","00:07:00","00:22:00",15,5,4,"TRAWL",2,"Stickleback","",30,2.22,NA,339,73,1,"1",NA,0,NA,NA,NA,NA,"trawl85.dat",2451,"1985-09-09_29_4_5","1985-09-09_29_4_5_2_73_2.22_30",9,1985,NA,NA,NA,"",NA,NA,"AA - Living Data Program - 2025","Single-row",NA,NA,NA,NA,2,"Gasterosteus","aculeatus","Devon Lake","53 deg 27 min","129 deg 45 min",NA,NA,15,15,"matches calculated start_time and end_time","00:22:00",NA,"10% Formalin - weighed after 5 weeks","Formalin_10pct_5weeks","std weight = weight/1.115100",1.1151,"",NA,"Trawl",NA
1985-12-11,"TR 3-4 3.5-4",41,1986-03-06,"31","21:19:00","21:34:00",15,15,4,"TRAWL",2,"Stickleback","Fry",3,0.34,NA,135,16,1,"1",NA,0,NA,NA,NA,NA,"trawl85.dat",34000,"1985-12-11_41_4_15","1985-12-11_41_4_15_2_16_0.34_3",12,1985,NA,NA,NA,"",NA,NA,"AA - Living Data Program - 2025","Single-row",NA,NA,NA,NA,2,"Gasterosteus","aculeatus","Kennedy Lake (Main)","49 deg 04 min","125 deg 34 min",NA,NA,15,15,"matches calculated start_time and end_time","21:34:00",NA,"10% Formalin - weighed after 5 weeks","Formalin_10pct_5weeks","std weight = weight/1.115100",1.1151,"",NA,"Trawl",NA
1986-07-26,"TR 2-1.7",23,1986-12-11,"10","02:07:00","02:22:00",15,16,7,"TRAWL",1,"Sockeye","Fry",41,1.6,NA,42,2,1,"1",NA,0,NA,NA,NA,NA,"trawl86.dat",5082,"1986-07-26_23_7_16","1986-07-26_23_7_16_1_2_1.6_41",7,1986,NA,NA,NA,"",NA,NA,"AA - Living Data Program - 2025","Single-row",NA,NA,NA,NA,1,"Oncorhynchus","nerka","Vernon Lake","50 deg 62 min","126 deg 26 min",NA,NA,15,15,"matches calculated start_time and end_time","02:22:00",NA,"10% Formalin - weighed after 5 weeks","Formalin_10pct_5weeks","std weight = weight/1.115100",1.1151,"",NA,"Trawl",NA
1986-08-13,"TR 1-2",69,1986-12-17,"10","03:47:00","04:02:00",15,11,4,"TRAWL",2,"Stickleback","",50,3.11,NA,7,3,1,"1",NA,0,NA,NA,NA,NA,"trawl86.dat",9833,"1986-08-13_69_4_11","1986-08-13_69_4_11_2_3_3.11_50",8,1986,NA,NA,NA,"",NA,NA,"AA - Living Data Program - 2025","Single-row",NA,NA,NA,NA,2,"Gasterosteus","aculeatus","Yakoun Lake","53 deg 19 min","132 deg 17 min",NA,NA,15,15,"matches calculated start_time and end_time","04:02:00",NA,"10% Formalin - weighed after 5 weeks","Formalin_10pct_5weeks","std weight = weight/1.115100",1.1151,"",NA,"Trawl",NA
1986-08-13,"TR 4.25-4",69,1986-12-17,"10","23:30:00","23:45:00",15,11,9,"TRAWL",1,"Sockeye","Fry",37,1.17,NA,5,1,1,"1",NA,0,NA,NA,NA,NA,"trawl86.dat",9683,"1986-08-13_69_9_11","1986-08-13_69_9_11_1_1_1.17_37",8,1986,NA,NA,NA,"",NA,NA,"AA - Living Data Program - 2025","Single-row",NA,NA,NA,NA,1,"Oncorhynchus","nerka","Yakoun Lake","53 deg 19 min","132 deg 17 min",NA,NA,15,15,"matches calculated start_time and end_time","23:45:00",NA,"10% Formalin - weighed after 5 weeks","Formalin_10pct_5weeks","std weight = weight/1.115100",1.1151,"",NA,"Trawl",NA
1986-08-31,"TR 3.5-2.5",6,1986-12-05,"10","23:52:00","00:22:00",30,12,1,"TRAWL",1,"Sockeye","Fry",44,71,NA,12,5,1,"1",NA,0,NA,NA,NA,NA,"trawl86.dat",6091,"1986-08-31_6_1_12","1986-08-31_6_1_12_1_5_71_44",8,1986,NA,NA,NA,"",NA,NA,"AA - Living Data Program - 2025","Single-row",NA,NA,NA,NA,1,"Oncorhynchus","nerka","Hobiton Lake","48 deg 45 min","124 deg 49 min",NA,NA,30,30,"matches calculated start_time and end_time","00:22:00",NA,"10% Formalin - weighed after 5 weeks","Formalin_10pct_5weeks","std weight = weight/1.115100",1.1151,"",NA,"Trawl",NA
1986-09-01,"TR 2.5-1.5",6,1986-12-05,"10","00:30:00","01:00:00",30,12,2,"TRAWL",1,"Sockeye","Fry",48,58,NA,126,1,1,"1",NA,0,NA,NA,NA,NA,"trawl86.dat",13151,"1986-09-01_6_2_12","1986-09-01_6_2_12_1_1_58_48",9,1986,NA,NA,NA,"",NA,NA,"AA - Living Data Program - 2025","Single-row",NA,NA,NA,NA,1,"Oncorhynchus","nerka","Hobiton Lake","48 deg 45 min","124 deg 49 min",NA,NA,30,30,"matches calculated start_time and end_time","01:00:00",NA,"10% Formalin - weighed after 5 weeks","Formalin_10pct_5weeks","std weight = weight/1.115100",1.1151,"","Weight value was incorrectly recorded in the scale_book field; corrected by recoding to 0","Trawl",NA
1986-09-01,"TR 2.5-1.5",6,1986-12-05,"10","00:30:00","01:00:00",30,12,2,"TRAWL",1,"Sockeye","Fry",0.8,0.82,NA,126,43,1,"1",NA,56,NA,NA,NA,NA,"trawl86.dat",13277,"1986-09-01_6_2_12","1986-09-01_6_2_12_1_43_0.82_0.8",9,1986,NA,NA,NA,"",NA,NA,"AA - Living Data Program - 2025","Single-row",NA,NA,NA,NA,1,"Oncorhynchus","nerka","Hobiton Lake","48 deg 45 min","124 deg 49 min",NA,NA,30,30,"matches calculated start_time and end_time","01:00:00",NA,"10% Formalin - weighed after 5 weeks","Formalin_10pct_5weeks","std weight = weight/1.115100",1.1151,"","scale_book > 20, possible error","Trawl",NA
1987-02-25,"TRANSECT 1",41,1987-05-27,"13","19:29:00",NA,15,7,1,"TRAWL",27,"Stickleback","Subadult",0.3,0.19,NA,31,2,1,"1",NA,0,NA,NA,NA,NA,"trawl86.dat",23468,"1987-02-25_41_1_7","1987-02-25_41_1_7_27_2_0.19_0.3",2,1986,NA,NA,NA,"",NA,NA,"AA - Living Data Program - 2025","Single-row",NA,NA,NA,"Invalid format",2,"Gasterosteus","aculeatus","Kennedy Lake (Main)","49 deg 04 min","125 deg 34 min",NA,NA,NA,15,"duration could not be calculated","19:44:00","end_time missing, calculated from start_time + duration_mi","10% Formalin - weighed after 5 weeks","Formalin_10pct_5weeks","std weight = weight/1.115100",1.1151,"",NA,"Trawl",NA
1987-07-18,"N",8,1988-04-19,"22","01:16:00",NA,15,7,4,"TRAWL",2,"Stickleback","",46,8.3,NA,28,7,1,"2",NA,0,NA,NA,NA,NA,"trawl87.dat",25611,"1987-07-18_8_4_7","1987-07-18_8_4_7_2_7_8.3_46",7,1987,NA,NA,"10% FORMALIN (WGHD AFT 5 WKS)","",NA,NA,"AA - Living Data Program - 2025","Single-row",NA,NA,NA,NA,2,"Gasterosteus","aculeatus","Long Lake","51 deg 15 min","127 deg 10 min",NA,NA,NA,15,"duration could not be calculated","01:31:00","end_time missing, calculated from start_time + duration_mi","10% Formalin - weighed after 5 weeks","Formalin_10pct_5weeks","std weight = weight/1.115100",1.1151,"",NA,"Trawl",NA
1987-07-30,"2 1+ SOCKEYE",29,1988-04-06,"22","23:27:00",NA,15,10,3,"TRAWL",1,"Sockeye","Fry",39,56,NA,71,35,1,"2",NA,0,NA,NA,NA,NA,"trawl87.dat",3731,"1987-07-30_29_3_10","1987-07-30_29_3_10_1_35_56_39",7,1987,NA,NA,"FORMALIN - WGHD AFT 5 WKS","",NA,NA,"AA - Living Data Program - 2025","Single-row",NA,NA,NA,NA,1,"Oncorhynchus","nerka","Devon Lake","53 deg 27 min","129 deg 45 min",NA,NA,NA,15,"duration could not be calculated","23:42:00","end_time missing, calculated from start_time + duration_mi","10% Formalin - weighed after 5 weeks","Formalin_10pct_5weeks","std weight = weight/1.115100",1.1151,"",NA,"Trawl",NA
1987-07-30,"2 1+ SOCKEYE",29,1988-04-06,"22","23:27:00",NA,15,10,3,"TRAWL",1,"Sockeye","Fry",38,52,NA,71,8,1,"2",NA,0,NA,NA,NA,NA,"trawl87.dat",3623,"1987-07-30_29_3_10","1987-07-30_29_3_10_1_8_52_38",7,1987,NA,NA,"FORMALIN - WGHD AFT 5 WKS","",NA,NA,"AA - Living Data Program - 2025","Single-row",NA,NA,NA,NA,1,"Oncorhynchus","nerka","Devon Lake","53 deg 27 min","129 deg 45 min",NA,NA,NA,15,"duration could not be calculated","23:42:00","end_time missing, calculated from start_time + duration_mi","10% Formalin - weighed after 5 weeks","Formalin_10pct_5weeks","std weight = weight/1.115100",1.1151,"",NA,"Trawl",NA
1987-07-30,NA,29,1988-04-06,"22","23:27:00",NA,15,10,3,"TRAWL",2,"Stickleback","",39,5.5,NA,28,1,1,"2",NA,0,NA,NA,NA,NA,"trawl87.dat",5757,"1987-07-30_29_3_10","1987-07-30_29_3_10_2_1_5.5_39",7,1987,NA,NA,"FORMALIN - WGHD AFT 5 WKS","",NA,NA,"AA - Living Data Program - 2025","Single-row",NA,NA,NA,NA,2,"Gasterosteus","aculeatus","Devon Lake","53 deg 27 min","129 deg 45 min",NA,NA,NA,15,"duration could not be calculated","23:42:00","end_time missing, calculated from start_time + duration_mi","10% Formalin - weighed after 5 weeks","Formalin_10pct_5weeks","std weight = weight/1.115100",1.1151,"",NA,"Trawl",NA
1987-07-30,NA,29,1988-04-06,"22","23:27:00",NA,15,10,3,"TRAWL",2,"Stickleback","",46,8.8,NA,28,2,1,"2",NA,0,NA,NA,NA,NA,"trawl87.dat",5761,"1987-07-30_29_3_10","1987-07-30_29_3_10_2_2_8.8_46",7,1987,NA,NA,"FORMALIN - WGHD AFT 5 WKS","",NA,NA,"AA - Living Data Program - 2025","Single-row",NA,NA,NA,NA,2,"Gasterosteus","aculeatus","Devon Lake","53 deg 27 min","129 deg 45 min",NA,NA,NA,15,"duration could not be calculated","23:42:00","end_time missing, calculated from start_time + duration_mi","10% Formalin - weighed after 5 weeks","Formalin_10pct_5weeks","std weight = weight/1.115100",1.1151,"",NA,"Trawl",NA
1987-07-30,NA,29,1988-04-06,"22","23:27:00",NA,15,10,3,"TRAWL",2,"Stickleback","",40,6.2,NA,28,3,1,"2",NA,0,NA,NA,NA,NA,"trawl87.dat",5765,"1987-07-30_29_3_10","1987-07-30_29_3_10_2_3_6.2_40",7,1987,NA,NA,"FORMALIN - WGHD AFT 5 WKS","",NA,NA,"AA - Living Data Program - 2025","Single-row",NA,NA,NA,NA,2,"Gasterosteus","aculeatus","Devon Lake","53 deg 27 min","129 deg 45 min",NA,NA,NA,15,"duration could not be calculated","23:42:00","end_time missing, calculated from start_time + duration_mi","10% Formalin - weighed after 5 weeks","Formalin_10pct_5weeks","std weight = weight/1.115100",1.1151,"",NA,"Trawl",NA
1987-07-31,NA,29,1988-04-05,"22","01:35:00",NA,15,0,5,"TRAWL",2,"Stickleback","",0.49,1.05,NA,26,2,1,"2",NA,0,NA,NA,NA,NA,"trawl87.dat",6009,"1987-07-31_29_5_0","1987-07-31_29_5_0_2_2_1.05_0.49",7,1987,NA,NA,"FORMALIN - WGHD AFT 5 WKS","SURFACE",NA,NA,"AA - Living Data Program - 2025","Single-row",NA,NA,NA,NA,2,"Gasterosteus","aculeatus","Devon Lake","53 deg 27 min","129 deg 45 min",NA,NA,NA,15,"duration could not be calculated","01:50:00","end_time missing, calculated from start_time + duration_mi","10% Formalin - weighed after 5 weeks","Formalin_10pct_5weeks","std weight = weight/1.115100",1.1151,"",NA,"Trawl",NA
1987-08-10,NA,21,1988-04-29,"53","23:27:00",NA,15,12,1,"TRAWL",9,"Lamprey","",154,5,NA,2,1,1,"2",NA,0,NA,NA,NA,NA,"trawl87.dat",31612,"1987-08-10_21_1_12","1987-08-10_21_1_12_9_1_5_154",8,1987,NA,NA,"FORMALIN - WGHD AFT 5 WKS","",NA,NA,"AA - Living Data Program - 2025","Single-row",NA,NA,NA,NA,17,"Lampreta","","Nimpkish Lake","50 deg 25 min","125 deg 40 min",NA,NA,NA,15,"duration could not be calculated","23:42:00","end_time missing, calculated from start_time + duration_mi","10% Formalin - weighed after 5 weeks","Formalin_10pct_5weeks","std weight = weight/1.115100",1.1151,"",NA,"Trawl",NA
1987-09-09,NA,8,1988-04-26,"53","21:37:00",NA,15,7,10,"TRAWL",2,"Stickleback","",544,1.46,NA,105,55,1,"2",NA,0,NA,NA,NA,NA,"trawl87.dat",24621,"1987-09-09_8_10_7","1987-09-09_8_10_7_2_55_1.46_544",9,1987,NA,NA,"FORMALIN - WGHD AFT 5 WKS","",NA,NA,"AA - Living Data Program - 2025","Single-row",NA,NA,NA,NA,2,"Gasterosteus","aculeatus","Long Lake","51 deg 15 min","127 deg 10 min",NA,NA,NA,15,"duration could not be calculated","21:52:00","end_time missing, calculated from start_time + duration_mi","10% Formalin - weighed after 5 weeks","Formalin_10pct_5weeks","std weight = weight/1.115100",1.1151,"",NA,"Trawl",NA
1987-09-09,"FISH NUMBER 33 HAS NO HEAD.",8,1988-04-27,"53","22:44:00",NA,15,20,13,"TRAWL",1,"Sockeye","Fry",455,1.033,NA,89,42,1,"2",NA,0,NA,NA,NA,NA,"trawl87.dat",21325,"1987-09-09_8_13_20","1987-09-09_8_13_20_1_42_1.033_455",9,1987,NA,NA,"FORMALIN - WGHD AFT 5 WKS","",NA,NA,"AA - Living Data Program - 2025","Single-row",NA,NA,NA,NA,1,"Oncorhynchus","nerka","Long Lake","51 deg 15 min","127 deg 10 min",NA,NA,NA,15,"duration could not be calculated","22:59:00","end_time missing, calculated from start_time + duration_mi","10% Formalin - weighed after 5 weeks","Formalin_10pct_5weeks","std weight = weight/1.115100",1.1151,"",NA,"Trawl",NA
1987-09-09,"FISH NUMBER 33 HAS NO HEAD.",8,1988-04-27,"53","22:44:00",NA,15,20,13,"TRAWL",1,"Sockeye","Fry",500,1.36,NA,89,54,1,"2",NA,0,NA,NA,NA,NA,"trawl87.dat",21373,"1987-09-09_8_13_20","1987-09-09_8_13_20_1_54_1.36_500",9,1987,NA,NA,"FORMALIN - WGHD AFT 5 WKS","",NA,NA,"AA - Living Data Program - 2025","Single-row",NA,NA,NA,NA,1,"Oncorhynchus","nerka","Long Lake","51 deg 15 min","127 deg 10 min",NA,NA,NA,15,"duration could not be calculated","22:59:00","end_time missing, calculated from start_time + duration_mi","10% Formalin - weighed after 5 weeks","Formalin_10pct_5weeks","std weight = weight/1.115100",1.1151,"",NA,"Trawl",NA
1987-09-09,NA,8,1988-04-25,"53","02:59:00",NA,15,20,8,"TRAWL",1,"Sockeye","Fry",400,0.66,NA,158,135,1,"2",NA,0,NA,NA,NA,NA,"trawl87.dat",24277,"1987-09-09_8_8_20","1987-09-09_8_8_20_1_135_0.66_400",9,1987,NA,NA,"FORMALIN - WGHD AFT 5 WKS","",NA,NA,"AA - Living Data Program - 2025","Single-row",NA,NA,NA,NA,1,"Oncorhynchus","nerka","Long Lake","51 deg 15 min","127 deg 10 min",NA,NA,NA,15,"duration could not be calculated","03:14:00","end_time missing, calculated from start_time + duration_mi","10% Formalin - weighed after 5 weeks","Formalin_10pct_5weeks","std weight = weight/1.115100",1.1151,"",NA,"Trawl",NA
1987-09-09,NA,8,1988-04-25,"53","02:59:00",NA,15,20,8,"TRAWL",1,"Sockeye","Fry",399,0.64,NA,158,146,1,"2",NA,0,NA,NA,NA,NA,"trawl87.dat",24321,"1987-09-09_8_8_20","1987-09-09_8_8_20_1_146_0.64_399",9,1987,NA,NA,"FORMALIN - WGHD AFT 5 WKS","",NA,NA,"AA - Living Data Program - 2025","Single-row",NA,NA,NA,NA,1,"Oncorhynchus","nerka","Long Lake","51 deg 15 min","127 deg 10 min",NA,NA,NA,15,"duration could not be calculated","03:14:00","end_time missing, calculated from start_time + duration_mi","10% Formalin - weighed after 5 weeks","Formalin_10pct_5weeks","std weight = weight/1.115100",1.1151,"",NA,"Trawl",NA
1987-09-09,NA,8,1988-04-25,"53","02:59:00",NA,15,20,8,"TRAWL",1,"Sockeye","Fry",500,1.31,NA,158,21,1,"2",NA,0,NA,NA,NA,NA,"trawl87.dat",23821,"1987-09-09_8_8_20","1987-09-09_8_8_20_1_21_1.31_500",9,1987,NA,NA,"FORMALIN - WGHD AFT 5 WKS","",NA,NA,"AA - Living Data Program - 2025","Single-row",NA,NA,NA,NA,1,"Oncorhynchus","nerka","Long Lake","51 deg 15 min","127 deg 10 min",NA,NA,NA,15,"duration could not be calculated","03:14:00","end_time missing, calculated from start_time + duration_mi","10% Formalin - weighed after 5 weeks","Formalin_10pct_5weeks","std weight = weight/1.115100",1.1151,"",NA,"Trawl",NA
1987-09-09,NA,8,1988-04-25,"53","21:16:00",NA,15,7,9,"TRAWL",2,"Stickleback","",444,0.84,NA,138,81,1,"2",NA,0,NA,NA,NA,NA,"trawl87.dat",26751,"1987-09-09_8_9_7","1987-09-09_8_9_7_2_81_0.84_444",9,1987,NA,NA,"FORMALIN - WGHD AFT 5 WKS","",NA,NA,"AA - Living Data Program - 2025","Single-row",NA,NA,NA,NA,2,"Gasterosteus","aculeatus","Long Lake","51 deg 15 min","127 deg 10 min",NA,NA,NA,15,"duration could not be calculated","21:31:00","end_time missing, calculated from start_time + duration_mi","10% Formalin - weighed after 5 weeks","Formalin_10pct_5weeks","std weight = weight/1.115100",1.1151,"",NA,"Trawl",NA
1987-09-11,NA,21,1988-04-29,"53","21:53:00",NA,15,9,1,"TRAWL",2,"Stickleback","",67,25.6,NA,101,46,1,"2",NA,0,NA,NA,NA,NA,"trawl87.dat",32654,"1987-09-11_21_1_9","1987-09-11_21_1_9_2_46_25.6_67",9,1987,NA,NA,"FORMALIN - WGHD AFT 5 WKS","",NA,NA,"AA - Living Data Program - 2025","Single-row",NA,NA,NA,NA,2,"Gasterosteus","aculeatus","Nimpkish Lake","50 deg 25 min","125 deg 40 min",NA,NA,NA,15,"duration could not be calculated","22:08:00","end_time missing, calculated from start_time + duration_mi","10% Formalin - weighed after 5 weeks","Formalin_10pct_5weeks","std weight = weight/1.115100",1.1151,"",NA,"Trawl",NA
1987-11-26,NA,107,1988-02-18,NA,"21:58:00",NA,15,16,4,"TRAWL",2,"Stickleback","",555,1.74,NA,81,23,3,"2",NA,0,NA,NA,NA,NA,"trawl87.dat",2431,"1987-11-26_107_4_16","1987-11-26_107_4_16_2_23_1.74_555",11,1987,NA,NA,NA,"",NA,NA,"AA - Living Data Program - 2025","Single-row",NA,NA,NA,NA,2,"Gasterosteus","aculeatus","Cheewhat Lake","48 deg 41 min","125 deg 45 min",NA,NA,NA,15,"duration could not be calculated","22:13:00","end_time missing, calculated from start_time + duration_mi","50% Ethanol - weighed after 5 weeks","ETOH_50pct_5weeks","std weight = weight/0.832408",0.832408,"",NA,"Trawl",NA
1987-11-29,"1",118,1988-05-03,"53","02:16:00",NA,15,20,8,"TRAWL",9,"Lamprey","",1.88,0,NA,1,1,1,"2",NA,0,NA,NA,NA,NA,"trawl87.dat",27015,"1987-11-29_118_8_20","1987-11-29_118_8_20_9_1_0_1.88",11,1987,NA,NA,"FORMALIN - WGHD AFT 5 WKS","",NA,NA,"AA - Living Data Program - 2025","Single-row",NA,NA,NA,NA,17,"Lampreta","","Megin Lake","49 deg 29 min","126 deg 04 min",NA,NA,NA,15,"duration could not be calculated","02:31:00","end_time missing, calculated from start_time + duration_mi","10% Formalin - weighed after 5 weeks","Formalin_10pct_5weeks","std weight = weight/1.115100",1.1151,"",NA,"Trawl",NA
1988-07-20,"TR3 TOTR4 ALONG SHORE",40,1989-01-14,"22","00:43:00",NA,15,0,3,"TRAWL",9,"Lamprey","",43,2.43,2.18,1,1,1,"2","0",0,NA,NA,NA,NA,"trawl88.sas7bdat, trawl88.dat",14069,"1988-07-20_40_3_0","1988-07-20_40_3_0_9_1_2.43_43",7,1988,NA,NA,"10% FORMALIN - WGHD AFT 5 WKS","",NA,NA,"AA - Living Data Program - 2025","NA updates","y",NA,NA,NA,17,"Lampreta","","Kennedy Lake (Clay)","49 deg 08 min","125 deg 35 min",NA,NA,NA,15,"duration could not be calculated","00:58:00","end_time missing, calculated from start_time + duration_mi","10% Formalin - weighed after 5 weeks","Formalin_10pct_5weeks","std weight = weight/1.115100",1.1151,"",NA,"Trawl",NA
1988-09-15,"MIDTR7 TO MIDTR14",8,1988-12-28,"22","01:37:00",NA,15,20,6,"TRAWL",1,"Sockeye","Fry",43,2,1.79,72,31,1,"2","0",0,NA,NA,NA,NA,"trawl88.sas7bdat, trawl88.dat",20319,"1988-09-15_8_6_20","1988-09-15_8_6_20_1_31_2_43",9,1988,NA,NA,"10% FORMALIN - WGHD AFT 5 WKS","",NA,NA,"AA - Living Data Program - 2025","NA updates","y",NA,NA,NA,1,"Oncorhynchus","nerka","Long Lake","51 deg 15 min","127 deg 10 min",NA,NA,NA,15,"duration could not be calculated","01:52:00","end_time missing, calculated from start_time + duration_mi","10% Formalin - weighed after 5 weeks","Formalin_10pct_5weeks","std weight = weight/1.115100",1.1151,"",NA,"Trawl",NA
1988-09-20,"TR2 CIRCULAR",24,1989-01-21,"22","00:46:00",NA,15,19,7,"TRAWL",9,"Lamprey","",62,6.16,5.52,1,1,1,"2","0",0,NA,NA,NA,NA,"trawl88.sas7bdat, trawl88.dat",37525,"1988-09-20_24_7_19","1988-09-20_24_7_19_9_1_6.16_62",9,1988,NA,NA,"10% FORMALIN - WGHD AFT 5 WKS","",NA,NA,"AA - Living Data Program - 2025","NA updates","y",NA,NA,NA,17,"Lampreta","","Schoen Lake","50 deg 10 min","126 deg 16 min",NA,NA,NA,15,"duration could not be calculated","01:01:00","end_time missing, calculated from start_time + duration_mi","10% Formalin - weighed after 5 weeks","Formalin_10pct_5weeks","std weight = weight/1.115100",1.1151,"",NA,"Trawl",NA
1989-02-22,"TR6 N-S-N CIRCLED",44,1989-05-09,"63","20:56:00",NA,15,30,3,"TRAWL",1,"Sockeye","Fry",4,0.73,0.65,3,3,1,"2","0",0,NA,NA,NA,NA,"trawl88.sas7bdat, trawl88.dat",27223,"1989-02-22_44_3_30","1989-02-22_44_3_30_1_3_0.73_4",2,1988,NA,NA,"100% FORMALIN - WGHD AFT 5 WKS","",NA,NA,"AA - Living Data Program - 2025","NA updates","y",NA,NA,NA,1,"Oncorhynchus","nerka","Muriel Lake","49 deg 08 min","125 deg 36 min",NA,NA,NA,15,"duration could not be calculated","21:11:00","end_time missing, calculated from start_time + duration_mi","10% Formalin - weighed after 5 weeks","Formalin_10pct_5weeks","std weight = weight/1.115100",1.1151,"",NA,"Trawl",NA
1989-05-14,"LOCATION=TR2-TR1",62,1989-05-27,"63","02:18:00",NA,15,7,9,"TRAWL",5,"Sculpin","",20,0.7,0.63,21,21,1,"2","0",0,NA,NA,NA,NA,"trawl89.sas7bdat, trawl89.dat",5677,"1989-05-14_62_9_7","1989-05-14_62_9_7_5_21_0.7_20",5,1989,NA,NA,"10% FORMALIN - WGHD AFT 5 WKS","",NA,NA,"AA - Living Data Program - 2025","NA updates","y",NA,NA,NA,12,"Cottus","","Skidegate Lake","53 deg 05 min","131 deg 56 min",NA,NA,NA,15,"duration could not be calculated","02:33:00","end_time missing, calculated from start_time + duration_mi","10% Formalin - weighed after 5 weeks","Formalin_10pct_5weeks","std weight = weight/1.115100",1.1151,"",NA,"Trawl",NA
1989-06-01,"LOCATION TR1 > TR2. SUBADULT SIZE CLASSIFICATION (>=30mm & <50mm). MANY MYSIDS IN SAMPLE.",41,1990-02-02,"64","23:43:00",NA,15,0,3,"2*2*7.5m TRAWL",2,"Stickleback","",25,0.42,0.38,37,2,1,"2","0",0,NA,NA,NA,NA,"trawl89.sas7bdat, trawl89.dat",23443,"1989-06-01_41_3_0","1989-06-01_41_3_0_2_2_0.42_25",6,1989,NA,NA,"10% FORMALIN - WGHD AFT 5 WKS","",NA,NA,"AA - Living Data Program - 2025","NA updates","y",NA,NA,NA,2,"Gasterosteus","aculeatus","Kennedy Lake (Main)","49 deg 04 min","125 deg 34 min",NA,NA,NA,15,"duration could not be calculated","23:58:00","end_time missing, calculated from start_time + duration_mi","10% Formalin - weighed after 5 weeks","Formalin_10pct_5weeks","std weight = weight/1.115100",1.1151,"",NA,"Trawl",NA
1989-06-03,"LOCATION TR6 > TR7.",41,1990-03-19,"64","04:00:00",NA,15,10,15,"2*2*7.5m TRAWL",7,"Sockeye","Fry",0.26,30,26.9,120,78,1,"2","0",0,NA,NA,NA,NA,"trawl89.sas7bdat, trawl89.dat",19825,"1989-06-03_41_15_10","1989-06-03_41_15_10_7_78_30_0.26",6,1989,NA,NA,"10% FORMALIN - WGHD AFT 5 WKS","",NA,NA,"AA - Living Data Program - 2025","NA updates","y",NA,NA,NA,1,"Oncorhynchus","nerka","Kennedy Lake (Main)","49 deg 04 min","125 deg 34 min",NA,NA,NA,15,"duration could not be calculated","04:15:00","end_time missing, calculated from start_time + duration_mi","10% Formalin - weighed after 5 weeks","Formalin_10pct_5weeks","std weight = weight/1.115100",1.1151,"",NA,"Trawl",NA
1989-06-22,"TR2-TR3.",3,1990-03-29,"35","00:03:00",NA,15,17,2,"2*2*7.5M TRAWL",7,"Sockeye","Fry",26,1,0.9,95,55,1,"2","0",0,NA,NA,NA,NA,"trawl89.sas7bdat, trawl89.dat",14427,"1989-06-22_3_2_17","1989-06-22_3_2_17_7_55_1_26",6,1989,NA,NA,"10% FORMALIN - WGHD AFT 5 WKS","",NA,NA,"AA - Living Data Program - 2025","NA updates","y",NA,NA,NA,1,"Oncorhynchus","nerka","Henderson Lake","49 deg 05 min","125 deg 02 min",NA,NA,NA,15,"duration could not be calculated","00:18:00","end_time missing, calculated from start_time + duration_mi","10% Formalin - weighed after 5 weeks","Formalin_10pct_5weeks","std weight = weight/1.115100",1.1151,"",NA,"Trawl",NA
1989-06-25,"EAST BASIN.TR16-TR8.200 OF APPROX 221 WERE PROCESSED.",8,1990-03-22,"37","00:02:00",NA,15,0,1,"2*2*7.5M TRAWL",2,"Stickleback","",35,37,33.18,200,66,1,"2","0",0,NA,NA,NA,NA,"trawl89.sas7bdat, trawl89.dat",27793,"1989-06-25_8_1_0","1989-06-25_8_1_0_2_66_37_35",6,1989,NA,NA,"10% FORMALIN - WGHD AFT 5 WKS","",NA,NA,"AA - Living Data Program - 2025","NA updates","y",NA,NA,NA,2,"Gasterosteus","aculeatus","Long Lake","51 deg 15 min","127 deg 10 min",NA,NA,NA,15,"duration could not be calculated","00:17:00","end_time missing, calculated from start_time + duration_mi","10% Formalin - weighed after 5 weeks","Formalin_10pct_5weeks","std weight = weight/1.115100",1.1151,"",NA,"Trawl",NA
1989-06-29,"TR3.",1,1990-04-03,"35","23:47:00",NA,15,10,1,"2*2*7.5 TRAWL",7,"Sockeye","Fry",0.27,0.16,0.14,50,50,1,"2","0",0,NA,NA,NA,NA,"trawl89.sas7bdat, trawl89.dat",13869,"1989-06-29_1_1_10","1989-06-29_1_1_10_7_50_0.16_0.27",6,1989,NA,NA,"10% FORMALIN - WGHD AFT 5 WKS","",NA,NA,"AA - Living Data Program - 2025","NA updates","y",NA,NA,NA,1,"Oncorhynchus","nerka","Great Central Lake","49 deg 22 min","125 deg 15 min",NA,NA,NA,15,"duration could not be calculated","00:02:00","end_time missing, calculated from start_time + duration_mi","10% Formalin - weighed after 5 weeks","Formalin_10pct_5weeks","std weight = weight/1.115100",1.1151,"",NA,"Trawl",NA
1989-07-02,"LOCATION TR2 > TR5.",107,1990-01-29,"64","03:54:00",NA,15,9,9,"2*2*7.5m TRAWL",7,"Sockeye","Fry",28,0.54,0.48,11,2,1,"2","0",0,NA,NA,NA,NA,"trawl89.sas7bdat, trawl89.dat",58409,"1989-07-02_107_9_9","1989-07-02_107_9_9_7_2_0.54_28",7,1989,NA,NA,"10% FORMALIN - WGHD AFT 5 WKS","",NA,NA,"AA - Living Data Program - 2025","NA updates","y",NA,NA,NA,1,"Oncorhynchus","nerka","Cheewhat Lake","48 deg 41 min","125 deg 45 min",NA,NA,NA,15,"duration could not be calculated","04:09:00","end_time missing, calculated from start_time + duration_mi","10% Formalin - weighed after 5 weeks","Formalin_10pct_5weeks","std weight = weight/1.115100",1.1151,"",NA,"Trawl",NA
1990-03-01,"TR8-16-8.200 OF 589 STICKLEBACKS WERE PROCESSED.",8,1990-06-20,"35","20:02:00",NA,15,9,1,"2*2*7.5 TRAWL",2,"Stickleback","",35,34,30.49,200,154,1,"2","0",0,NA,NA,NA,NA,"trawl89.sas7bdat, trawl89.dat",62281,"1990-03-01_8_1_9","1990-03-01_8_1_9_2_154_34_35",3,1989,NA,NA,"10% FORMALIN - WGHD AFT 5 WKS","",NA,NA,"AA - Living Data Program - 2025","NA updates","y",NA,NA,NA,2,"Gasterosteus","aculeatus","Long Lake","51 deg 15 min","127 deg 10 min",NA,NA,NA,15,"duration could not be calculated","20:17:00","end_time missing, calculated from start_time + duration_mi","10% Formalin - weighed after 5 weeks","Formalin_10pct_5weeks","std weight = weight/1.115100",1.1151,"",NA,"Trawl",NA
1990-06-22,"TR5-CIRCLE.TWO JARS COMBINED INTO ONE.",802,1991-02-13,"71","23:19:00",NA,15,6,1,"2*2*7.5M NET",2,"Stickleback","",0.38,0.46,0.41,153,48,1,"2","0",0,NA,NA,NA,NA,"trawl90.sas7bdat, trawl90.dat",12197,"1990-06-22_802_1_6","1990-06-22_802_1_6_2_48_0.46_0.38",6,1990,NA,NA,"10% FORMALIN - WGHD AFT 5 WKS","",NA,NA,"AA - Living Data Program - 2025","NA updates","y",NA,NA,NA,2,"Gasterosteus","aculeatus","Long Lake (B)","51 deg 15 min","127 deg 05 min",NA,NA,NA,15,"duration could not be calculated","23:34:00","end_time missing, calculated from start_time + duration_mi","10% Formalin - weighed after 5 weeks","Formalin_10pct_5weeks","std weight = weight/1.115100",1.1151,"",NA,"Trawl",NA
1990-07-23,"TR3-2.",107,1990-11-14,"35","03:24:00",NA,15,10,9,"2*2*7.5 NET",7,"Sockeye","Fry",40,75,67.26,40,28,1,"2","0",0,NA,NA,NA,NA,"trawl90.sas7bdat, trawl90.dat",601,"1990-07-23_107_9_10","1990-07-23_107_9_10_7_28_75_40",7,1990,NA,NA,"10% FORMALIN - WGHD AFT 5 WKS","",NA,NA,"AA - Living Data Program - 2025","NA updates","y",NA,NA,NA,1,"Oncorhynchus","nerka","Cheewhat Lake","48 deg 41 min","125 deg 45 min",NA,NA,NA,15,"duration could not be calculated","03:39:00","end_time missing, calculated from start_time + duration_mi","10% Formalin - weighed after 5 weeks","Formalin_10pct_5weeks","std weight = weight/1.115100",1.1151,"",NA,"Trawl",NA
1990-09-13,"TR10.",801,1991-03-21,"71","05:37:00",NA,15,10,9,"2*2*7.5M NET",2,"Stickleback","",34,33,29.59,44,8,1,"2","0",0,NA,NA,NA,NA,"trawl90.sas7bdat, trawl90.dat",47671,"1990-09-13_801_9_10","1990-09-13_801_9_10_2_8_33_34",9,1990,NA,NA,"10% FORMALIN - WGHD AFT 5 WKS","",NA,NA,"AA - Living Data Program - 2025","NA updates","y",NA,NA,NA,2,"Gasterosteus","aculeatus","Long Lake (A)","51 deg 15 min","127 deg 13 min",NA,NA,NA,15,"duration could not be calculated","05:52:00","end_time missing, calculated from start_time + duration_mi","10% Formalin - weighed after 5 weeks","Formalin_10pct_5weeks","std weight = weight/1.115100",1.1151,"",NA,"Trawl",NA
1991-03-12,"TR8-7!",18,1991-05-14,"35","21:25:00",NA,15,7,2,"2*2*7.5M NET",2,"Stickleback","",33,36,32.28,13,8,1,"2","0",0,NA,NA,NA,NA,"trawl90.sas7bdat, trawl90.dat",58131,"1991-03-12_18_2_7","1991-03-12_18_2_7_2_8_36_33",3,1990,NA,NA,"10% FORMALIN - WGHD AFT 5 WKS","",NA,NA,"AA - Living Data Program - 2025","NA updates","y",NA,NA,NA,2,"Gasterosteus","aculeatus","Owikeno Lake","51 deg 41 min","126 deg 55 min",NA,NA,NA,15,"duration could not be calculated","21:40:00","end_time missing, calculated from start_time + duration_mi","10% Formalin - weighed after 5 weeks","Formalin_10pct_5weeks","std weight = weight/1.115100",1.1151,"",NA,"Trawl",NA
1991-09-11,"NO TIME OR DURATION TIME.TR",64,1992-01-14,"37",NA,NA,NA,15,18,"NET",7,"Sockeye","Fry",58,17.3,19.92,46,44,2,"2","0",0,NA,NA,NA,NA,"trawl91.sas7bdat, TRAWL91.dat",8325,"1991-09-11_64_18_15","1991-09-11_64_18_15_7_44_17.3_58",9,1991,NA,NA,"70 % OH - WGHD AFTER 5 WKS","",NA,NA,"AA - Living Data Program - 2025","NA updates","y",NA,"Invalid format",NA,1,"Oncorhynchus","nerka","Tahltan Lake","57 deg 57 min","131 deg 37 min",NA,"Greater than 60 min, likely error",NA,NA,"duration could not be calculated",NA,"end_time could not be calculated","70% Ethanol - weighed after 5 weeks","ETOH_70pct_5weeks","std weight = weight/0.868429",0.868429,"",NA,"Trawl",NA
1991-09-14,"TR8-5.DATE 14-15SEP91.TRAWL",66,1992-01-30,"35","00:19:00",NA,NA,10,NA,"NET",7,"Sockeye","Fry",5,1.13,1.3,8,2,2,"2","0",0,NA,NA,NA,NA,"trawl91.sas7bdat, TRAWL91.dat",9039,"1991-09-14_66_99_10","1991-09-14_66_99_10_7_2_1.13_5",9,1991,NA,NA,"70 % OH - WGHD AFTER 5 WKS","",NA,NA,"AA - Living Data Program - 2025","NA updates","y",NA,NA,NA,1,"Oncorhynchus","nerka","Tatsamenie Lake","58 deg 20 min","132 deg 20 min",NA,"Greater than 60 min, likely error",NA,NA,"duration could not be calculated",NA,"end_time could not be calculated","70% Ethanol - weighed after 5 weeks","ETOH_70pct_5weeks","std weight = weight/0.868429",0.868429,"",NA,"Trawl",NA
1991-10-24,"TR",41,1992-05-06,"37","01:32:00",NA,15,12,3,"2*2*7.5 NET",2,"Stickleback","",36,4.2,3.77,96,33,1,"2","0",0,NA,NA,NA,NA,"trawl91.sas7bdat, TRAWL91.dat",32323,"1991-10-24_41_3_12","1991-10-24_41_3_12_2_33_4.2_36",10,1991,NA,NA,"10% FORMALIN - WGHD AFT 5 WKS","",NA,NA,"AA - Living Data Program - 2025","NA updates","y",NA,NA,NA,2,"Gasterosteus","aculeatus","Kennedy Lake (Main)","49 deg 04 min","125 deg 34 min",NA,NA,NA,15,"duration could not be calculated","01:47:00","end_time missing, calculated from start_time + duration_mi","10% Formalin - weighed after 5 weeks","Formalin_10pct_5weeks","std weight = weight/1.115100",1.1151,"",NA,"Trawl",NA
1992-07-14,"TR 8-16. VICKI WALKER.",8,1996-03-15,"35","01:22:00",NA,15,16,4,"2*2*7.5 NET",7,"Sockeye","Fry",32,0.66,0.59,103,42,1,"2","0",0,NA,NA,NA,NA,"trawl92.sas7bdat, TRAWL92.dat",32651,"1992-07-14_8_4_16","1992-07-14_8_4_16_7_42_0.66_32",7,1992,NA,NA,"0 0% FORMALIN - WGHD AFT 5 WKS","",NA,NA,"AA - Living Data Program - 2025","NA updates","y",NA,NA,NA,1,"Oncorhynchus","nerka","Long Lake","51 deg 15 min","127 deg 10 min",NA,NA,NA,15,"duration could not be calculated","01:37:00","end_time missing, calculated from start_time + duration_mi","10% Formalin - weighed after 5 weeks","Formalin_10pct_5weeks","std weight = weight/1.115100",1.1151,"",NA,"Trawl",NA
1992-07-15,"TR 11-11. VICKI WALKER.",8,1996-03-29,"35","23:19:00",NA,5,13,16,"2*2*7.5 NET",7,"Sockeye","Fry",4,0.88,0.79,24,6,1,"2","0",0,NA,NA,NA,NA,"trawl92.sas7bdat, TRAWL92.dat",34643,"1992-07-15_8_16_13","1992-07-15_8_16_13_7_6_0.88_4",7,1992,NA,NA,"10% FORMALIN - WGHD AFT 5 WKS","",NA,NA,"AA - Living Data Program - 2025","NA updates","y",NA,NA,NA,1,"Oncorhynchus","nerka","Long Lake","51 deg 15 min","127 deg 10 min",NA,NA,NA,5,"duration could not be calculated","23:24:00","end_time missing, calculated from start_time + duration_mi","10% Formalin - weighed after 5 weeks","Formalin_10pct_5weeks","std weight = weight/1.115100",1.1151,"",NA,"Trawl",NA
1992-08-12,"TR 5-4.",22,1994-04-08,"41","22:02:00",NA,15,24,1,"2*2*7.5 NET",7,"Sockeye","Fry",41,66,59.19,135,126,1,"2","0",0,NA,NA,NA,NA,"trawl92.sas7bdat, TRAWL92.dat",21055,"1992-08-12_22_1_24","1992-08-12_22_1_24_7_126_66_41",8,1992,NA,NA,"10% FORMALIN - WGHD AFT 5 WKS","",NA,NA,"AA - Living Data Program - 2025","NA updates","y",NA,NA,NA,1,"Oncorhynchus","nerka","Woss Lake","50 deg 08 min","126 deg 38 min",NA,NA,NA,15,"duration could not be calculated","22:17:00","end_time missing, calculated from start_time + duration_mi","10% Formalin - weighed after 5 weeks","Formalin_10pct_5weeks","std weight = weight/1.115100",1.1151,"",NA,"Trawl",NA
1992-08-12,"TR 5-4.",22,1994-04-08,"41","22:02:00",NA,15,24,1,"2*2*7.5 NET",7,"Sockeye","Fry",46,97,86.99,135,133,1,"2","0",0,NA,NA,NA,NA,"trawl92.sas7bdat, TRAWL92.dat",21083,"1992-08-12_22_1_24","1992-08-12_22_1_24_7_133_97_46",8,1992,NA,NA,"10% FORMALIN - WGHD AFT 5 WKS","",NA,NA,"AA - Living Data Program - 2025","NA updates","y",NA,NA,NA,1,"Oncorhynchus","nerka","Woss Lake","50 deg 08 min","126 deg 38 min",NA,NA,NA,15,"duration could not be calculated","22:17:00","end_time missing, calculated from start_time + duration_mi","10% Formalin - weighed after 5 weeks","Formalin_10pct_5weeks","std weight = weight/1.115100",1.1151,"",NA,"Trawl",NA
1992-08-12,"MLT 4-3.",22,1994-04-08,"41",NA,NA,5,28,2,"2*2*7.5 NET",7,"Sockeye","Fry",46,105,94.16,166,133,1,"2","0",0,NA,NA,NA,NA,"trawl92.sas7bdat, TRAWL92.dat",21637,"1992-08-12_22_2_28","1992-08-12_22_2_28_7_133_105_46",8,1992,NA,NA,"10% FORMALIN - WGHD AFT 5 WKS","",NA,NA,"AA - Living Data Program - 2025","NA updates","y",NA,"Invalid format",NA,1,"Oncorhynchus","nerka","Woss Lake","50 deg 08 min","126 deg 38 min",NA,NA,NA,5,"duration could not be calculated",NA,"end_time could not be calculated","10% Formalin - weighed after 5 weeks","Formalin_10pct_5weeks","std weight = weight/1.115100",1.1151,"",NA,"Trawl",NA
1992-08-12,"MLT 4-3.",22,1994-04-08,"41",NA,NA,5,28,2,"2*2*7.5 NET",7,"Sockeye","Fry",42,66,59.19,166,134,1,"2","0",0,NA,NA,NA,NA,"trawl92.sas7bdat, TRAWL92.dat",21641,"1992-08-12_22_2_28","1992-08-12_22_2_28_7_134_66_42",8,1992,NA,NA,"10% FORMALIN - WGHD AFT 5 WKS","",NA,NA,"AA - Living Data Program - 2025","NA updates","y",NA,"Invalid format",NA,1,"Oncorhynchus","nerka","Woss Lake","50 deg 08 min","126 deg 38 min",NA,NA,NA,5,"duration could not be calculated",NA,"end_time could not be calculated","10% Formalin - weighed after 5 weeks","Formalin_10pct_5weeks","std weight = weight/1.115100",1.1151,"",NA,"Trawl",NA
1992-08-12,"TR 3-4. 2 JARS.",23,1994-05-25,"41","00:42:00",NA,15,31,4,"2*2*7.5 NET",7,"Sockeye","Fry",45,90,80.71,98,36,1,"2","0",0,NA,NA,NA,NA,"trawl92.sas7bdat, TRAWL92.dat",24155,"1992-08-12_23_4_31","1992-08-12_23_4_31_7_36_90_45",8,1992,NA,NA,"10% FORMALIN - WGHD AFT 5 WKS","",NA,NA,"AA - Living Data Program - 2025","NA updates","y",NA,NA,NA,1,"Oncorhynchus","nerka","Vernon Lake","50 deg 62 min","126 deg 26 min",NA,NA,NA,15,"duration could not be calculated","00:57:00","end_time missing, calculated from start_time + duration_mi","10% Formalin - weighed after 5 weeks","Formalin_10pct_5weeks","std weight = weight/1.115100",1.1151,"",NA,"Trawl",NA
1992-08-17,"TR 1-4.",214,1993-02-10,"41","00:46:00",NA,10,4,2,"2*2*7.5 NET",2,"Stickleback","",0.33,0.23,0.21,159,156,1,"2","0",0,NA,NA,NA,NA,"trawl92.sas7bdat, TRAWL92.dat",28581,"1992-08-17_214_2_4","1992-08-17_214_2_4_2_156_0.23_0.33",8,1992,NA,NA,"10% FORMALIN - WGHD AFT 5 WKS","",NA,NA,"AA - Living Data Program - 2025","NA updates","y",NA,NA,NA,2,"Gasterosteus","aculeatus","Dragon Lake","52 deg 34 min","122 deg 25 min",NA,NA,NA,10,"duration could not be calculated","00:56:00","end_time missing, calculated from start_time + duration_mi","10% Formalin - weighed after 5 weeks","Formalin_10pct_5weeks","std weight = weight/1.115100",1.1151,"",NA,"Trawl",NA
1992-10-12,"TR 16-8.VICKI WALKER.",8,1996-03-29,"35","22:39:00",NA,15,19,4,"2*2*7.5 NET",2,"Stickleback","",6,1.92,1.72,16,6,1,"2","0",0,NA,NA,NA,NA,"trawl92.sas7bdat, TRAWL92.dat",29607,"1992-10-12_8_4_19","1992-10-12_8_4_19_2_6_1.92_6",10,1992,NA,NA,"10% FORMALIN - WGHD AFT 5 WKS","",NA,NA,"AA - Living Data Program - 2025","NA updates","y",NA,NA,NA,2,"Gasterosteus","aculeatus","Long Lake","51 deg 15 min","127 deg 10 min",NA,NA,NA,15,"duration could not be calculated","22:54:00","end_time missing, calculated from start_time + duration_mi","10% Formalin - weighed after 5 weeks","Formalin_10pct_5weeks","std weight = weight/1.115100",1.1151,"",NA,"Trawl",NA
1993-02-25,"TR4-4.",3,1994-12-12,"35","23:09:00",NA,15,55,3,"2*2*7.5 NET",2,"Stickleback","",45,96,86.09,6,1,1,"2","0",0,"A",NA,NA,NA,"trawl92.sas7bdat, TRAWL92.dat",3577,"1993-02-25_3_3_55","1993-02-25_3_3_55_2_1_96_45",2,1992,NA,NA,"10% FORMALIN - WGHD AFT 5 WKS","",NA,NA,"AA - Living Data Program - 2025","Conflict within","x",NA,NA,NA,2,"Gasterosteus","aculeatus","Henderson Lake","49 deg 05 min","125 deg 02 min",NA,NA,NA,15,"duration could not be calculated","23:24:00","end_time missing, calculated from start_time + duration_mi","10% Formalin - weighed after 5 weeks","Formalin_10pct_5weeks","std weight = weight/1.115100",1.1151,"",NA,"Trawl",NA
1993-02-25,"TR4-4.",3,1994-12-12,"35","23:09:00",NA,15,55,3,"2*2*7.5 NET",2,"Stickleback","",41,75,67.26,6,3,1,"2","0",0,"A",NA,NA,NA,"trawl92.sas7bdat, TRAWL92.dat",3585,"1993-02-25_3_3_55","1993-02-25_3_3_55_2_3_75_41",2,1992,NA,NA,"10% FORMALIN - WGHD AFT 5 WKS","",NA,NA,"AA - Living Data Program - 2025","Conflict within","x",NA,NA,NA,2,"Gasterosteus","aculeatus","Henderson Lake","49 deg 05 min","125 deg 02 min",NA,NA,NA,15,"duration could not be calculated","23:24:00","end_time missing, calculated from start_time + duration_mi","10% Formalin - weighed after 5 weeks","Formalin_10pct_5weeks","std weight = weight/1.115100",1.1151,"",NA,"Trawl",NA
1993-07-17,"TR14-6.",3,1993-10-21,"35","22:56:00",NA,15,11,2,"2*2*7.5 NET",7,"Sockeye","Fry",33,0.97,0.87,135,21,1,"2","0",0,NA,NA,NA,NA,"trawl93.sas7bdat, TRAWL93.dat",1293,"1993-07-17_3_2_11","1993-07-17_3_2_11_7_21_0.97_33",7,1993,NA,NA,"10% FORMALIN - WGHD AFT 5 WKS","",NA,NA,"AA - Living Data Program - 2025","NA updates","y",NA,NA,NA,1,"Oncorhynchus","nerka","Henderson Lake","49 deg 05 min","125 deg 02 min",NA,NA,NA,15,"duration could not be calculated","23:11:00","end_time missing, calculated from start_time + duration_mi","10% Formalin - weighed after 5 weeks","Formalin_10pct_5weeks","std weight = weight/1.115100",1.1151,"",NA,"Trawl",NA
1993-07-24,"TR9-9.NEA PIKE.",8,1997-09-24,"37","02:07:00",NA,15,16,4,"2*2*7.5 NET",7,"Sockeye","Fry",39,60,53.81,142,46,1,"2","0",0,NA,NA,NA,NA,"trawl93.sas7bdat, TRAWL93.dat",18579,"1993-07-24_8_4_16","1993-07-24_8_4_16_7_46_60_39",7,1993,NA,NA,"0 0% FORMALIN - WGHD AFT 5 WKS","",NA,NA,"AA - Living Data Program - 2025","NA updates","y",NA,NA,NA,1,"Oncorhynchus","nerka","Long Lake","51 deg 15 min","127 deg 10 min",NA,NA,NA,15,"duration could not be calculated","02:22:00","end_time missing, calculated from start_time + duration_mi","10% Formalin - weighed after 5 weeks","Formalin_10pct_5weeks","std weight = weight/1.115100",1.1151,"",NA,"Trawl",NA
1993-07-25,"TR.6-5.NEA PIKE.",8,1997-10-02,"37","01:18:00",NA,15,12,8,"2*2*7.5NET",7,"Sockeye","Fry",0.3,0.23,0.21,114,112,1,"2","0",0,NA,NA,NA,NA,"trawl93.sas7bdat, TRAWL93.dat",19679,"1993-07-25_8_8_12","1993-07-25_8_8_12_7_112_0.23_0.3",7,1993,NA,NA,"0 0% FORMALIN - WGHD AFT 5 WKS","",NA,NA,"AA - Living Data Program - 2025","NA updates","y",NA,NA,NA,1,"Oncorhynchus","nerka","Long Lake","51 deg 15 min","127 deg 10 min",NA,NA,NA,15,"duration could not be calculated","01:33:00","end_time missing, calculated from start_time + duration_mi","10% Formalin - weighed after 5 weeks","Formalin_10pct_5weeks","std weight = weight/1.115100",1.1151,"",NA,"Trawl",NA
1993-07-25,"TR.6-5.NEA PIKE.",8,1997-10-02,"37","01:18:00",NA,15,12,8,"2*2*7.5NET",7,"Sockeye","Fry",0.35,0.42,0.38,114,34,1,"2","0",0,NA,NA,NA,NA,"trawl93.sas7bdat, TRAWL93.dat",19367,"1993-07-25_8_8_12","1993-07-25_8_8_12_7_34_0.42_0.35",7,1993,NA,NA,"0 0% FORMALIN - WGHD AFT 5 WKS","",NA,NA,"AA - Living Data Program - 2025","NA updates","y",NA,NA,NA,1,"Oncorhynchus","nerka","Long Lake","51 deg 15 min","127 deg 10 min",NA,NA,NA,15,"duration could not be calculated","01:33:00","end_time missing, calculated from start_time + duration_mi","10% Formalin - weighed after 5 weeks","Formalin_10pct_5weeks","std weight = weight/1.115100",1.1151,"",NA,"Trawl",NA
1993-07-26,"TR13-4.NEA PIKE.",8,1997-10-02,"37","00:58:00",NA,15,3,10,"2*2*7.5 NET",2,"Stickleback","",51,3.27,2.93,114,5,1,"2","0",0,NA,NA,NA,NA,"trawl93.sas7bdat, TRAWL93.dat",16737,"1993-07-26_8_10_3","1993-07-26_8_10_3_2_5_3.27_51",7,1993,NA,NA,"0 0% FORMALIN - WGHD AFT 5 WKS","",NA,NA,"AA - Living Data Program - 2025","NA updates","y",NA,NA,NA,2,"Gasterosteus","aculeatus","Long Lake","51 deg 15 min","127 deg 10 min",NA,NA,NA,15,"duration could not be calculated","01:13:00","end_time missing, calculated from start_time + duration_mi","10% Formalin - weighed after 5 weeks","Formalin_10pct_5weeks","std weight = weight/1.115100",1.1151,"",NA,"Trawl",NA
1995-06-21,"TR.4-3.",3,1996-01-24,"36","03:43:00",NA,15,18,3,"2*2*7.5 NET",7,"Sockeye","Fry",30,1.8,1.61,40,4,1,"2","0",0,NA,NA,NA,NA,"trawl95.sas7bdat, TRAWL95.dat",593,"1995-06-21_3_3_18","1995-06-21_3_3_18_7_4_1.8_30",6,1995,NA,NA,"10% FORMALIN - WGHD AFT 5 WKS","",NA,NA,"AA - Living Data Program - 2025","NA updates","y",NA,NA,NA,1,"Oncorhynchus","nerka","Henderson Lake","49 deg 05 min","125 deg 02 min",NA,NA,NA,15,"duration could not be calculated","03:58:00","end_time missing, calculated from start_time + duration_mi","10% Formalin - weighed after 5 weeks","Formalin_10pct_5weeks","std weight = weight/1.115100",1.1151,"",NA,"Trawl",NA
1995-08-25,"MIKE WHITEAKER.TR10-9.",18,1995-11-17,"37","00:50:00",NA,15,0,6,"2*2*7.5 NET",7,"Sockeye","Fry",32,0.89,0.8,122,93,1,"2","0",0,NA,NA,NA,NA,"trawl95.sas7bdat, TRAWL95.dat",12653,"1995-08-25_18_6_0","1995-08-25_18_6_0_7_93_0.89_32",8,1995,NA,NA,"10% FORMALIN - WGHD AFT 5 WKS","",NA,NA,"AA - Living Data Program - 2025","NA updates","y",NA,NA,NA,1,"Oncorhynchus","nerka","Owikeno Lake","51 deg 41 min","126 deg 55 min",NA,NA,NA,15,"duration could not be calculated","01:05:00","end_time missing, calculated from start_time + duration_mi","10% Formalin - weighed after 5 weeks","Formalin_10pct_5weeks","std weight = weight/1.115100",1.1151,"",NA,"Trawl",NA
1995-08-26,"MIKE WHITEAKER.TR11-10.",18,1995-11-20,"37","21:29:52",NA,15,0,11,"2*2*7.5 NET",7,"Sockeye","Fry",35,46,41.25,139,137,1,"2","0",0,NA,NA,NA,NA,"trawl95.sas7bdat, TRAWL95.dat",14051,"1995-08-26_18_11_0","1995-08-26_18_11_0_7_137_46_35",8,1995,NA,NA,"10% FORMALIN - WGHD AFT 5 WKS","",NA,NA,"AA - Living Data Program - 2025","NA updates","y",NA,NA,NA,1,"Oncorhynchus","nerka","Owikeno Lake","51 deg 41 min","126 deg 55 min",NA,NA,NA,15,"duration could not be calculated","21:44:52","end_time missing, calculated from start_time + duration_mi","10% Formalin - weighed after 5 weeks","Formalin_10pct_5weeks","std weight = weight/1.115100",1.1151,"",NA,"Trawl",NA
1995-08-26,"MIKE WHITEAKER.TR10-11.",18,1995-11-20,"37","22:26:56",NA,15,7,13,"2*2*7.5 NET",7,"Sockeye","Fry",53,39,34.97,107,93,1,"2","0",0,NA,NA,NA,NA,"trawl95.sas7bdat, TRAWL95.dat",14939,"1995-08-26_18_13_7","1995-08-26_18_13_7_7_93_39_53",8,1995,NA,NA,"10% FORMALIN - WGHD AFT 5 WKS","",NA,NA,"AA - Living Data Program - 2025","NA updates","y",NA,NA,NA,1,"Oncorhynchus","nerka","Owikeno Lake","51 deg 41 min","126 deg 55 min",NA,NA,NA,15,"duration could not be calculated","22:41:56","end_time missing, calculated from start_time + duration_mi","10% Formalin - weighed after 5 weeks","Formalin_10pct_5weeks","std weight = weight/1.115100",1.1151,"",NA,"Trawl",NA
1995-08-26,"MIKE WHITEAKER. TR9-8.",18,1995-11-21,"37","00:41:00",NA,15,11,19,"2*2*7.5 NET",7,"Sockeye","Fry",0.37,0.61,0.55,45,21,1,"2","0",0,NA,NA,NA,NA,"trawl95.sas7bdat, TRAWL95.dat",16519,"1995-08-26_18_19_11","1995-08-26_18_19_11_7_21_0.61_0.37",8,1995,NA,NA,"10% FORMALIN - WGHD AFT 5 WKS","",NA,NA,"AA - Living Data Program - 2025","NA updates","y",NA,NA,NA,1,"Oncorhynchus","nerka","Owikeno Lake","51 deg 41 min","126 deg 55 min",NA,NA,NA,15,"duration could not be calculated","00:56:00","end_time missing, calculated from start_time + duration_mi","10% Formalin - weighed after 5 weeks","Formalin_10pct_5weeks","std weight = weight/1.115100",1.1151,"",NA,"Trawl",NA
1995-08-27,"MIKE WHITEAKER. TR5-6.",18,1995-11-21,"37","23:30:56",NA,15,0,20,"2*2*7.5 NET",2,"Stickleback","",17,0.19,0.17,200,200,1,"2","0",0,NA,NA,NA,NA,"trawl95.sas7bdat, TRAWL95.dat",7753,"1995-08-27_18_20_0","1995-08-27_18_20_0_2_200_0.19_17",8,1995,NA,NA,"10% FORMALIN - WGHD AFT 5 WKS","",NA,NA,"AA - Living Data Program - 2025","NA updates","y",NA,NA,NA,2,"Gasterosteus","aculeatus","Owikeno Lake","51 deg 41 min","126 deg 55 min",NA,NA,NA,15,"duration could not be calculated","23:45:56","end_time missing, calculated from start_time + duration_mi","10% Formalin - weighed after 5 weeks","Formalin_10pct_5weeks","std weight = weight/1.115100",1.1151,"",NA,"Trawl",NA
1995-08-27,"MIKE WHITEAKER. TR5-6.",18,1995-11-21,"37","23:30:56",NA,15,0,20,"2*2*7.5 NET",2,"Stickleback","",11,0.04,0.04,200,32,1,"2","0",0,NA,NA,NA,NA,"trawl95.sas7bdat, TRAWL95.dat",7081,"1995-08-27_18_20_0","1995-08-27_18_20_0_2_32_0.04_11",8,1995,NA,NA,"10% FORMALIN - WGHD AFT 5 WKS","",NA,NA,"AA - Living Data Program - 2025","NA updates","y",NA,NA,NA,2,"Gasterosteus","aculeatus","Owikeno Lake","51 deg 41 min","126 deg 55 min",NA,NA,NA,15,"duration could not be calculated","23:45:56","end_time missing, calculated from start_time + duration_mi","10% Formalin - weighed after 5 weeks","Formalin_10pct_5weeks","std weight = weight/1.115100",1.1151,"",NA,"Trawl",NA
1995-08-27,"MIKE WHITEAKER. TR5-6.",18,1995-11-22,"37","23:52:48",NA,15,0,21,"2*2*7.5 NET",2,"Stickleback","",48,2.61,2.34,136,54,1,"2","0",0,NA,NA,NA,NA,"trawl95.sas7bdat, TRAWL95.dat",7983,"1995-08-27_18_21_0","1995-08-27_18_21_0_2_54_2.61_48",8,1995,NA,NA,"10% FORMALIN - WGHD AFT 5 WKS","",NA,NA,"AA - Living Data Program - 2025","NA updates","y",NA,NA,NA,2,"Gasterosteus","aculeatus","Owikeno Lake","51 deg 41 min","126 deg 55 min",NA,NA,NA,15,"duration could not be calculated","00:07:48","end_time missing, calculated from start_time + duration_mi","10% Formalin - weighed after 5 weeks","Formalin_10pct_5weeks","std weight = weight/1.115100",1.1151,"",NA,"Trawl",NA
1995-08-27,"MIKE WHITEAKER. TR6-7.",18,1995-11-23,"37","00:56:00",NA,15,7,24,"2*2*7.5 NET",7,"Sockeye","Fry",36,0.96,0.86,53,41,1,"2","0",0,NA,NA,NA,NA,"trawl95.sas7bdat, TRAWL95.dat",17619,"1995-08-27_18_24_7","1995-08-27_18_24_7_7_41_0.96_36",8,1995,NA,NA,"10% FORMALIN - WGHD AFT 5 WKS","",NA,NA,"AA - Living Data Program - 2025","NA updates","y",NA,NA,NA,1,"Oncorhynchus","nerka","Owikeno Lake","51 deg 41 min","126 deg 55 min",NA,NA,NA,15,"duration could not be calculated","01:11:00","end_time missing, calculated from start_time + duration_mi","10% Formalin - weighed after 5 weeks","Formalin_10pct_5weeks","std weight = weight/1.115100",1.1151,"",NA,"Trawl",NA
1995-08-28,"TRANS 4.C.PENNER.",18,1996-02-22,"35","04:39:00",NA,15,0,37,"2*2*7.5 NET",7,"Sockeye","Fry",34,3,2.69,31,29,1,"2","0",0,NA,NA,NA,NA,"trawl95.sas7bdat, TRAWL95.dat",18721,"1995-08-28_18_37_0","1995-08-28_18_37_0_7_29_3_34",8,1995,NA,NA,"10% FORMALIN - WGHD AFT 5 WKS","",NA,NA,"AA - Living Data Program - 2025","NA updates","y",NA,NA,NA,1,"Oncorhynchus","nerka","Owikeno Lake","51 deg 41 min","126 deg 55 min",NA,NA,NA,15,"duration could not be calculated","04:54:00","end_time missing, calculated from start_time + duration_mi","10% Formalin - weighed after 5 weeks","Formalin_10pct_5weeks","std weight = weight/1.115100",1.1151,"",NA,"Trawl",NA
1995-08-30,"TR.3B-2B.NEA PIKE.",8,1997-10-23,"37","02:25:00",NA,15,21,6,"2*2*2.75",7,"Sockeye","Fry",39,1.39,1.25,158,40,1,"2","0",0,NA,NA,NA,NA,"trawl95.sas7bdat, TRAWL95.dat",29193,"1995-08-30_8_6_21","1995-08-30_8_6_21_7_40_1.39_39",8,1995,NA,NA,"10% FORMALIN - WGHD AFT 5 WKS","",NA,NA,"AA - Living Data Program - 2025","NA updates","y",NA,NA,NA,1,"Oncorhynchus","nerka","Long Lake","51 deg 15 min","127 deg 10 min",NA,NA,NA,15,"duration could not be calculated","02:40:00","end_time missing, calculated from start_time + duration_mi","10% Formalin - weighed after 5 weeks","Formalin_10pct_5weeks","std weight = weight/1.115100",1.1151,"",NA,"Trawl",NA
1995-08-30,"TR.3B-2B.NEA PIKE.",8,1997-10-24,"37","02:46:00",NA,15,7,7,"2*2*2.75",2,"Stickleback","",4,999,895.88,57,57,1,"2","0",0,NA,NA,NA,NA,"trawl95.sas7bdat, TRAWL95.dat",27357,"1995-08-30_8_7_7","1995-08-30_8_7_7_2_57_999_4",8,1995,NA,NA,"10% FORMALIN - WGHD AFT 5 WKS","",NA,NA,"AA - Living Data Program - 2025","NA updates","y",NA,NA,NA,2,"Gasterosteus","aculeatus","Long Lake","51 deg 15 min","127 deg 10 min",NA,NA,NA,15,"duration could not be calculated","03:01:00","end_time missing, calculated from start_time + duration_mi","10% Formalin - weighed after 5 weeks","Formalin_10pct_5weeks","std weight = weight/1.115100",1.1151,"",NA,"Trawl",NA
1995-10-13,"TR.2-1.",3,1996-01-24,"36","21:45:52",NA,15,22,17,"2*2*7.5 NET",2,"Stickleback","",31,0.61,0.55,15,1,1,"2","0",0,NA,NA,NA,NA,"trawl95.sas7bdat, TRAWL95.dat",471,"1995-10-13_3_17_22","1995-10-13_3_17_22_2_1_0.61_31",10,1995,NA,NA,"10% FORMALIN - WGHD AFT 5 WKS","",NA,NA,"AA - Living Data Program - 2025","NA updates","y",NA,NA,NA,2,"Gasterosteus","aculeatus","Henderson Lake","49 deg 05 min","125 deg 02 min",NA,NA,NA,15,"duration could not be calculated","22:00:52","end_time missing, calculated from start_time + duration_mi","10% Formalin - weighed after 5 weeks","Formalin_10pct_5weeks","std weight = weight/1.115100",1.1151,"",NA,"Trawl",NA
1996-07-31,"THE OBSERVER IS MIKE MCCULLOCH FOR PAUL RANKIN.",6,1997-12-23,NA,"02:02:00",NA,15,14,3,"2*2*7.5 TRAWL",7,"Sockeye","Fry",42,2.67,2.39,6,4,1,"2","0",0,NA,NA,NA,NA,"trawl96.sas7bdat, TRAWL96.dat",18497,"1996-07-31_6_3_14","1996-07-31_6_3_14_7_4_2.67_42",7,1996,NA,NA,"0 0% FORMALIN - WGHD AFT 5 WKS","",NA,NA,"AA - Living Data Program - 2025","NA updates","y",NA,NA,NA,1,"Oncorhynchus","nerka","Hobiton Lake","48 deg 45 min","124 deg 49 min",NA,NA,NA,15,"duration could not be calculated","02:17:00","end_time missing, calculated from start_time + duration_mi","10% Formalin - weighed after 5 weeks","Formalin_10pct_5weeks","std weight = weight/1.115100",1.1151,"",NA,"Trawl",NA
1996-08-22,"PROCESSED BY K. DANIEL",18,1997-10-10,"35","04:20:00",NA,15,0,25,"2*2*7.5",2,"Stickleback","",47,2.3,2.06,77,22,1,"2","0",0,NA,NA,NA,NA,"trawl96.sas7bdat, TRAWL96.dat",2643,"1996-08-22_18_25_0","1996-08-22_18_25_0_2_22_2.3_47",8,1996,NA,NA,"0 0% FORMALIN - WGHD AFT 5 WKS","",NA,NA,"AA - Living Data Program - 2025","NA updates","y",NA,NA,NA,2,"Gasterosteus","aculeatus","Owikeno Lake","51 deg 41 min","126 deg 55 min",NA,NA,NA,15,"duration could not be calculated","04:35:00","end_time missing, calculated from start_time + duration_mi","10% Formalin - weighed after 5 weeks","Formalin_10pct_5weeks","std weight = weight/1.115100",1.1151,"",NA,"Trawl",NA
1996-08-22,"PROCESSED BY K. DANIEL",18,1997-10-10,"35","04:20:00",NA,15,0,25,"2*2*7.5",2,"Stickleback","",2.5,0.11,0.1,77,70,1,"2","0",0,NA,NA,NA,NA,"trawl96.sas7bdat, TRAWL96.dat",2835,"1996-08-22_18_25_0","1996-08-22_18_25_0_2_70_0.11_2.5",8,1996,NA,NA,"0 0% FORMALIN - WGHD AFT 5 WKS","",NA,NA,"AA - Living Data Program - 2025","NA updates","y",NA,NA,NA,2,"Gasterosteus","aculeatus","Owikeno Lake","51 deg 41 min","126 deg 55 min",NA,NA,NA,15,"duration could not be calculated","04:35:00","end_time missing, calculated from start_time + duration_mi","10% Formalin - weighed after 5 weeks","Formalin_10pct_5weeks","std weight = weight/1.115100",1.1151,"",NA,"Trawl",NA
1996-08-22,"PROCESSED BY K. DANIEL",18,1997-10-10,"35","04:20:00",NA,15,0,25,"2*2*7.5",2,"Stickleback","",2.7,0.16,0.14,77,71,1,"2","0",0,NA,NA,NA,NA,"trawl96.sas7bdat, TRAWL96.dat",2839,"1996-08-22_18_25_0","1996-08-22_18_25_0_2_71_0.16_2.7",8,1996,NA,NA,"0 0% FORMALIN - WGHD AFT 5 WKS","",NA,NA,"AA - Living Data Program - 2025","NA updates","y",NA,NA,NA,2,"Gasterosteus","aculeatus","Owikeno Lake","51 deg 41 min","126 deg 55 min",NA,NA,NA,15,"duration could not be calculated","04:35:00","end_time missing, calculated from start_time + duration_mi","10% Formalin - weighed after 5 weeks","Formalin_10pct_5weeks","std weight = weight/1.115100",1.1151,"",NA,"Trawl",NA
1997-02-20,"PROCESSED BY K. DANIEL",41,1997-11-21,"35","20:28:00",NA,15,8,5,"2*2*7.5 NET",26,"Stickleback","Fry",0.28,0.11,0.1,200,72,1,"2","0",0,NA,NA,NA,NA,"trawl96.sas7bdat, TRAWL96.dat",9965,"1997-02-20_41_5_8","1997-02-20_41_5_8_26_72_0.11_0.28",2,1996,NA,NA,"10% FORMALIN - WGHD AFT 5 WKS","",NA,NA,"AA - Living Data Program - 2025","NA updates","y",NA,NA,NA,2,"Gasterosteus","aculeatus","Kennedy Lake (Main)","49 deg 04 min","125 deg 34 min",NA,NA,NA,15,"duration could not be calculated","20:43:00","end_time missing, calculated from start_time + duration_mi","10% Formalin - weighed after 5 weeks","Formalin_10pct_5weeks","std weight = weight/1.115100",1.1151,"",NA,"Trawl",NA
1997-09-23,"THE OBSERVER IS MIKE MCCULLOCH FOR PAUL RANKIN. THE SCALE BOOK NUMBER IS 41471 A.",62,1997-12-22,NA,"02:29:00",NA,15,15,12,"2*2*7.5 TRAWL",7,"Sockeye","Fry",52,2.82,NA,20,2,1,"2",NA,0,NA,NA,NA,NA,"TRAWL97.dat",4617,"1997-09-23_62_12_15","1997-09-23_62_12_15_7_2_2.82_52",9,1997,NA,NA,"corrected typo error in preservative_code; 0 0% FORMALIN - WGHD AFT 5 WKS","",NA,NA,"AA - Living Data Program - 2025","Single-row",NA,NA,NA,NA,1,"Oncorhynchus","nerka","Skidegate Lake","53 deg 05 min","131 deg 56 min",NA,NA,NA,15,"duration could not be calculated","02:44:00","end_time missing, calculated from start_time + duration_mi","10% Formalin - weighed after 5 weeks","Formalin_10pct_5weeks","std weight = weight/1.115100",1.1151,"",NA,"Trawl",NA
1997-11-20,"THE OBSERVER IS MIKE MCCULLOCH FOR PAUL RANKIN.",1,1997-12-15,NA,"00:35:00",NA,15,17,7,"2*2*7.5TRAWL",7,"Sockeye","Fry",47,2.4,NA,71,1,97,"2",NA,0,NA,NA,NA,NA,"TRAWL97.dat",729,"1997-11-20_1_7_17","1997-11-20_1_7_17_7_1_2.4_47",11,1997,NA,NA,"1 10% FORMALIN - WGHD AFT 4 WKS","",NA,NA,"AA - Living Data Program - 2025","Single-row",NA,NA,NA,NA,1,"Oncorhynchus","nerka","Great Central Lake","49 deg 22 min","125 deg 15 min",NA,NA,NA,15,"duration could not be calculated","00:50:00","end_time missing, calculated from start_time + duration_mi","10% Formalin - weighed after 4 weeks","Formalin_10pct_4weeks","std weight = weight /1.075312",1.075312,"",NA,"Trawl",NA
1998-09-24,"PROCESSED BY ALAN HIRST. THE YEAR 00 NOT ACCEPTED 99=00. LOCATION 9A.",801,2000-01-24,"37","22:25:00",NA,30,17,11,"2*2*7.5 NET",7,"Sockeye","Fry",32,35,NA,113,46,1,"2",NA,0,NA,NA,NA,NA,"TRAWL98.dat",2217,"1998-09-24_801_11_17","1998-09-24_801_11_17_7_46_35_32",9,1998,NA,NA,"corrected typo error in preservative_code; 0 0% FORMALIN - WGHD AFT 5 WKS","",NA,NA,"AA - Living Data Program - 2025","Single-row",NA,NA,NA,NA,1,"Oncorhynchus","nerka","Long Lake (A)","51 deg 15 min","127 deg 13 min",NA,NA,NA,30,"duration could not be calculated","22:55:00","end_time missing, calculated from start_time + duration_mi","10% Formalin - weighed after 5 weeks","Formalin_10pct_5weeks","std weight = weight/1.115100",1.1151,"",NA,"Trawl",NA
1999-09-08,"2 TRAWLS COMBINED. 15 MINUTE DURATION FOR EACH TRAWL. PROCESSED BY ALAN HIRST. COMPUTER WILL NOT ACCEPT 00 FOR DATE PROCESSED SO I'AM USING 99. LOCATION IS A BASIN.",802,2000-01-16,"37","22:25:00",NA,15,8,2,"2*2*7.5 NET",7,"Sockeye","Fry",39,58,NA,268,134,1,"2",NA,0,NA,NA,NA,NA,"TRAWL99.dat",1635,"1999-09-08_802_2_8","1999-09-08_802_2_8_7_134_58_39",9,1999,NA,NA,"corrected typo error in preservative_code; 0 0% FORMALIN - WGHD AFT 5 WKS","",NA,NA,"AA - Living Data Program - 2025","Single-row",NA,NA,NA,NA,1,"Oncorhynchus","nerka","Long Lake (B)","51 deg 15 min","127 deg 05 min",NA,NA,NA,15,"duration could not be calculated","22:40:00","end_time missing, calculated from start_time + duration_mi","10% Formalin - weighed after 5 weeks","Formalin_10pct_5weeks","std weight = weight/1.115100",1.1151,"",NA,"Trawl",NA
1999-09-08,"2 TRAWLS COMBINED. 15 MINUTE DURATION FOR EACH TRAWL. PROCESSED BY ALAN HIRST. COMPUTER WILL NOT ACCEPT 00 FOR DATE PROCESSED SO I'AM USING 99. LOCATION IS A BASIN.",802,2000-01-16,"37","22:25:00",NA,15,8,2,"2*2*7.5 NET",7,"Sockeye","Fry",0,0,NA,268,268,1,"2",NA,0,NA,NA,NA,NA,"TRAWL99.dat",2171,"1999-09-08_802_2_8","1999-09-08_802_2_8_7_268_0_0",9,1999,NA,NA,"corrected typo error in preservative_code; 0 0% FORMALIN - WGHD AFT 5 WKS","",NA,NA,"AA - Living Data Program - 2025","Single-row",NA,NA,NA,NA,1,"Oncorhynchus","nerka","Long Lake (B)","51 deg 15 min","127 deg 05 min",NA,NA,NA,15,"duration could not be calculated","22:40:00","end_time missing, calculated from start_time + duration_mi","10% Formalin - weighed after 5 weeks","Formalin_10pct_5weeks","std weight = weight/1.115100",1.1151,"",NA,"Trawl",NA
