"trawl_date","trawl_location","lake_code","process_date","processor","start_time","end_time","start_time.sas","end_time.sas","start_time.dat","end_time.dat","duration_mi","depth_m","trawl_number","sample_type","species_code","fish_description","species_code_comment","fish_length_mm","fish_weight_g","weight_conversion_formula","standardized_weight_g","fish_total","fish_id","preservative_code","preservative_description","sample_number","scale","scale_book","scale_book_letter","age","aging_technique","aging_technique_name","source_files","source_line","trawl_unique_ID","fish_unique_ID","trawl_month","ats_year","comment","time_comment","preservative_code_comment","depth_m_comment","trawl_date_comment","trawl_number_comment","program_notes","merging_update_type",".joyn","invalid_start_time","fish_scientific_genus","fish_scientific_species","lake_name","lake_latitude","lake_longitude"
"1978-07-06",NA,14,NA,"99","22:15:00","22:45:00",NA,NA,NA,NA,"30",0,1,NA,99,NA,"",NA,NA,NA,NA,0,NA,NA,NA,NA,NA,NA,NA,NA,5,"Defaulted","trawl78.sas7bdat",NA,"1978-07-06_14_1_0","1978-07-06_14_1_0_99_NA_NA_NA",7,1978,NA,NA,NA,NA,NA,NA,"AA - Living Data Program - 2025","Single-row",NA,"Valid",NA,NA,"Stephens Lake","55 deg 45 min","128 deg 35 min"
"1978-07-17",NA,16,NA,"99","00:36:00","01:06:00",NA,NA,NA,NA,"30",6,6,NA,99,NA,"",NA,NA,NA,NA,0,NA,NA,NA,NA,NA,NA,NA,NA,5,"Defaulted","trawl78.sas7bdat",NA,"1978-07-17_16_6_6","1978-07-17_16_6_6_99_NA_NA_NA",7,1978,NA,NA,NA,NA,NA,NA,"AA - Living Data Program - 2025","Single-row",NA,"Valid",NA,NA,"Bear Lake","56 deg 08 min","126 deg 49 min"
"1978-07-20",NA,19,NA,"99","01:35:00","02:05:00",NA,NA,NA,NA,"30",12,2,NA,99,NA,"",NA,NA,NA,NA,0,NA,NA,NA,NA,NA,NA,NA,NA,5,"Defaulted","trawl78.sas7bdat",NA,"1978-07-20_19_2_12","1978-07-20_19_2_12_99_NA_NA_NA",7,1978,NA,NA,NA,NA,NA,NA,"AA - Living Data Program - 2025","Single-row",NA,"Valid",NA,NA,"Simpson Lake","53 deg 37 min","129 deg 33 min"
"1978-07-24",NA,15,NA,"99","22:45:00","23:15:00",NA,NA,NA,NA,"30",8,2,NA,99,NA,"",NA,NA,NA,NA,0,NA,NA,NA,NA,NA,NA,NA,NA,5,"Defaulted","trawl78.sas7bdat",NA,"1978-07-24_15_2_8","1978-07-24_15_2_8_99_NA_NA_NA",7,1978,NA,NA,NA,NA,NA,NA,"AA - Living Data Program - 2025","Single-row",NA,"Valid",NA,NA,"Morice Lake","53 deg 59 min","127 deg 37 min"
"1978-07-24",NA,15,NA,"99","23:20:00","23:50:00",NA,NA,NA,NA,"30",7,3,NA,99,NA,"",NA,NA,NA,NA,0,NA,NA,NA,NA,NA,NA,NA,NA,5,"Defaulted","trawl78.sas7bdat",NA,"1978-07-24_15_3_7","1978-07-24_15_3_7_99_NA_NA_NA",7,1978,NA,NA,NA,NA,NA,NA,"AA - Living Data Program - 2025","Single-row",NA,"Valid",NA,NA,"Morice Lake","53 deg 59 min","127 deg 37 min"
"1978-07-24",NA,15,NA,"99","23:59:00","00:29:00",NA,NA,NA,NA,"30",7,4,NA,99,NA,"",NA,NA,NA,NA,0,NA,NA,NA,NA,NA,NA,NA,NA,5,"Defaulted","trawl78.sas7bdat",NA,"1978-07-24_15_4_7","1978-07-24_15_4_7_99_NA_NA_NA",7,1978,NA,NA,NA,NA,NA,NA,"AA - Living Data Program - 2025","Single-row",NA,"Valid",NA,NA,"Morice Lake","53 deg 59 min","127 deg 37 min"
"1978-07-25",NA,15,NA,"99","00:37:00","01:07:00",NA,NA,NA,NA,"30",8,5,NA,99,NA,"",NA,NA,NA,NA,0,NA,NA,NA,NA,NA,NA,NA,NA,5,"Defaulted","trawl78.sas7bdat",NA,"1978-07-25_15_5_8","1978-07-25_15_5_8_99_NA_NA_NA",7,1978,NA,NA,NA,NA,NA,NA,"AA - Living Data Program - 2025","Single-row",NA,"Valid",NA,NA,"Morice Lake","53 deg 59 min","127 deg 37 min"
"1978-09-20",NA,20,NA,"99","19:20:00","19:50:00",NA,NA,NA,NA,"30",7,1,NA,99,NA,"",NA,NA,NA,NA,0,NA,NA,NA,NA,NA,NA,NA,NA,5,"Defaulted","trawl78.sas7bdat",NA,"1978-09-20_20_1_7","1978-09-20_20_1_7_99_NA_NA_NA",9,1978,NA,NA,NA,NA,NA,NA,"AA - Living Data Program - 2025","Single-row",NA,"Valid",NA,NA,"Lowe Lake","53 deg 34 min","129 deg 33 min"
"1978-09-30",NA,13,NA,"99","19:10:00","19:25:00",NA,NA,NA,NA,"15",12,1,NA,99,NA,"",NA,NA,NA,NA,0,NA,NA,NA,NA,NA,NA,NA,NA,5,"Defaulted","trawl78.sas7bdat",NA,"1978-09-30_13_1_12","1978-09-30_13_1_12_99_NA_NA_NA",9,1978,NA,NA,NA,NA,NA,NA,"AA - Living Data Program - 2025","Single-row",NA,"Valid",NA,NA,"Swan Lake","55 deg 46 min","128 deg 39 min"
"1978-10-01",NA,14,NA,"99","20:57:00","21:27:00",NA,NA,NA,NA,"30",9,1,NA,99,NA,"",NA,NA,NA,NA,0,NA,NA,NA,NA,NA,NA,NA,NA,5,"Defaulted","trawl78.sas7bdat",NA,"1978-10-01_14_1_9","1978-10-01_14_1_9_99_NA_NA_NA",10,1978,NA,NA,NA,NA,NA,NA,"AA - Living Data Program - 2025","Single-row",NA,"Valid",NA,NA,"Stephens Lake","55 deg 45 min","128 deg 35 min"
"1978-11-23",NA,23,NA,"99","19:35:00","19:55:00",NA,NA,NA,NA,"20",21,1,NA,99,NA,"",NA,NA,NA,NA,0,NA,NA,NA,NA,NA,NA,NA,NA,5,"Defaulted","trawl78.sas7bdat",NA,"1978-11-23_23_1_21","1978-11-23_23_1_21_99_NA_NA_NA",11,1978,NA,NA,NA,NA,NA,NA,"AA - Living Data Program - 2025","Single-row",NA,"Valid",NA,NA,"Vernon Lake","50 deg 62 min","126 deg 26 min"
"1978-11-23",NA,23,NA,"99","20:02:00","20:22:00",NA,NA,NA,NA,"20",18,2,NA,99,NA,"",NA,NA,NA,NA,0,NA,NA,NA,NA,NA,NA,NA,NA,5,"Defaulted","trawl78.sas7bdat",NA,"1978-11-23_23_2_18","1978-11-23_23_2_18_99_NA_NA_NA",11,1978,NA,NA,NA,NA,NA,NA,"AA - Living Data Program - 2025","Single-row",NA,"Valid",NA,NA,"Vernon Lake","50 deg 62 min","126 deg 26 min"
"1980-09-18",NA,20,NA,"99","23:06:00","23:36:00",NA,NA,NA,NA,"30",5,2,NA,99,NA,"",NA,NA,NA,NA,0,NA,NA,NA,NA,NA,NA,NA,NA,5,"Defaulted","trawl80.sas7bdat",NA,"1980-09-18_20_2_5","1980-09-18_20_2_5_99_NA_NA_NA",9,1980,NA,NA,NA,NA,NA,NA,"AA - Living Data Program - 2025","Single-row",NA,"Valid",NA,NA,"Lowe Lake","53 deg 34 min","129 deg 33 min"
"1980-09-24",NA,17,NA,"99","23:35:00","00:05:00",NA,NA,NA,NA,"30",5,2,NA,99,NA,"",NA,NA,NA,NA,0,NA,NA,NA,NA,NA,NA,NA,NA,5,"Defaulted","trawl80.sas7bdat",NA,"1980-09-24_17_2_5","1980-09-24_17_2_5_99_NA_NA_NA",9,1980,NA,NA,NA,NA,NA,NA,"AA - Living Data Program - 2025","Single-row",NA,"Valid",NA,NA,"Kitlope Lake","53 deg 07 min","127 deg 13 min"
"1980-09-24",NA,17,NA,"99","00:11:00","00:41:00",NA,NA,NA,NA,"30",0,3,NA,99,NA,"",NA,NA,NA,NA,0,NA,NA,NA,NA,NA,NA,NA,NA,5,"Defaulted","trawl80.sas7bdat",NA,"1980-09-24_17_3_0","1980-09-24_17_3_0_99_NA_NA_NA",9,1980,NA,NA,NA,NA,NA,NA,"AA - Living Data Program - 2025","Single-row",NA,"Valid",NA,NA,"Kitlope Lake","53 deg 07 min","127 deg 13 min"
"1981-07-30",NA,1,NA,"99","02:12:00","02:22:00",NA,NA,NA,NA,"10",0,3,NA,99,NA,"",NA,NA,NA,NA,0,NA,NA,NA,NA,NA,NA,NA,NA,5,"Defaulted","trawl81.sas7bdat",NA,"1981-07-30_1_3_0","1981-07-30_1_3_0_99_NA_NA_NA",7,1981,NA,NA,NA,NA,NA,NA,"AA - Living Data Program - 2025","Single-row",NA,"Valid",NA,NA,"Great Central Lake","49 deg 22 min","125 deg 15 min"
"1981-08-13",NA,3,NA,"99","00:05:00","00:20:00",NA,NA,NA,NA,"15",0,2,NA,99,NA,"",NA,NA,NA,NA,0,NA,NA,NA,NA,NA,NA,NA,NA,5,"Defaulted","trawl81.sas7bdat",NA,"1981-08-13_3_2_0","1981-08-13_3_2_0_99_NA_NA_NA",8,1981,NA,NA,NA,NA,NA,NA,"AA - Living Data Program - 2025","Single-row",NA,"Valid",NA,NA,"Henderson Lake","49 deg 05 min","125 deg 02 min"
"1981-08-14",NA,6,NA,"99","00:42:00","00:52:00",NA,NA,NA,NA,"10",0,5,NA,99,NA,"",NA,NA,NA,NA,0,NA,NA,NA,NA,NA,NA,NA,NA,5,"Defaulted","trawl81.sas7bdat",NA,"1981-08-14_6_5_0","1981-08-14_6_5_0_99_NA_NA_NA",8,1981,NA,NA,NA,NA,NA,NA,"AA - Living Data Program - 2025","Single-row",NA,"Valid",NA,NA,"Hobiton Lake","48 deg 45 min","124 deg 49 min"
"1981-08-15",NA,22,NA,"99","02:08:00","02:18:00",NA,NA,NA,NA,"10",0,6,NA,99,NA,"",NA,NA,NA,NA,0,NA,NA,NA,NA,NA,NA,NA,NA,5,"Defaulted","trawl81.sas7bdat",NA,"1981-08-15_22_6_0","1981-08-15_22_6_0_99_NA_NA_NA",8,1981,NA,NA,NA,NA,NA,NA,"AA - Living Data Program - 2025","Single-row",NA,"Valid",NA,NA,"Woss Lake","50 deg 08 min","126 deg 38 min"
"1981-10-07",NA,27,NA,"99","22:54:00","23:21:00",NA,NA,NA,NA,"25",30,2,NA,99,NA,"",NA,NA,NA,NA,0,NA,NA,NA,NA,NA,NA,NA,NA,5,"Defaulted","trawl81.sas7bdat",NA,"1981-10-07_27_2_30","1981-10-07_27_2_30_99_NA_NA_NA",10,1981,NA,NA,NA,NA,NA,NA,"AA - Living Data Program - 2025","Single-row",NA,"Valid",NA,NA,"Awun Lake","53 deg 36 min","132 deg 35 min"
"1981-10-08",NA,25,NA,"99","23:20:00","23:35:00",NA,NA,NA,NA,"15",0,3,NA,99,NA,"",NA,NA,NA,NA,0,NA,NA,NA,NA,NA,NA,NA,NA,5,"Defaulted","trawl81.sas7bdat",NA,"1981-10-08_25_3_0","1981-10-08_25_3_0_99_NA_NA_NA",10,1981,NA,NA,NA,NA,NA,NA,"AA - Living Data Program - 2025","Single-row",NA,"Valid",NA,NA,"Eden Lake","53 deg 51 min","132 deg 43 min"
"1981-10-11",NA,26,NA,"99","21:07:00","21:22:00",NA,NA,NA,NA,"25",15,2,NA,99,NA,"",NA,NA,NA,NA,0,NA,NA,NA,NA,NA,NA,NA,NA,5,"Defaulted","trawl81.sas7bdat",NA,"1981-10-11_26_2_15","1981-10-11_26_2_15_99_NA_NA_NA",10,1981,NA,NA,NA,NA,NA,NA,"AA - Living Data Program - 2025","Single-row",NA,"Valid",NA,NA,"Ian Lake","53 deg 45 min","132 deg 35 min"
"1981-10-11",NA,26,NA,"99","21:37:00","22:02:00",NA,NA,NA,NA,"25",20,3,NA,99,NA,"",NA,NA,NA,NA,0,NA,NA,NA,NA,NA,NA,NA,NA,5,"Defaulted","trawl81.sas7bdat",NA,"1981-10-11_26_3_20","1981-10-11_26_3_20_99_NA_NA_NA",10,1981,NA,NA,NA,NA,NA,NA,"AA - Living Data Program - 2025","Single-row",NA,"Valid",NA,NA,"Ian Lake","53 deg 45 min","132 deg 35 min"
"1981-10-11",NA,26,NA,"99","22:38:00","23:03:00",NA,NA,NA,NA,"25",11,5,NA,99,NA,"",20,0.09,"std weight = weight",0.09,1,1,0,"Fresh",NA,NA,NA,NA,NA,5,"Defaulted","trawl81.sas7bdat",NA,"1981-10-11_26_5_11","1981-10-11_26_5_11_99_1_0.09_20",10,1981,NA,NA,NA,NA,NA,NA,"AA - Living Data Program - 2025","Single-row",NA,"Valid",NA,NA,"Ian Lake","53 deg 45 min","132 deg 35 min"
"1981-10-14",NA,20,NA,"99","22:10:00","22:30:00",NA,NA,NA,NA,"20",25,1,NA,99,NA,"",NA,NA,NA,NA,0,NA,NA,NA,NA,NA,NA,NA,NA,5,"Defaulted","trawl81.sas7bdat",NA,"1981-10-14_20_1_25","1981-10-14_20_1_25_99_NA_NA_NA",10,1981,NA,NA,NA,NA,NA,NA,"AA - Living Data Program - 2025","Single-row",NA,"Valid",NA,NA,"Lowe Lake","53 deg 34 min","129 deg 33 min"
"1981-10-14",NA,20,NA,"99","23:10:00","23:35:00",NA,NA,NA,NA,"25",0,3,NA,99,NA,"",NA,NA,NA,NA,0,NA,NA,NA,NA,NA,NA,NA,NA,5,"Defaulted","trawl81.sas7bdat",NA,"1981-10-14_20_3_0","1981-10-14_20_3_0_99_NA_NA_NA",10,1981,NA,NA,NA,NA,NA,NA,"AA - Living Data Program - 2025","Single-row",NA,"Valid",NA,NA,"Lowe Lake","53 deg 34 min","129 deg 33 min"
"1981-10-15",NA,20,NA,"99","00:15:00","00:40:00",NA,NA,NA,NA,"25",20,5,NA,99,NA,"",44,0.72,NA,NA,1,0,9,"Unknown",NA,NA,NA,NA,NA,5,"Defaulted","trawl81.sas7bdat",NA,"1981-10-15_20_5_20","1981-10-15_20_5_20_99_0_0.72_44",10,1981,NA,NA,NA,NA,NA,NA,"AA - Living Data Program - 2025","Single-row",NA,"Valid",NA,NA,"Lowe Lake","53 deg 34 min","129 deg 33 min"
"1981-12-16",NA,40,NA,"99","19:40:00","20:00:00",NA,NA,NA,NA,"20",31,2,NA,99,NA,"",41,0.57,NA,NA,1,1,9,"Unknown",NA,NA,NA,NA,NA,5,"Defaulted","trawl81.sas7bdat",NA,"1981-12-16_40_2_31","1981-12-16_40_2_31_99_1_0.57_41",12,1981,NA,NA,NA,NA,NA,NA,"AA - Living Data Program - 2025","Single-row",NA,"Valid",NA,NA,"Kennedy Lake (Clay)","49 deg 08 min","125 deg 35 min"
"1982-03-10",NA,41,NA,"99","22:32:00","22:47:00",NA,NA,NA,NA,"15",22,2,NA,99,NA,"",24,0.13,NA,NA,2,1,9,"Unknown",NA,NA,NA,NA,NA,5,"Defaulted","trawl81.sas7bdat",NA,"1982-03-10_41_2_22","1982-03-10_41_2_22_99_1_0.13_24",3,1982,NA,NA,NA,NA,NA,NA,"AA - Living Data Program - 2025","Single-row",NA,"Valid",NA,NA,"Kennedy Lake (Main)","49 deg 04 min","125 deg 34 min"
"1982-03-10",NA,41,NA,"99","22:32:00","22:47:00",NA,NA,NA,NA,"15",22,2,NA,99,NA,"",24,0.1,NA,NA,2,2,9,"Unknown",NA,NA,NA,NA,NA,5,"Defaulted","trawl81.sas7bdat",NA,"1982-03-10_41_2_22","1982-03-10_41_2_22_99_2_0.1_24",3,1982,NA,NA,NA,NA,NA,NA,"AA - Living Data Program - 2025","Single-row",NA,"Valid",NA,NA,"Kennedy Lake (Main)","49 deg 04 min","125 deg 34 min"
"1982-03-10",NA,41,NA,"99","02:15:00","02:25:00",NA,NA,NA,NA,"10",20,4,NA,99,NA,"",28,0.2,NA,NA,2,1,9,"Unknown",NA,NA,NA,NA,NA,5,"Defaulted","trawl81.sas7bdat",NA,"1982-03-10_41_4_20","1982-03-10_41_4_20_99_1_0.2_28",3,1982,NA,NA,NA,NA,NA,NA,"AA - Living Data Program - 2025","Single-row",NA,"Valid",NA,NA,"Kennedy Lake (Main)","49 deg 04 min","125 deg 34 min"
"1982-03-10",NA,41,NA,"99","02:15:00","02:25:00",NA,NA,NA,NA,"10",20,4,NA,99,NA,"",28,0.19,NA,NA,2,2,9,"Unknown",NA,NA,NA,NA,NA,5,"Defaulted","trawl81.sas7bdat",NA,"1982-03-10_41_4_20","1982-03-10_41_4_20_99_2_0.19_28",3,1982,NA,NA,NA,NA,NA,NA,"AA - Living Data Program - 2025","Single-row",NA,"Valid",NA,NA,"Kennedy Lake (Main)","49 deg 04 min","125 deg 34 min"
"1982-03-11",NA,40,NA,"99","20:20:00","20:40:00",NA,NA,NA,NA,"20",52,1,NA,99,NA,"",25,0.13,NA,NA,3,1,9,"Unknown",NA,NA,NA,NA,NA,5,"Defaulted","trawl81.sas7bdat",NA,"1982-03-11_40_1_52","1982-03-11_40_1_52_99_1_0.13_25",3,1982,NA,NA,NA,NA,NA,NA,"AA - Living Data Program - 2025","Single-row",NA,"Valid",NA,NA,"Kennedy Lake (Clay)","49 deg 08 min","125 deg 35 min"
"1982-03-11",NA,40,NA,"99","20:20:00","20:40:00",NA,NA,NA,NA,"20",52,1,NA,99,NA,"",27,0.16,NA,NA,3,2,9,"Unknown",NA,NA,NA,NA,NA,5,"Defaulted","trawl81.sas7bdat",NA,"1982-03-11_40_1_52","1982-03-11_40_1_52_99_2_0.16_27",3,1982,NA,NA,NA,NA,NA,NA,"AA - Living Data Program - 2025","Single-row",NA,"Valid",NA,NA,"Kennedy Lake (Clay)","49 deg 08 min","125 deg 35 min"
"1982-03-11",NA,40,NA,"99","20:20:00","20:40:00",NA,NA,NA,NA,"20",52,1,NA,99,NA,"",26,0.17,NA,NA,3,3,9,"Unknown",NA,NA,NA,NA,NA,5,"Defaulted","trawl81.sas7bdat",NA,"1982-03-11_40_1_52","1982-03-11_40_1_52_99_3_0.17_26",3,1982,NA,NA,NA,NA,NA,NA,"AA - Living Data Program - 2025","Single-row",NA,"Valid",NA,NA,"Kennedy Lake (Clay)","49 deg 08 min","125 deg 35 min"
"1982-03-11",NA,40,NA,"99","21:00:00","21:15:00",NA,NA,NA,NA,"15",30,2,NA,99,NA,"",26,0.11,NA,NA,4,1,9,"Unknown",NA,NA,NA,NA,NA,5,"Defaulted","trawl81.sas7bdat",NA,"1982-03-11_40_2_30","1982-03-11_40_2_30_99_1_0.11_26",3,1982,NA,NA,NA,NA,NA,NA,"AA - Living Data Program - 2025","Single-row",NA,"Valid",NA,NA,"Kennedy Lake (Clay)","49 deg 08 min","125 deg 35 min"
"1982-03-11",NA,40,NA,"99","21:00:00","21:15:00",NA,NA,NA,NA,"15",30,2,NA,99,NA,"",24,0.11,NA,NA,4,2,9,"Unknown",NA,NA,NA,NA,NA,5,"Defaulted","trawl81.sas7bdat",NA,"1982-03-11_40_2_30","1982-03-11_40_2_30_99_2_0.11_24",3,1982,NA,NA,NA,NA,NA,NA,"AA - Living Data Program - 2025","Single-row",NA,"Valid",NA,NA,"Kennedy Lake (Clay)","49 deg 08 min","125 deg 35 min"
"1982-03-11",NA,40,NA,"99","21:00:00","21:15:00",NA,NA,NA,NA,"15",30,2,NA,99,NA,"",23,0.14,NA,NA,4,3,9,"Unknown",NA,NA,NA,NA,NA,5,"Defaulted","trawl81.sas7bdat",NA,"1982-03-11_40_2_30","1982-03-11_40_2_30_99_3_0.14_23",3,1982,NA,NA,NA,NA,NA,NA,"AA - Living Data Program - 2025","Single-row",NA,"Valid",NA,NA,"Kennedy Lake (Clay)","49 deg 08 min","125 deg 35 min"
"1982-03-11",NA,40,NA,"99","21:00:00","21:15:00",NA,NA,NA,NA,"15",30,2,NA,99,NA,"",26,0.14,NA,NA,4,4,9,"Unknown",NA,NA,NA,NA,NA,5,"Defaulted","trawl81.sas7bdat",NA,"1982-03-11_40_2_30","1982-03-11_40_2_30_99_4_0.14_26",3,1982,NA,NA,NA,NA,NA,NA,"AA - Living Data Program - 2025","Single-row",NA,"Valid",NA,NA,"Kennedy Lake (Clay)","49 deg 08 min","125 deg 35 min"
"1982-03-11",NA,40,NA,"99","23:09:00","23:24:00",NA,NA,NA,NA,"15",10,3,NA,99,NA,"",26,0.19,NA,NA,6,1,9,"Unknown",NA,NA,NA,NA,NA,5,"Defaulted","trawl81.sas7bdat",NA,"1982-03-11_40_3_10","1982-03-11_40_3_10_99_1_0.19_26",3,1982,NA,NA,NA,NA,NA,NA,"AA - Living Data Program - 2025","Single-row",NA,"Valid",NA,NA,"Kennedy Lake (Clay)","49 deg 08 min","125 deg 35 min"
"1982-03-11",NA,40,NA,"99","23:09:00","23:24:00",NA,NA,NA,NA,"15",10,3,NA,99,NA,"",27,0.14,NA,NA,6,2,9,"Unknown",NA,NA,NA,NA,NA,5,"Defaulted","trawl81.sas7bdat",NA,"1982-03-11_40_3_10","1982-03-11_40_3_10_99_2_0.14_27",3,1982,NA,NA,NA,NA,NA,NA,"AA - Living Data Program - 2025","Single-row",NA,"Valid",NA,NA,"Kennedy Lake (Clay)","49 deg 08 min","125 deg 35 min"
"1982-03-11",NA,40,NA,"99","23:09:00","23:24:00",NA,NA,NA,NA,"15",10,3,NA,99,NA,"",26,0.16,NA,NA,6,4,9,"Unknown",NA,NA,NA,NA,NA,5,"Defaulted","trawl81.sas7bdat",NA,"1982-03-11_40_3_10","1982-03-11_40_3_10_99_4_0.16_26",3,1982,NA,NA,NA,NA,NA,NA,"AA - Living Data Program - 2025","Single-row",NA,"Valid",NA,NA,"Kennedy Lake (Clay)","49 deg 08 min","125 deg 35 min"
"1982-03-11",NA,40,NA,"99","23:09:00","23:24:00",NA,NA,NA,NA,"15",10,3,NA,99,NA,"",27,0.19,NA,NA,6,5,9,"Unknown",NA,NA,NA,NA,NA,5,"Defaulted","trawl81.sas7bdat",NA,"1982-03-11_40_3_10","1982-03-11_40_3_10_99_5_0.19_27",3,1982,NA,NA,NA,NA,NA,NA,"AA - Living Data Program - 2025","Single-row",NA,"Valid",NA,NA,"Kennedy Lake (Clay)","49 deg 08 min","125 deg 35 min"
"1982-03-11",NA,40,NA,"99","23:09:00","23:24:00",NA,NA,NA,NA,"15",10,3,NA,99,NA,"",27,0.18,NA,NA,6,6,9,"Unknown",NA,NA,NA,NA,NA,5,"Defaulted","trawl81.sas7bdat",NA,"1982-03-11_40_3_10","1982-03-11_40_3_10_99_6_0.18_27",3,1982,NA,NA,NA,NA,NA,NA,"AA - Living Data Program - 2025","Single-row",NA,"Valid",NA,NA,"Kennedy Lake (Clay)","49 deg 08 min","125 deg 35 min"
"1982-03-11",NA,40,NA,"99","23:09:00","23:24:00",NA,NA,NA,NA,"15",10,3,NA,99,NA,"",27,0.16,NA,NA,6,7,9,"Unknown",NA,NA,NA,NA,NA,5,"Defaulted","trawl81.sas7bdat",NA,"1982-03-11_40_3_10","1982-03-11_40_3_10_99_7_0.16_27",3,1982,NA,NA,NA,NA,NA,NA,"AA - Living Data Program - 2025","Single-row",NA,"Valid",NA,NA,"Kennedy Lake (Clay)","49 deg 08 min","125 deg 35 min"
"1982-03-11",NA,40,NA,"99","23:45:00","00:00:00",NA,NA,NA,NA,"15",25,4,NA,99,NA,"",25,0.16,NA,NA,4,1,9,"Unknown",NA,NA,NA,NA,NA,5,"Defaulted","trawl81.sas7bdat",NA,"1982-03-11_40_4_25","1982-03-11_40_4_25_99_1_0.16_25",3,1982,NA,NA,NA,NA,NA,NA,"AA - Living Data Program - 2025","Single-row",NA,"Valid",NA,NA,"Kennedy Lake (Clay)","49 deg 08 min","125 deg 35 min"
"1982-03-11",NA,40,NA,"99","23:45:00","00:00:00",NA,NA,NA,NA,"15",25,4,NA,99,NA,"",26,0.17,NA,NA,4,2,9,"Unknown",NA,NA,NA,NA,NA,5,"Defaulted","trawl81.sas7bdat",NA,"1982-03-11_40_4_25","1982-03-11_40_4_25_99_2_0.17_26",3,1982,NA,NA,NA,NA,NA,NA,"AA - Living Data Program - 2025","Single-row",NA,"Valid",NA,NA,"Kennedy Lake (Clay)","49 deg 08 min","125 deg 35 min"
"1982-03-11",NA,40,NA,"99","23:45:00","00:00:00",NA,NA,NA,NA,"15",25,4,NA,99,NA,"",24,0.16,NA,NA,4,3,9,"Unknown",NA,NA,NA,NA,NA,5,"Defaulted","trawl81.sas7bdat",NA,"1982-03-11_40_4_25","1982-03-11_40_4_25_99_3_0.16_24",3,1982,NA,NA,NA,NA,NA,NA,"AA - Living Data Program - 2025","Single-row",NA,"Valid",NA,NA,"Kennedy Lake (Clay)","49 deg 08 min","125 deg 35 min"
"1982-03-11",NA,40,NA,"99","23:45:00","00:00:00",NA,NA,NA,NA,"15",25,4,NA,99,NA,"",25,0.14,NA,NA,4,4,9,"Unknown",NA,NA,NA,NA,NA,5,"Defaulted","trawl81.sas7bdat",NA,"1982-03-11_40_4_25","1982-03-11_40_4_25_99_4_0.14_25",3,1982,NA,NA,NA,NA,NA,NA,"AA - Living Data Program - 2025","Single-row",NA,"Valid",NA,NA,"Kennedy Lake (Clay)","49 deg 08 min","125 deg 35 min"
"1982-03-12",NA,40,NA,"99","00:25:00","00:40:00",NA,NA,NA,NA,"15",40,5,NA,99,NA,"",28,0.19,NA,NA,3,1,9,"Unknown",NA,NA,NA,NA,NA,5,"Defaulted","trawl81.sas7bdat",NA,"1982-03-12_40_5_40","1982-03-12_40_5_40_99_1_0.19_28",3,1982,NA,NA,NA,NA,NA,NA,"AA - Living Data Program - 2025","Single-row",NA,"Valid",NA,NA,"Kennedy Lake (Clay)","49 deg 08 min","125 deg 35 min"
"1982-03-12",NA,40,NA,"99","00:25:00","00:40:00",NA,NA,NA,NA,"15",40,5,NA,99,NA,"",26,0.18,NA,NA,3,2,9,"Unknown",NA,NA,NA,NA,NA,5,"Defaulted","trawl81.sas7bdat",NA,"1982-03-12_40_5_40","1982-03-12_40_5_40_99_2_0.18_26",3,1982,NA,NA,NA,NA,NA,NA,"AA - Living Data Program - 2025","Single-row",NA,"Valid",NA,NA,"Kennedy Lake (Clay)","49 deg 08 min","125 deg 35 min"
"1982-03-12",NA,40,NA,"99","00:25:00","00:40:00",NA,NA,NA,NA,"15",40,5,NA,99,NA,"",27,0.18,NA,NA,3,3,9,"Unknown",NA,NA,NA,NA,NA,5,"Defaulted","trawl81.sas7bdat",NA,"1982-03-12_40_5_40","1982-03-12_40_5_40_99_3_0.18_27",3,1982,NA,NA,NA,NA,NA,NA,"AA - Living Data Program - 2025","Single-row",NA,"Valid",NA,NA,"Kennedy Lake (Clay)","49 deg 08 min","125 deg 35 min"
"1982-03-12",NA,40,NA,"99","00:55:00","01:10:00",NA,NA,NA,NA,"15",22,6,NA,99,NA,"",26,0.13,NA,NA,9,1,9,"Unknown",NA,NA,NA,NA,NA,5,"Defaulted","trawl81.sas7bdat",NA,"1982-03-12_40_6_22","1982-03-12_40_6_22_99_1_0.13_26",3,1982,NA,NA,NA,NA,NA,NA,"AA - Living Data Program - 2025","Single-row",NA,"Valid",NA,NA,"Kennedy Lake (Clay)","49 deg 08 min","125 deg 35 min"
"1982-03-12",NA,40,NA,"99","00:55:00","01:10:00",NA,NA,NA,NA,"15",22,6,NA,99,NA,"",26,0.18,NA,NA,9,2,9,"Unknown",NA,NA,NA,NA,NA,5,"Defaulted","trawl81.sas7bdat",NA,"1982-03-12_40_6_22","1982-03-12_40_6_22_99_2_0.18_26",3,1982,NA,NA,NA,NA,NA,NA,"AA - Living Data Program - 2025","Single-row",NA,"Valid",NA,NA,"Kennedy Lake (Clay)","49 deg 08 min","125 deg 35 min"
"1982-03-12",NA,40,NA,"99","00:55:00","01:10:00",NA,NA,NA,NA,"15",22,6,NA,99,NA,"",25,0.12,NA,NA,9,3,9,"Unknown",NA,NA,NA,NA,NA,5,"Defaulted","trawl81.sas7bdat",NA,"1982-03-12_40_6_22","1982-03-12_40_6_22_99_3_0.12_25",3,1982,NA,NA,NA,NA,NA,NA,"AA - Living Data Program - 2025","Single-row",NA,"Valid",NA,NA,"Kennedy Lake (Clay)","49 deg 08 min","125 deg 35 min"
"1982-03-12",NA,40,NA,"99","00:55:00","01:10:00",NA,NA,NA,NA,"15",22,6,NA,99,NA,"",25,0.13,NA,NA,9,4,9,"Unknown",NA,NA,NA,NA,NA,5,"Defaulted","trawl81.sas7bdat",NA,"1982-03-12_40_6_22","1982-03-12_40_6_22_99_4_0.13_25",3,1982,NA,NA,NA,NA,NA,NA,"AA - Living Data Program - 2025","Single-row",NA,"Valid",NA,NA,"Kennedy Lake (Clay)","49 deg 08 min","125 deg 35 min"
"1982-03-12",NA,40,NA,"99","00:55:00","01:10:00",NA,NA,NA,NA,"15",22,6,NA,99,NA,"",27,0.18,NA,NA,9,5,9,"Unknown",NA,NA,NA,NA,NA,5,"Defaulted","trawl81.sas7bdat",NA,"1982-03-12_40_6_22","1982-03-12_40_6_22_99_5_0.18_27",3,1982,NA,NA,NA,NA,NA,NA,"AA - Living Data Program - 2025","Single-row",NA,"Valid",NA,NA,"Kennedy Lake (Clay)","49 deg 08 min","125 deg 35 min"
"1982-03-12",NA,40,NA,"99","00:55:00","01:10:00",NA,NA,NA,NA,"15",22,6,NA,99,NA,"",26,0.14,NA,NA,9,6,9,"Unknown",NA,NA,NA,NA,NA,5,"Defaulted","trawl81.sas7bdat",NA,"1982-03-12_40_6_22","1982-03-12_40_6_22_99_6_0.14_26",3,1982,NA,NA,NA,NA,NA,NA,"AA - Living Data Program - 2025","Single-row",NA,"Valid",NA,NA,"Kennedy Lake (Clay)","49 deg 08 min","125 deg 35 min"
"1982-03-12",NA,40,NA,"99","00:55:00","01:10:00",NA,NA,NA,NA,"15",22,6,NA,99,NA,"",26,0.14,NA,NA,9,7,9,"Unknown",NA,NA,NA,NA,NA,5,"Defaulted","trawl81.sas7bdat",NA,"1982-03-12_40_6_22","1982-03-12_40_6_22_99_7_0.14_26",3,1982,NA,NA,NA,NA,NA,NA,"AA - Living Data Program - 2025","Single-row",NA,"Valid",NA,NA,"Kennedy Lake (Clay)","49 deg 08 min","125 deg 35 min"
"1982-03-12",NA,40,NA,"99","00:55:00","01:10:00",NA,NA,NA,NA,"15",22,6,NA,99,NA,"",26,0.16,NA,NA,9,8,9,"Unknown",NA,NA,NA,NA,NA,5,"Defaulted","trawl81.sas7bdat",NA,"1982-03-12_40_6_22","1982-03-12_40_6_22_99_8_0.16_26",3,1982,NA,NA,NA,NA,NA,NA,"AA - Living Data Program - 2025","Single-row",NA,"Valid",NA,NA,"Kennedy Lake (Clay)","49 deg 08 min","125 deg 35 min"
"1982-03-12",NA,40,NA,"99","00:55:00","01:10:00",NA,NA,NA,NA,"15",22,6,NA,99,NA,"",24,0.07,NA,NA,9,9,9,"Unknown",NA,NA,NA,NA,NA,5,"Defaulted","trawl81.sas7bdat",NA,"1982-03-12_40_6_22","1982-03-12_40_6_22_99_9_0.07_24",3,1982,NA,NA,NA,NA,NA,NA,"AA - Living Data Program - 2025","Single-row",NA,"Valid",NA,NA,"Kennedy Lake (Clay)","49 deg 08 min","125 deg 35 min"
"1982-06-17",NA,21,NA,"99","00:53:00","01:13:00",NA,NA,NA,NA,"20",40,2,NA,99,NA,"",NA,NA,NA,NA,0,NA,NA,NA,NA,NA,NA,NA,NA,5,"Defaulted","trawl82.sas7bdat",NA,"1982-06-17_21_2_40","1982-06-17_21_2_40_99_NA_NA_NA",6,1982,NA,NA,NA,NA,NA,NA,"AA - Living Data Program - 2025","Single-row",NA,"Valid",NA,NA,"Nimpkish Lake","50 deg 25 min","125 deg 40 min"
"1982-06-18",NA,21,NA,"99","00:54:00","01:14:00",NA,NA,NA,NA,"20",30,6,NA,99,NA,"",NA,NA,NA,NA,0,NA,NA,NA,NA,NA,NA,NA,NA,5,"Defaulted","trawl82.sas7bdat",NA,"1982-06-18_21_6_30","1982-06-18_21_6_30_99_NA_NA_NA",6,1982,NA,NA,NA,NA,NA,NA,"AA - Living Data Program - 2025","Single-row",NA,"Valid",NA,NA,"Nimpkish Lake","50 deg 25 min","125 deg 40 min"
"1982-06-18",NA,21,NA,"99","01:21:00","01:41:00",NA,NA,NA,NA,"20",20,7,NA,99,NA,"",NA,NA,NA,NA,0,NA,NA,NA,NA,NA,NA,NA,NA,5,"Defaulted","trawl82.sas7bdat",NA,"1982-06-18_21_7_20","1982-06-18_21_7_20_99_NA_NA_NA",6,1982,NA,NA,NA,NA,NA,NA,"AA - Living Data Program - 2025","Single-row",NA,"Valid",NA,NA,"Nimpkish Lake","50 deg 25 min","125 deg 40 min"
"1982-07-21",NA,3,NA,"99","01:21:00","01:36:00",NA,NA,NA,NA,"15",0,5,NA,99,NA,"",NA,NA,NA,NA,0,NA,NA,NA,NA,NA,NA,NA,NA,5,"Defaulted","trawl82.sas7bdat",NA,"1982-07-21_3_5_0","1982-07-21_3_5_0_99_NA_NA_NA",7,1982,NA,NA,NA,NA,NA,NA,"AA - Living Data Program - 2025","Single-row",NA,"Valid",NA,NA,"Henderson Lake","49 deg 05 min","125 deg 02 min"
"1982-09-27",NA,27,NA,"99","23:51:00","00:11:00",NA,NA,NA,NA,"20",10,2,NA,99,NA,"",NA,NA,NA,NA,0,NA,NA,NA,NA,NA,NA,NA,NA,5,"Defaulted","trawl82.sas7bdat",NA,"1982-09-27_27_2_10","1982-09-27_27_2_10_99_NA_NA_NA",9,1982,NA,NA,NA,NA,NA,NA,"AA - Living Data Program - 2025","Single-row",NA,"Valid",NA,NA,"Awun Lake","53 deg 36 min","132 deg 35 min"
"1982-09-28",NA,27,NA,"99","01:45:00","02:05:00",NA,NA,NA,NA,"20",0,6,NA,99,NA,"",NA,NA,NA,NA,0,NA,NA,NA,NA,NA,NA,NA,NA,5,"Defaulted","trawl82.sas7bdat",NA,"1982-09-28_27_6_0","1982-09-28_27_6_0_99_NA_NA_NA",9,1982,NA,NA,NA,NA,NA,NA,"AA - Living Data Program - 2025","Single-row",NA,"Valid",NA,NA,"Awun Lake","53 deg 36 min","132 deg 35 min"
"1982-09-29",NA,25,NA,"99","20:43:00","21:03:00",NA,NA,NA,NA,"20",10,1,NA,99,NA,"",44,0.8,NA,NA,1,1,9,"Unknown",NA,NA,NA,NA,NA,5,"Defaulted","trawl82.sas7bdat",NA,"1982-09-29_25_1_10","1982-09-29_25_1_10_99_1_0.8_44",9,1982,NA,NA,NA,NA,NA,NA,"AA - Living Data Program - 2025","Single-row",NA,"Valid",NA,NA,"Eden Lake","53 deg 51 min","132 deg 43 min"
"1982-09-29",NA,25,NA,"99","22:37:00","22:57:00",NA,NA,NA,NA,"20",0,5,NA,99,NA,"",NA,NA,NA,NA,0,NA,NA,NA,NA,NA,NA,NA,NA,5,"Defaulted","trawl82.sas7bdat",NA,"1982-09-29_25_5_0","1982-09-29_25_5_0_99_NA_NA_NA",9,1982,NA,NA,NA,NA,NA,NA,"AA - Living Data Program - 2025","Single-row",NA,"Valid",NA,NA,"Eden Lake","53 deg 51 min","132 deg 43 min"
"1982-10-01",NA,26,NA,"99","20:59:00","21:19:00",NA,NA,NA,NA,"20",10,1,NA,99,NA,"",NA,NA,NA,NA,0,NA,NA,NA,NA,NA,NA,NA,NA,5,"Defaulted","trawl82.sas7bdat",NA,"1982-10-01_26_1_10","1982-10-01_26_1_10_99_NA_NA_NA",10,1982,NA,NA,NA,NA,NA,NA,"AA - Living Data Program - 2025","Single-row",NA,"Valid",NA,NA,"Ian Lake","53 deg 45 min","132 deg 35 min"
"1982-10-01",NA,26,NA,"99","21:24:00","21:44:00",NA,NA,NA,NA,"20",20,2,NA,99,NA,"",80,5.41,NA,NA,1,1,9,"Unknown",NA,NA,NA,NA,NA,5,"Defaulted","trawl82.sas7bdat",NA,"1982-10-01_26_2_20","1982-10-01_26_2_20_99_1_5.41_80",10,1982,NA,NA,NA,NA,NA,NA,"AA - Living Data Program - 2025","Single-row",NA,"Valid",NA,NA,"Ian Lake","53 deg 45 min","132 deg 35 min"
"1982-10-20",NA,20,NA,"99","00:34:00","00:54:00",NA,NA,NA,NA,"20",20,4,NA,99,NA,"",50,1.22,NA,NA,6,1,9,"Unknown",NA,NA,NA,NA,NA,5,"Defaulted","trawl82.sas7bdat",NA,"1982-10-20_20_4_20","1982-10-20_20_4_20_99_1_1.22_50",10,1982,NA,NA,NA,NA,NA,NA,"AA - Living Data Program - 2025","Single-row",NA,"Valid",NA,NA,"Lowe Lake","53 deg 34 min","129 deg 33 min"
"1982-10-20",NA,20,NA,"99","00:34:00","00:54:00",NA,NA,NA,NA,"20",20,4,NA,99,NA,"",46,0.99,NA,NA,6,2,9,"Unknown",NA,NA,NA,NA,NA,5,"Defaulted","trawl82.sas7bdat",NA,"1982-10-20_20_4_20","1982-10-20_20_4_20_99_2_0.99_46",10,1982,NA,NA,NA,NA,NA,NA,"AA - Living Data Program - 2025","Single-row",NA,"Valid",NA,NA,"Lowe Lake","53 deg 34 min","129 deg 33 min"
"1982-10-20",NA,20,NA,"99","00:34:00","00:54:00",NA,NA,NA,NA,"20",20,4,NA,99,NA,"",43,0.81,NA,NA,6,3,9,"Unknown",NA,NA,NA,NA,NA,5,"Defaulted","trawl82.sas7bdat",NA,"1982-10-20_20_4_20","1982-10-20_20_4_20_99_3_0.81_43",10,1982,NA,NA,NA,NA,NA,NA,"AA - Living Data Program - 2025","Single-row",NA,"Valid",NA,NA,"Lowe Lake","53 deg 34 min","129 deg 33 min"
"1982-10-20",NA,20,NA,"99","00:34:00","00:54:00",NA,NA,NA,NA,"20",20,4,NA,99,NA,"",45,0.96,NA,NA,6,4,9,"Unknown",NA,NA,NA,NA,NA,5,"Defaulted","trawl82.sas7bdat",NA,"1982-10-20_20_4_20","1982-10-20_20_4_20_99_4_0.96_45",10,1982,NA,NA,NA,NA,NA,NA,"AA - Living Data Program - 2025","Single-row",NA,"Valid",NA,NA,"Lowe Lake","53 deg 34 min","129 deg 33 min"
"1982-10-20",NA,20,NA,"99","00:34:00","00:54:00",NA,NA,NA,NA,"20",20,4,NA,99,NA,"",41,0.76,NA,NA,6,5,9,"Unknown",NA,NA,NA,NA,NA,5,"Defaulted","trawl82.sas7bdat",NA,"1982-10-20_20_4_20","1982-10-20_20_4_20_99_5_0.76_41",10,1982,NA,NA,NA,NA,NA,NA,"AA - Living Data Program - 2025","Single-row",NA,"Valid",NA,NA,"Lowe Lake","53 deg 34 min","129 deg 33 min"
"1982-10-20",NA,20,NA,"99","00:34:00","00:54:00",NA,NA,NA,NA,"20",20,4,NA,99,NA,"",36,0.46,NA,NA,6,6,9,"Unknown",NA,NA,NA,NA,NA,5,"Defaulted","trawl82.sas7bdat",NA,"1982-10-20_20_4_20","1982-10-20_20_4_20_99_6_0.46_36",10,1982,NA,NA,NA,NA,NA,NA,"AA - Living Data Program - 2025","Single-row",NA,"Valid",NA,NA,"Lowe Lake","53 deg 34 min","129 deg 33 min"
"1982-10-20",NA,20,NA,"99","01:15:00","01:35:00",NA,NA,NA,NA,"20",17,5,NA,99,NA,"",NA,NA,NA,NA,0,NA,NA,NA,NA,NA,NA,NA,NA,5,"Defaulted","trawl82.sas7bdat",NA,"1982-10-20_20_5_17","1982-10-20_20_5_17_99_NA_NA_NA",10,1982,NA,NA,NA,NA,NA,NA,"AA - Living Data Program - 2025","Single-row",NA,"Valid",NA,NA,"Lowe Lake","53 deg 34 min","129 deg 33 min"
"1982-11-17",NA,21,NA,"99","22:02:00","22:22:00",NA,NA,NA,NA,"20",40,1,NA,99,NA,"",NA,NA,NA,NA,0,NA,NA,NA,NA,NA,NA,NA,NA,5,"Defaulted","trawl82.sas7bdat",NA,"1982-11-17_21_1_40","1982-11-17_21_1_40_99_NA_NA_NA",11,1982,NA,NA,NA,NA,NA,NA,"AA - Living Data Program - 2025","Single-row",NA,"Valid",NA,NA,"Nimpkish Lake","50 deg 25 min","125 deg 40 min"
"1982-11-24",NA,8,NA,"99","23:39:00","23:59:00",NA,NA,NA,NA,"20",0,6,NA,99,NA,"",NA,NA,NA,NA,0,NA,NA,NA,NA,NA,NA,NA,NA,5,"Defaulted","trawl82.sas7bdat",NA,"1982-11-24_8_6_0","1982-11-24_8_6_0_99_NA_NA_NA",11,1982,NA,NA,NA,NA,NA,NA,"AA - Living Data Program - 2025","Single-row",NA,"Valid",NA,NA,"Long Lake","51 deg 15 min","127 deg 10 min"
"1982-12-01",NA,6,NA,"99","19:29:00","19:49:00",NA,NA,NA,NA,"20",40,2,NA,99,NA,"",NA,NA,NA,NA,0,NA,NA,NA,NA,NA,NA,NA,NA,5,"Defaulted","trawl82.sas7bdat",NA,"1982-12-01_6_2_40","1982-12-01_6_2_40_99_NA_NA_NA",12,1982,NA,NA,NA,NA,NA,NA,"AA - Living Data Program - 2025","Single-row",NA,"Valid",NA,NA,"Hobiton Lake","48 deg 45 min","124 deg 49 min"
"1982-12-01",NA,6,NA,"99","20:55:00","21:15:00",NA,NA,NA,NA,"20",0,5,NA,99,NA,"",NA,NA,NA,NA,0,NA,NA,NA,NA,NA,NA,NA,NA,5,"Defaulted","trawl82.sas7bdat",NA,"1982-12-01_6_5_0","1982-12-01_6_5_0_99_NA_NA_NA",12,1982,NA,NA,NA,NA,NA,NA,"AA - Living Data Program - 2025","Single-row",NA,"Valid",NA,NA,"Hobiton Lake","48 deg 45 min","124 deg 49 min"
"1983-01-18",NA,1,NA,"99","19:13:00","19:23:00",NA,NA,NA,NA,"10",4,1,NA,99,NA,"",NA,NA,NA,NA,0,NA,NA,NA,NA,NA,NA,NA,NA,5,"Defaulted","trawl82.sas7bdat",NA,"1983-01-18_1_1_4","1983-01-18_1_1_4_99_NA_NA_NA",1,1983,NA,NA,NA,NA,NA,NA,"AA - Living Data Program - 2025","Single-row",NA,"Valid",NA,NA,"Great Central Lake","49 deg 22 min","125 deg 15 min"
"1983-02-05",NA,29,NA,"99","20:44:00","21:04:00",NA,NA,NA,NA,"20",0,4,NA,99,NA,"",NA,NA,NA,NA,0,NA,NA,NA,NA,NA,NA,NA,NA,5,"Defaulted","trawl82.sas7bdat",NA,"1983-02-05_29_4_0","1983-02-05_29_4_0_99_NA_NA_NA",2,1983,NA,NA,NA,NA,NA,NA,"AA - Living Data Program - 2025","Single-row",NA,"Valid",NA,NA,"Devon Lake","53 deg 27 min","129 deg 45 min"
"1983-05-06",NA,8,NA,"99","22:07:00","22:27:00",NA,NA,NA,NA,"20",35,1,NA,99,NA,"",NA,NA,NA,NA,0,NA,NA,NA,NA,NA,NA,NA,NA,5,"Defaulted","trawl83.sas7bdat",NA,"1983-05-06_8_1_35","1983-05-06_8_1_35_99_NA_NA_NA",5,1983,NA,NA,NA,NA,NA,NA,"AA - Living Data Program - 2025","Single-row",NA,"Valid",NA,NA,"Long Lake","51 deg 15 min","127 deg 10 min"
"1983-05-06",NA,8,NA,"99","22:35:00","22:55:00",NA,NA,NA,NA,"20",0,2,NA,99,NA,"",38,0.48,NA,NA,29,10,9,"Unknown",NA,NA,NA,NA,NA,5,"Defaulted","trawl83.sas7bdat",NA,"1983-05-06_8_2_0","1983-05-06_8_2_0_99_10_0.48_38",5,1983,NA,NA,NA,NA,NA,NA,"AA - Living Data Program - 2025","Single-row",NA,"Valid",NA,NA,"Long Lake","51 deg 15 min","127 deg 10 min"
"1983-05-06",NA,8,NA,"99","22:35:00","22:55:00",NA,NA,NA,NA,"20",0,2,NA,99,NA,"",37,0.54,NA,NA,29,11,9,"Unknown",NA,NA,NA,NA,NA,5,"Defaulted","trawl83.sas7bdat",NA,"1983-05-06_8_2_0","1983-05-06_8_2_0_99_11_0.54_37",5,1983,NA,NA,NA,NA,NA,NA,"AA - Living Data Program - 2025","Single-row",NA,"Valid",NA,NA,"Long Lake","51 deg 15 min","127 deg 10 min"
"1983-05-06",NA,8,NA,"99","22:35:00","22:55:00",NA,NA,NA,NA,"20",0,2,NA,99,NA,"",32,0.33,NA,NA,29,12,9,"Unknown",NA,NA,NA,NA,NA,5,"Defaulted","trawl83.sas7bdat",NA,"1983-05-06_8_2_0","1983-05-06_8_2_0_99_12_0.33_32",5,1983,NA,NA,NA,NA,NA,NA,"AA - Living Data Program - 2025","Single-row",NA,"Valid",NA,NA,"Long Lake","51 deg 15 min","127 deg 10 min"
"1983-05-06",NA,8,NA,"99","22:35:00","22:55:00",NA,NA,NA,NA,"20",0,2,NA,99,NA,"",37,0.53,NA,NA,29,13,9,"Unknown",NA,NA,NA,NA,NA,5,"Defaulted","trawl83.sas7bdat",NA,"1983-05-06_8_2_0","1983-05-06_8_2_0_99_13_0.53_37",5,1983,NA,NA,NA,NA,NA,NA,"AA - Living Data Program - 2025","Single-row",NA,"Valid",NA,NA,"Long Lake","51 deg 15 min","127 deg 10 min"
"1983-05-06",NA,8,NA,"99","22:35:00","22:55:00",NA,NA,NA,NA,"20",0,2,NA,99,NA,"",37,0.53,NA,NA,29,14,9,"Unknown",NA,NA,NA,NA,NA,5,"Defaulted","trawl83.sas7bdat",NA,"1983-05-06_8_2_0","1983-05-06_8_2_0_99_14_0.53_37",5,1983,NA,NA,NA,NA,NA,NA,"AA - Living Data Program - 2025","Single-row",NA,"Valid",NA,NA,"Long Lake","51 deg 15 min","127 deg 10 min"
"1983-05-06",NA,8,NA,"99","22:35:00","22:55:00",NA,NA,NA,NA,"20",0,2,NA,99,NA,"",31,0.29,NA,NA,29,15,9,"Unknown",NA,NA,NA,NA,NA,5,"Defaulted","trawl83.sas7bdat",NA,"1983-05-06_8_2_0","1983-05-06_8_2_0_99_15_0.29_31",5,1983,NA,NA,NA,NA,NA,NA,"AA - Living Data Program - 2025","Single-row",NA,"Valid",NA,NA,"Long Lake","51 deg 15 min","127 deg 10 min"
"1983-05-06",NA,8,NA,"99","22:35:00","22:55:00",NA,NA,NA,NA,"20",0,2,NA,99,NA,"",34,0.43,NA,NA,29,16,9,"Unknown",NA,NA,NA,NA,NA,5,"Defaulted","trawl83.sas7bdat",NA,"1983-05-06_8_2_0","1983-05-06_8_2_0_99_16_0.43_34",5,1983,NA,NA,NA,NA,NA,NA,"AA - Living Data Program - 2025","Single-row",NA,"Valid",NA,NA,"Long Lake","51 deg 15 min","127 deg 10 min"
"1983-05-06",NA,8,NA,"99","22:35:00","22:55:00",NA,NA,NA,NA,"20",0,2,NA,99,NA,"",35,0.43,NA,NA,29,17,9,"Unknown",NA,NA,NA,NA,NA,5,"Defaulted","trawl83.sas7bdat",NA,"1983-05-06_8_2_0","1983-05-06_8_2_0_99_17_0.43_35",5,1983,NA,NA,NA,NA,NA,NA,"AA - Living Data Program - 2025","Single-row",NA,"Valid",NA,NA,"Long Lake","51 deg 15 min","127 deg 10 min"
"1983-05-06",NA,8,NA,"99","22:35:00","22:55:00",NA,NA,NA,NA,"20",0,2,NA,99,NA,"",33,0.31,NA,NA,29,18,9,"Unknown",NA,NA,NA,NA,NA,5,"Defaulted","trawl83.sas7bdat",NA,"1983-05-06_8_2_0","1983-05-06_8_2_0_99_18_0.31_33",5,1983,NA,NA,NA,NA,NA,NA,"AA - Living Data Program - 2025","Single-row",NA,"Valid",NA,NA,"Long Lake","51 deg 15 min","127 deg 10 min"
"1983-05-06",NA,8,NA,"99","22:35:00","22:55:00",NA,NA,NA,NA,"20",0,2,NA,99,NA,"",37,0.49,NA,NA,29,19,9,"Unknown",NA,NA,NA,NA,NA,5,"Defaulted","trawl83.sas7bdat",NA,"1983-05-06_8_2_0","1983-05-06_8_2_0_99_19_0.49_37",5,1983,NA,NA,NA,NA,NA,NA,"AA - Living Data Program - 2025","Single-row",NA,"Valid",NA,NA,"Long Lake","51 deg 15 min","127 deg 10 min"
"1983-05-06",NA,8,NA,"99","22:35:00","22:55:00",NA,NA,NA,NA,"20",0,2,NA,99,NA,"",35,0.4,NA,NA,29,1,9,"Unknown",NA,NA,NA,NA,NA,5,"Defaulted","trawl83.sas7bdat",NA,"1983-05-06_8_2_0","1983-05-06_8_2_0_99_1_0.4_35",5,1983,NA,NA,NA,NA,NA,NA,"AA - Living Data Program - 2025","Single-row",NA,"Valid",NA,NA,"Long Lake","51 deg 15 min","127 deg 10 min"
"1983-05-06",NA,8,NA,"99","22:35:00","22:55:00",NA,NA,NA,NA,"20",0,2,NA,99,NA,"",29,0.2,NA,NA,29,20,9,"Unknown",NA,NA,NA,NA,NA,5,"Defaulted","trawl83.sas7bdat",NA,"1983-05-06_8_2_0","1983-05-06_8_2_0_99_20_0.2_29",5,1983,NA,NA,NA,NA,NA,NA,"AA - Living Data Program - 2025","Single-row",NA,"Valid",NA,NA,"Long Lake","51 deg 15 min","127 deg 10 min"
"1983-05-06",NA,8,NA,"99","22:35:00","22:55:00",NA,NA,NA,NA,"20",0,2,NA,99,NA,"",30,0.27,NA,NA,29,21,9,"Unknown",NA,NA,NA,NA,NA,5,"Defaulted","trawl83.sas7bdat",NA,"1983-05-06_8_2_0","1983-05-06_8_2_0_99_21_0.27_30",5,1983,NA,NA,NA,NA,NA,NA,"AA - Living Data Program - 2025","Single-row",NA,"Valid",NA,NA,"Long Lake","51 deg 15 min","127 deg 10 min"
"1983-05-06",NA,8,NA,"99","22:35:00","22:55:00",NA,NA,NA,NA,"20",0,2,NA,99,NA,"",36,0.45,NA,NA,29,22,9,"Unknown",NA,NA,NA,NA,NA,5,"Defaulted","trawl83.sas7bdat",NA,"1983-05-06_8_2_0","1983-05-06_8_2_0_99_22_0.45_36",5,1983,NA,NA,NA,NA,NA,NA,"AA - Living Data Program - 2025","Single-row",NA,"Valid",NA,NA,"Long Lake","51 deg 15 min","127 deg 10 min"
"1983-05-06",NA,8,NA,"99","22:35:00","22:55:00",NA,NA,NA,NA,"20",0,2,NA,99,NA,"",33,0.37,NA,NA,29,23,9,"Unknown",NA,NA,NA,NA,NA,5,"Defaulted","trawl83.sas7bdat",NA,"1983-05-06_8_2_0","1983-05-06_8_2_0_99_23_0.37_33",5,1983,NA,NA,NA,NA,NA,NA,"AA - Living Data Program - 2025","Single-row",NA,"Valid",NA,NA,"Long Lake","51 deg 15 min","127 deg 10 min"
"1983-05-06",NA,8,NA,"99","22:35:00","22:55:00",NA,NA,NA,NA,"20",0,2,NA,99,NA,"",38,0.6,NA,NA,29,24,9,"Unknown",NA,NA,NA,NA,NA,5,"Defaulted","trawl83.sas7bdat",NA,"1983-05-06_8_2_0","1983-05-06_8_2_0_99_24_0.6_38",5,1983,NA,NA,NA,NA,NA,NA,"AA - Living Data Program - 2025","Single-row",NA,"Valid",NA,NA,"Long Lake","51 deg 15 min","127 deg 10 min"
"1983-05-06",NA,8,NA,"99","22:35:00","22:55:00",NA,NA,NA,NA,"20",0,2,NA,99,NA,"",29,0.25,NA,NA,29,25,9,"Unknown",NA,NA,NA,NA,NA,5,"Defaulted","trawl83.sas7bdat",NA,"1983-05-06_8_2_0","1983-05-06_8_2_0_99_25_0.25_29",5,1983,NA,NA,NA,NA,NA,NA,"AA - Living Data Program - 2025","Single-row",NA,"Valid",NA,NA,"Long Lake","51 deg 15 min","127 deg 10 min"
"1983-05-06",NA,8,NA,"99","22:35:00","22:55:00",NA,NA,NA,NA,"20",0,2,NA,99,NA,"",32,0.3,NA,NA,29,26,9,"Unknown",NA,NA,NA,NA,NA,5,"Defaulted","trawl83.sas7bdat",NA,"1983-05-06_8_2_0","1983-05-06_8_2_0_99_26_0.3_32",5,1983,NA,NA,NA,NA,NA,NA,"AA - Living Data Program - 2025","Single-row",NA,"Valid",NA,NA,"Long Lake","51 deg 15 min","127 deg 10 min"
"1983-05-06",NA,8,NA,"99","22:35:00","22:55:00",NA,NA,NA,NA,"20",0,2,NA,99,NA,"",32,0.29,NA,NA,29,27,9,"Unknown",NA,NA,NA,NA,NA,5,"Defaulted","trawl83.sas7bdat",NA,"1983-05-06_8_2_0","1983-05-06_8_2_0_99_27_0.29_32",5,1983,NA,NA,NA,NA,NA,NA,"AA - Living Data Program - 2025","Single-row",NA,"Valid",NA,NA,"Long Lake","51 deg 15 min","127 deg 10 min"
"1983-05-06",NA,8,NA,"99","22:35:00","22:55:00",NA,NA,NA,NA,"20",0,2,NA,99,NA,"",30,0.24,NA,NA,29,28,9,"Unknown",NA,NA,NA,NA,NA,5,"Defaulted","trawl83.sas7bdat",NA,"1983-05-06_8_2_0","1983-05-06_8_2_0_99_28_0.24_30",5,1983,NA,NA,NA,NA,NA,NA,"AA - Living Data Program - 2025","Single-row",NA,"Valid",NA,NA,"Long Lake","51 deg 15 min","127 deg 10 min"
"1983-05-06",NA,8,NA,"99","22:35:00","22:55:00",NA,NA,NA,NA,"20",0,2,NA,99,NA,"",29,0.18,NA,NA,29,29,9,"Unknown",NA,NA,NA,NA,NA,5,"Defaulted","trawl83.sas7bdat",NA,"1983-05-06_8_2_0","1983-05-06_8_2_0_99_29_0.18_29",5,1983,NA,NA,NA,NA,NA,NA,"AA - Living Data Program - 2025","Single-row",NA,"Valid",NA,NA,"Long Lake","51 deg 15 min","127 deg 10 min"
"1983-05-06",NA,8,NA,"99","22:35:00","22:55:00",NA,NA,NA,NA,"20",0,2,NA,99,NA,"",35,0.45,NA,NA,29,2,9,"Unknown",NA,NA,NA,NA,NA,5,"Defaulted","trawl83.sas7bdat",NA,"1983-05-06_8_2_0","1983-05-06_8_2_0_99_2_0.45_35",5,1983,NA,NA,NA,NA,NA,NA,"AA - Living Data Program - 2025","Single-row",NA,"Valid",NA,NA,"Long Lake","51 deg 15 min","127 deg 10 min"
"1983-05-06",NA,8,NA,"99","22:35:00","22:55:00",NA,NA,NA,NA,"20",0,2,NA,99,NA,"",38,0.58,NA,NA,29,3,9,"Unknown",NA,NA,NA,NA,NA,5,"Defaulted","trawl83.sas7bdat",NA,"1983-05-06_8_2_0","1983-05-06_8_2_0_99_3_0.58_38",5,1983,NA,NA,NA,NA,NA,NA,"AA - Living Data Program - 2025","Single-row",NA,"Valid",NA,NA,"Long Lake","51 deg 15 min","127 deg 10 min"
"1983-05-06",NA,8,NA,"99","22:35:00","22:55:00",NA,NA,NA,NA,"20",0,2,NA,99,NA,"",31,0.31,NA,NA,29,4,9,"Unknown",NA,NA,NA,NA,NA,5,"Defaulted","trawl83.sas7bdat",NA,"1983-05-06_8_2_0","1983-05-06_8_2_0_99_4_0.31_31",5,1983,NA,NA,NA,NA,NA,NA,"AA - Living Data Program - 2025","Single-row",NA,"Valid",NA,NA,"Long Lake","51 deg 15 min","127 deg 10 min"
"1983-05-06",NA,8,NA,"99","22:35:00","22:55:00",NA,NA,NA,NA,"20",0,2,NA,99,NA,"",32,0.32,NA,NA,29,5,9,"Unknown",NA,NA,NA,NA,NA,5,"Defaulted","trawl83.sas7bdat",NA,"1983-05-06_8_2_0","1983-05-06_8_2_0_99_5_0.32_32",5,1983,NA,NA,NA,NA,NA,NA,"AA - Living Data Program - 2025","Single-row",NA,"Valid",NA,NA,"Long Lake","51 deg 15 min","127 deg 10 min"
"1983-05-06",NA,8,NA,"99","22:35:00","22:55:00",NA,NA,NA,NA,"20",0,2,NA,99,NA,"",39,0.64,NA,NA,29,6,9,"Unknown",NA,NA,NA,NA,NA,5,"Defaulted","trawl83.sas7bdat",NA,"1983-05-06_8_2_0","1983-05-06_8_2_0_99_6_0.64_39",5,1983,NA,NA,NA,NA,NA,NA,"AA - Living Data Program - 2025","Single-row",NA,"Valid",NA,NA,"Long Lake","51 deg 15 min","127 deg 10 min"
"1983-05-06",NA,8,NA,"99","22:35:00","22:55:00",NA,NA,NA,NA,"20",0,2,NA,99,NA,"",37,0.51,NA,NA,29,7,9,"Unknown",NA,NA,NA,NA,NA,5,"Defaulted","trawl83.sas7bdat",NA,"1983-05-06_8_2_0","1983-05-06_8_2_0_99_7_0.51_37",5,1983,NA,NA,NA,NA,NA,NA,"AA - Living Data Program - 2025","Single-row",NA,"Valid",NA,NA,"Long Lake","51 deg 15 min","127 deg 10 min"
"1983-05-06",NA,8,NA,"99","22:35:00","22:55:00",NA,NA,NA,NA,"20",0,2,NA,99,NA,"",34,0.37,NA,NA,29,8,9,"Unknown",NA,NA,NA,NA,NA,5,"Defaulted","trawl83.sas7bdat",NA,"1983-05-06_8_2_0","1983-05-06_8_2_0_99_8_0.37_34",5,1983,NA,NA,NA,NA,NA,NA,"AA - Living Data Program - 2025","Single-row",NA,"Valid",NA,NA,"Long Lake","51 deg 15 min","127 deg 10 min"
"1983-05-06",NA,8,NA,"99","22:35:00","22:55:00",NA,NA,NA,NA,"20",0,2,NA,99,NA,"",32,0.31,NA,NA,29,9,9,"Unknown",NA,NA,NA,NA,NA,5,"Defaulted","trawl83.sas7bdat",NA,"1983-05-06_8_2_0","1983-05-06_8_2_0_99_9_0.31_32",5,1983,NA,NA,NA,NA,NA,NA,"AA - Living Data Program - 2025","Single-row",NA,"Valid",NA,NA,"Long Lake","51 deg 15 min","127 deg 10 min"
"1983-05-06",NA,8,NA,"99","23:45:00","00:00:00",NA,NA,NA,NA,"15",0,3,NA,99,NA,"",24,0.12,NA,NA,7,1,9,"Unknown",NA,NA,NA,NA,NA,5,"Defaulted","trawl83.sas7bdat",NA,"1983-05-06_8_3_0","1983-05-06_8_3_0_99_1_0.12_24",5,1983,NA,NA,NA,NA,NA,NA,"AA - Living Data Program - 2025","Single-row",NA,"Valid",NA,NA,"Long Lake","51 deg 15 min","127 deg 10 min"
"1983-05-06",NA,8,NA,"99","23:45:00","00:00:00",NA,NA,NA,NA,"15",0,3,NA,99,NA,"",32,0.33,NA,NA,7,2,9,"Unknown",NA,NA,NA,NA,NA,5,"Defaulted","trawl83.sas7bdat",NA,"1983-05-06_8_3_0","1983-05-06_8_3_0_99_2_0.33_32",5,1983,NA,NA,NA,NA,NA,NA,"AA - Living Data Program - 2025","Single-row",NA,"Valid",NA,NA,"Long Lake","51 deg 15 min","127 deg 10 min"
"1983-05-06",NA,8,NA,"99","23:45:00","00:00:00",NA,NA,NA,NA,"15",0,3,NA,99,NA,"",35,0.43,NA,NA,7,3,9,"Unknown",NA,NA,NA,NA,NA,5,"Defaulted","trawl83.sas7bdat",NA,"1983-05-06_8_3_0","1983-05-06_8_3_0_99_3_0.43_35",5,1983,NA,NA,NA,NA,NA,NA,"AA - Living Data Program - 2025","Single-row",NA,"Valid",NA,NA,"Long Lake","51 deg 15 min","127 deg 10 min"
"1983-05-06",NA,8,NA,"99","23:45:00","00:00:00",NA,NA,NA,NA,"15",0,3,NA,99,NA,"",33,0.35,NA,NA,7,4,9,"Unknown",NA,NA,NA,NA,NA,5,"Defaulted","trawl83.sas7bdat",NA,"1983-05-06_8_3_0","1983-05-06_8_3_0_99_4_0.35_33",5,1983,NA,NA,NA,NA,NA,NA,"AA - Living Data Program - 2025","Single-row",NA,"Valid",NA,NA,"Long Lake","51 deg 15 min","127 deg 10 min"
"1983-05-06",NA,8,NA,"99","23:45:00","00:00:00",NA,NA,NA,NA,"15",0,3,NA,99,NA,"",34,0.37,NA,NA,7,5,9,"Unknown",NA,NA,NA,NA,NA,5,"Defaulted","trawl83.sas7bdat",NA,"1983-05-06_8_3_0","1983-05-06_8_3_0_99_5_0.37_34",5,1983,NA,NA,NA,NA,NA,NA,"AA - Living Data Program - 2025","Single-row",NA,"Valid",NA,NA,"Long Lake","51 deg 15 min","127 deg 10 min"
"1983-05-06",NA,8,NA,"99","23:45:00","00:00:00",NA,NA,NA,NA,"15",0,3,NA,99,NA,"",30,0.25,NA,NA,7,6,9,"Unknown",NA,NA,NA,NA,NA,5,"Defaulted","trawl83.sas7bdat",NA,"1983-05-06_8_3_0","1983-05-06_8_3_0_99_6_0.25_30",5,1983,NA,NA,NA,NA,NA,NA,"AA - Living Data Program - 2025","Single-row",NA,"Valid",NA,NA,"Long Lake","51 deg 15 min","127 deg 10 min"
"1983-05-06",NA,8,NA,"99","23:45:00","00:00:00",NA,NA,NA,NA,"15",0,3,NA,99,NA,"",34,0.37,NA,NA,7,7,9,"Unknown",NA,NA,NA,NA,NA,5,"Defaulted","trawl83.sas7bdat",NA,"1983-05-06_8_3_0","1983-05-06_8_3_0_99_7_0.37_34",5,1983,NA,NA,NA,NA,NA,NA,"AA - Living Data Program - 2025","Single-row",NA,"Valid",NA,NA,"Long Lake","51 deg 15 min","127 deg 10 min"
"1983-07-22",NA,21,NA,"99","22:20:00","22:40:00",NA,NA,NA,NA,"20",45,4,NA,99,NA,"",NA,NA,NA,NA,0,NA,NA,NA,NA,NA,NA,NA,NA,5,"Defaulted","trawl83.sas7bdat",NA,"1983-07-22_21_4_45","1983-07-22_21_4_45_99_NA_NA_NA",7,1983,NA,NA,NA,NA,NA,NA,"AA - Living Data Program - 2025","Single-row",NA,"Valid",NA,NA,"Nimpkish Lake","50 deg 25 min","125 deg 40 min"
"1983-07-24",NA,6,NA,"99","23:36:00","23:51:00",NA,NA,NA,NA,"15",0,1,NA,99,NA,"",NA,NA,NA,NA,0,NA,NA,NA,NA,NA,NA,NA,NA,5,"Defaulted","trawl83.sas7bdat",NA,"1983-07-24_6_1_0","1983-07-24_6_1_0_99_NA_NA_NA",7,1983,NA,NA,NA,NA,NA,NA,"AA - Living Data Program - 2025","Single-row",NA,"Valid",NA,NA,"Hobiton Lake","48 deg 45 min","124 deg 49 min"
"1983-07-25",NA,6,NA,"99","01:07:00","01:17:00",NA,NA,NA,NA,"10",30,5,NA,99,NA,"",NA,NA,NA,NA,0,NA,NA,NA,NA,NA,NA,NA,NA,5,"Defaulted","trawl83.sas7bdat",NA,"1983-07-25_6_5_30","1983-07-25_6_5_30_99_NA_NA_NA",7,1983,NA,NA,NA,NA,NA,NA,"AA - Living Data Program - 2025","Single-row",NA,"Valid",NA,NA,"Hobiton Lake","48 deg 45 min","124 deg 49 min"
"1983-07-26",NA,3,NA,"99","00:03:00","00:13:00",NA,NA,NA,NA,"10",0,4,NA,99,NA,"",NA,NA,NA,NA,0,NA,NA,NA,NA,NA,NA,NA,NA,5,"Defaulted","trawl83.sas7bdat",NA,"1983-07-26_3_4_0","1983-07-26_3_4_0_99_NA_NA_NA",7,1983,NA,NA,NA,NA,NA,NA,"AA - Living Data Program - 2025","Single-row",NA,"Valid",NA,NA,"Henderson Lake","49 deg 05 min","125 deg 02 min"
"1983-08-23",NA,110,NA,"99","22:45:00","22:55:00",NA,NA,NA,NA,"10",7,3,NA,99,NA,"",97,11.62,NA,NA,1,1,9,"Unknown",NA,NA,NA,NA,NA,5,"Defaulted","trawl83.sas7bdat",NA,"1983-08-23_110_3_7","1983-08-23_110_3_7_99_1_11.62_97",8,1983,NA,NA,NA,NA,NA,NA,"AA - Living Data Program - 2025","Single-row",NA,"Valid",NA,NA,"Port John Lake","52 deg 07 min","127 deg 49 min"
"1983-08-23",NA,2,NA,"99","22:33:00","22:48:00",NA,NA,NA,NA,"15",0,2,NA,99,NA,"",NA,NA,NA,NA,0,NA,NA,NA,NA,NA,NA,NA,NA,5,"Defaulted","trawl83.sas7bdat",NA,"1983-08-23_2_2_0","1983-08-23_2_2_0_99_NA_NA_NA",8,1983,NA,NA,NA,NA,NA,NA,"AA - Living Data Program - 2025","Single-row",NA,"Valid",NA,NA,"Sproat Lake","49 deg 14 min","125 deg 06 min"
"1983-08-23",NA,2,NA,"99","22:58:00","23:12:00",NA,NA,NA,NA,"14",11,3,NA,99,NA,"",NA,NA,NA,NA,0,NA,NA,NA,NA,NA,NA,NA,NA,5,"Defaulted","trawl83.sas7bdat",NA,"1983-08-23_2_3_11","1983-08-23_2_3_11_99_NA_NA_NA",8,1983,NA,NA,NA,NA,NA,NA,"AA - Living Data Program - 2025","Single-row",NA,"Valid",NA,NA,"Sproat Lake","49 deg 14 min","125 deg 06 min"
"1983-08-29",NA,27,NA,"99","22:28:00","22:48:00",NA,NA,NA,NA,"20",0,1,NA,99,NA,"",NA,NA,NA,NA,0,NA,NA,NA,NA,NA,NA,NA,NA,5,"Defaulted","trawl83.sas7bdat",NA,"1983-08-29_27_1_0","1983-08-29_27_1_0_99_NA_NA_NA",8,1983,NA,NA,NA,NA,NA,NA,"AA - Living Data Program - 2025","Single-row",NA,"Valid",NA,NA,"Awun Lake","53 deg 36 min","132 deg 35 min"
"1983-09-01",NA,26,NA,"99","00:12:00","00:32:00",NA,NA,NA,NA,"20",0,1,NA,99,NA,"",49,0.83,NA,NA,1,1,9,"Unknown",NA,NA,NA,NA,NA,5,"Defaulted","trawl83.sas7bdat",NA,"1983-09-01_26_1_0","1983-09-01_26_1_0_99_1_0.83_49",9,1983,NA,NA,NA,NA,NA,NA,"AA - Living Data Program - 2025","Single-row",NA,"Valid",NA,NA,"Ian Lake","53 deg 45 min","132 deg 35 min"
"1983-09-01",NA,26,NA,"99","01:08:00","01:28:00",NA,NA,NA,NA,"20",24,3,NA,99,NA,"",17,0.05,NA,NA,1,1,9,"Unknown",NA,NA,NA,NA,NA,5,"Defaulted","trawl83.sas7bdat",NA,"1983-09-01_26_3_24","1983-09-01_26_3_24_99_1_0.05_17",9,1983,NA,NA,NA,NA,NA,NA,"AA - Living Data Program - 2025","Single-row",NA,"Valid",NA,NA,"Ian Lake","53 deg 45 min","132 deg 35 min"
"1983-09-01",NA,44,NA,"99","23:50:00","00:00:00",NA,NA,NA,NA,"10",0,3,NA,99,NA,"",NA,NA,NA,NA,0,NA,NA,NA,NA,NA,NA,NA,NA,5,"Defaulted","trawl83.sas7bdat",NA,"1983-09-01_44_3_0","1983-09-01_44_3_0_99_NA_NA_NA",9,1983,NA,NA,NA,NA,NA,NA,"AA - Living Data Program - 2025","Single-row",NA,"Valid",NA,NA,"Muriel Lake","49 deg 08 min","125 deg 36 min"
"1983-09-02",NA,25,NA,"99","22:23:00","22:43:00",NA,NA,NA,NA,"20",0,1,NA,99,NA,"",NA,NA,NA,NA,0,NA,NA,NA,NA,NA,NA,NA,NA,5,"Defaulted","trawl83.sas7bdat",NA,"1983-09-02_25_1_0","1983-09-02_25_1_0_99_NA_NA_NA",9,1983,NA,NA,NA,NA,NA,NA,"AA - Living Data Program - 2025","Single-row",NA,"Valid",NA,NA,"Eden Lake","53 deg 51 min","132 deg 43 min"
"1983-09-02",NA,25,NA,"99","23:54:00","00:09:00",NA,NA,NA,NA,"15",30,4,NA,99,NA,"",NA,NA,NA,NA,0,NA,NA,NA,NA,NA,NA,NA,NA,5,"Defaulted","trawl83.sas7bdat",NA,"1983-09-02_25_4_30","1983-09-02_25_4_30_99_NA_NA_NA",9,1983,NA,NA,NA,NA,NA,NA,"AA - Living Data Program - 2025","Single-row",NA,"Valid",NA,NA,"Eden Lake","53 deg 51 min","132 deg 43 min"
"1983-09-14",NA,40,NA,"99","21:29:00","21:39:00",NA,NA,NA,NA,"10",32,1,NA,99,NA,"",43,0.86,NA,NA,1,1,9,"Unknown",NA,NA,NA,NA,NA,5,"Defaulted","trawl83.sas7bdat",NA,"1983-09-14_40_1_32","1983-09-14_40_1_32_99_1_0.86_43",9,1983,NA,NA,NA,NA,NA,NA,"AA - Living Data Program - 2025","Single-row",NA,"Valid",NA,NA,"Kennedy Lake (Clay)","49 deg 08 min","125 deg 35 min"
"1983-09-15",NA,3,NA,"99","00:02:00","00:17:00",NA,NA,NA,NA,"15",0,5,NA,99,NA,"",NA,NA,NA,NA,0,NA,NA,NA,NA,NA,NA,NA,NA,5,"Defaulted","trawl83.sas7bdat",NA,"1983-09-15_3_5_0","1983-09-15_3_5_0_99_NA_NA_NA",9,1983,NA,NA,NA,NA,NA,NA,"AA - Living Data Program - 2025","Single-row",NA,"Valid",NA,NA,"Henderson Lake","49 deg 05 min","125 deg 02 min"
"1983-09-15",NA,6,NA,"99","21:25:00","21:40:00",NA,NA,NA,NA,"15",0,1,NA,99,NA,"",NA,NA,NA,NA,0,NA,NA,NA,NA,NA,NA,NA,NA,5,"Defaulted","trawl83.sas7bdat",NA,"1983-09-15_6_1_0","1983-09-15_6_1_0_99_NA_NA_NA",9,1983,NA,NA,NA,NA,NA,NA,"AA - Living Data Program - 2025","Single-row",NA,"Valid",NA,NA,"Hobiton Lake","48 deg 45 min","124 deg 49 min"
"1983-10-05",NA,40,NA,"99","20:12:00","20:22:00",NA,NA,NA,NA,"10",0,1,NA,99,NA,"",80,6.46,NA,NA,1,1,9,"Unknown",NA,NA,NA,NA,NA,5,"Defaulted","trawl83.sas7bdat",NA,"1983-10-05_40_1_0","1983-10-05_40_1_0_99_1_6.46_80",10,1983,NA,NA,NA,NA,NA,NA,"AA - Living Data Program - 2025","Single-row",NA,"Valid",NA,NA,"Kennedy Lake (Clay)","49 deg 08 min","125 deg 35 min"
"1983-10-05",NA,40,NA,"99","21:14:00","21:24:00",NA,NA,NA,NA,"10",10,3,NA,99,NA,"",NA,NA,NA,NA,0,NA,NA,NA,NA,NA,NA,NA,NA,5,"Defaulted","trawl83.sas7bdat",NA,"1983-10-05_40_3_10","1983-10-05_40_3_10_99_NA_NA_NA",10,1983,NA,NA,NA,NA,NA,NA,"AA - Living Data Program - 2025","Single-row",NA,"Valid",NA,NA,"Kennedy Lake (Clay)","49 deg 08 min","125 deg 35 min"
"1983-10-31",NA,6,NA,"99","20:53:00","21:08:00",NA,NA,NA,NA,"15",0,1,NA,99,NA,"",NA,NA,NA,NA,0,NA,NA,NA,NA,NA,NA,NA,NA,5,"Defaulted","trawl83.sas7bdat",NA,"1983-10-31_6_1_0","1983-10-31_6_1_0_99_NA_NA_NA",10,1983,NA,NA,NA,NA,NA,NA,"AA - Living Data Program - 2025","Single-row",NA,"Valid",NA,NA,"Hobiton Lake","48 deg 45 min","124 deg 49 min"
"1983-11-01",NA,107,NA,"99","20:07:00","20:27:00",NA,NA,NA,NA,"20",0,1,NA,99,NA,"",NA,NA,NA,NA,0,NA,NA,NA,NA,NA,NA,NA,NA,5,"Defaulted","trawl83.sas7bdat",NA,"1983-11-01_107_1_0","1983-11-01_107_1_0_99_NA_NA_NA",11,1983,NA,NA,NA,NA,NA,NA,"AA - Living Data Program - 2025","Single-row",NA,"Valid",NA,NA,"Cheewhat Lake","48 deg 41 min","125 deg 45 min"
"1983-11-01",NA,107,NA,"99","20:34:00","20:49:00",NA,NA,NA,NA,"15",4,2,NA,99,NA,"",NA,NA,NA,NA,0,NA,NA,NA,NA,NA,NA,NA,NA,5,"Defaulted","trawl83.sas7bdat",NA,"1983-11-01_107_2_4","1983-11-01_107_2_4_99_NA_NA_NA",11,1983,NA,NA,NA,NA,NA,NA,"AA - Living Data Program - 2025","Single-row",NA,"Valid",NA,NA,"Cheewhat Lake","48 deg 41 min","125 deg 45 min"
"1983-11-04",NA,44,NA,"99","20:03:00","20:13:00",NA,NA,NA,NA,"10",0,1,NA,99,NA,"",NA,NA,NA,NA,0,NA,NA,NA,NA,NA,NA,NA,NA,5,"Defaulted","trawl83.sas7bdat",NA,"1983-11-04_44_1_0","1983-11-04_44_1_0_99_NA_NA_NA",11,1983,NA,NA,NA,NA,NA,NA,"AA - Living Data Program - 2025","Single-row",NA,"Valid",NA,NA,"Muriel Lake","49 deg 08 min","125 deg 36 min"
"1983-11-07",NA,108,NA,"99","19:15:00","19:25:00",NA,NA,NA,NA,"10",0,1,NA,99,NA,"",NA,NA,NA,NA,0,NA,NA,NA,NA,NA,NA,NA,NA,5,"Defaulted","trawl83.sas7bdat",NA,"1983-11-07_108_1_0","1983-11-07_108_1_0_99_NA_NA_NA",11,1983,NA,NA,NA,NA,NA,NA,"AA - Living Data Program - 2025","Single-row",NA,"Valid",NA,NA,"Jansen Lake","50 deg 06 min","127 deg 17 min"
"1983-11-07",NA,108,NA,"99","20:03:00","20:13:00",NA,NA,NA,NA,"10",15,4,NA,99,NA,"",NA,NA,NA,NA,0,NA,NA,NA,NA,NA,NA,NA,NA,5,"Defaulted","trawl83.sas7bdat",NA,"1983-11-07_108_4_15","1983-11-07_108_4_15_99_NA_NA_NA",11,1983,NA,NA,NA,NA,NA,NA,"AA - Living Data Program - 2025","Single-row",NA,"Valid",NA,NA,"Jansen Lake","50 deg 06 min","127 deg 17 min"
"1983-11-07",NA,3,NA,"99","19:36:00","19:51:00",NA,NA,NA,NA,"15",0,3,NA,99,NA,"",NA,NA,NA,NA,0,NA,NA,NA,NA,NA,NA,NA,NA,5,"Defaulted","trawl83.sas7bdat",NA,"1983-11-07_3_3_0","1983-11-07_3_3_0_99_NA_NA_NA",11,1983,NA,NA,NA,NA,NA,NA,"AA - Living Data Program - 2025","Single-row",NA,"Valid",NA,NA,"Henderson Lake","49 deg 05 min","125 deg 02 min"
"1996-07-24","SCALE BOOK",2,"1997-05-01","41",NA,NA,"00:42:00",NA,"00:42:00",NA,"15",14,6,"2*2*7.5 NET",32,NA,"",160,47.98,"std weight = weight/1.115100",43.03,1,1,11,"Formalin/5weeks","2",1,"1","A",NA,NA,NA,"trawl96.sas7bdat, TRAWL96.dat",17843,"1996-07-24_2_6_14","1996-07-24_2_6_14_32_1_47.98_160",7,1996,"",NA,"0 0% FORMALIN - WGHD AFT 5 WKS",NA,NA,NA,"AA - Living Data Program - 2025","Conflict within","x","Valid",NA,NA,"Sproat Lake","49 deg 14 min","125 deg 06 min"
