lake,lake_code,survey_date,source_file,line_number,transect,depth_code,data_issues,target_survey_code,target_survey_type,survey_year,survey_month,depth_min,depth_max,targets,prop_sockeye,prop_stickleback,sounder_type,sounder_code,sounder_gain,acoustic_survey_notes,survey_comments,ats_year,area,transect_length,sourcefile_year,source_year_err,total_prop
Henderson Lk,3,1986-08-30,TARGET86.DAT,1025,1,1,,1,JUVENILE,1986,8,2,5,1,0.93,0.07,FURUNO FM 22         ,1,10,"100%, gusty, chop, no moon, At: 16/17 0c (2145/040 Wt: 19 0c, JC 861020, targ overlap, poor spp break-down, Juvenile.",Juvenile Survey,1986,1545,485,1986,FALSE,1
Henderson Lk,3,1986-08-30,TARGET86.DAT,1026,2,1,,1,JUVENILE,1986,8,2,5,1,0.93,0.07,FURUNO FM 22         ,1,10,"100%, gusty, chop, no moon, At: 16/17 0c (2145/040 Wt: 19 0c, JC 861020, targ overlap, poor spp break-down, Juvenile.",Juvenile Survey,1986,1545,830,1986,FALSE,1
Henderson Lk,3,1986-08-30,TARGET86.DAT,1027,3,1,,1,JUVENILE,1986,8,2,5,1,0.93,0.07,FURUNO FM 22         ,1,10,"100%, gusty, chop, no moon, At: 16/17 0c (2145/040 Wt: 19 0c, JC 861020, targ overlap, poor spp break-down, Juvenile.",Juvenile Survey,1986,1545,945,1986,FALSE,1
Henderson Lk,3,1986-08-30,TARGET86.DAT,1028,4,1,,1,JUVENILE,1986,8,2,5,5,0.93,0.07,FURUNO FM 22         ,1,10,"100%, gusty, chop, no moon, At: 16/17 0c (2145/040 Wt: 19 0c, JC 861020, targ overlap, poor spp break-down, Juvenile.",Juvenile Survey,1986,1545,845,1986,FALSE,1
Henderson Lk,3,1986-08-30,TARGET86.DAT,1029,5,1,,1,JUVENILE,1986,8,2,5,4,0.93,0.07,FURUNO FM 22         ,1,10,"100%, gusty, chop, no moon, At: 16/17 0c (2145/040 Wt: 19 0c, JC 861020, targ overlap, poor spp break-down, Juvenile.",Juvenile Survey,1986,1545,910,1986,FALSE,1
Henderson Lk,3,1986-08-30,TARGET86.DAT,1030,6,1,,1,JUVENILE,1986,8,2,5,1,0.93,0.07,FURUNO FM 22         ,1,10,"100%, gusty, chop, no moon, At: 16/17 0c (2145/040 Wt: 19 0c, JC 861020, targ overlap, poor spp break-down, Juvenile.",Juvenile Survey,1986,1545,1135,1986,FALSE,1
Henderson Lk,3,1986-08-30,TARGET86.DAT,1031,7,1,Prop_sockeye and prop_stickleback set to NA because targets == 0; ,1,JUVENILE,1986,8,2,5,0,NA,NA,FURUNO FM 22         ,1,10,"100%, gusty, chop, no moon, At: 16/17 0c (2145/040 Wt: 19 0c, JC 861020, targ overlap, poor spp break-down, Juvenile.",Juvenile Survey,1986,1545,760,1986,FALSE,NA
Henderson Lk,3,1986-08-30,TARGET86.DAT,1032,8,1,Prop_sockeye and prop_stickleback set to NA because targets == 0; ,1,JUVENILE,1986,8,2,5,0,NA,NA,FURUNO FM 22         ,1,10,"100%, gusty, chop, no moon, At: 16/17 0c (2145/040 Wt: 19 0c, JC 861020, targ overlap, poor spp break-down, Juvenile.",Juvenile Survey,1986,1545,1667,1986,FALSE,NA
Henderson Lk,3,1986-08-30,TARGET86.DAT,1033,9,1,Prop_sockeye and prop_stickleback set to NA because targets == 0; ,1,JUVENILE,1986,8,2,5,0,NA,NA,FURUNO FM 22         ,1,10,"100%, gusty, chop, no moon, At: 16/17 0c (2145/040 Wt: 19 0c, JC 861020, targ overlap, poor spp break-down, Juvenile.",Juvenile Survey,1986,1545,2025,1986,FALSE,NA
Henderson Lk,3,1986-08-30,TARGET86.DAT,1034,10,1,Prop_sockeye and prop_stickleback set to NA because targets == 0; ,1,JUVENILE,1986,8,2,5,0,NA,NA,FURUNO FM 22         ,1,10,"100%, gusty, chop, no moon, At: 16/17 0c (2145/040 Wt: 19 0c, JC 861020, targ overlap, poor spp break-down, Juvenile.",Juvenile Survey,1986,1545,2332,1986,FALSE,NA
Henderson Lk,3,1986-08-30,TARGET86.DAT,1035,11,1,Prop_sockeye and prop_stickleback set to NA because targets == 0; ,1,JUVENILE,1986,8,2,5,0,NA,NA,FURUNO FM 22         ,1,10,"100%, gusty, chop, no moon, At: 16/17 0c (2145/040 Wt: 19 0c, JC 861020, targ overlap, poor spp break-down, Juvenile.",Juvenile Survey,1986,1545,2571,1986,FALSE,NA
Henderson Lk,3,1986-08-30,TARGET86.DAT,1036,12,1,Prop_sockeye and prop_stickleback set to NA because targets == 0; ,1,JUVENILE,1986,8,2,5,0,NA,NA,FURUNO FM 22         ,1,10,"100%, gusty, chop, no moon, At: 16/17 0c (2145/040 Wt: 19 0c, JC 861020, targ overlap, poor spp break-down, Juvenile.",Juvenile Survey,1986,1545,3025,1986,FALSE,NA
Henderson Lk,3,1986-08-30,TARGET86.DAT,1037,13,1,Prop_sockeye and prop_stickleback set to NA because targets == 0; ,1,JUVENILE,1986,8,2,5,0,NA,NA,FURUNO FM 22         ,1,10,"100%, gusty, chop, no moon, At: 16/17 0c (2145/040 Wt: 19 0c, JC 861020, targ overlap, poor spp break-down, Juvenile.",Juvenile Survey,1986,1545,1917,1986,FALSE,NA
Henderson Lk,3,1986-08-30,TARGET86.DAT,1038,14,1,Prop_sockeye and prop_stickleback set to NA because targets == 0; ,1,JUVENILE,1986,8,2,5,0,NA,NA,FURUNO FM 22         ,1,10,"100%, gusty, chop, no moon, At: 16/17 0c (2145/040 Wt: 19 0c, JC 861020, targ overlap, poor spp break-down, Juvenile.",Juvenile Survey,1986,1545,702,1986,FALSE,NA
Henderson Lk,3,1986-08-30,TARGET86.DAT,1039,15,1,Prop_sockeye and prop_stickleback set to NA because targets == 0; ,1,JUVENILE,1986,8,2,5,0,NA,NA,FURUNO FM 22         ,1,10,"100%, gusty, chop, no moon, At: 16/17 0c (2145/040 Wt: 19 0c, JC 861020, targ overlap, poor spp break-down, Juvenile.",Juvenile Survey,1986,1545,1349,1986,FALSE,NA
Henderson Lk,3,1986-08-30,TARGET86.DAT,1040,16,1,Prop_sockeye and prop_stickleback set to NA because targets == 0; ,1,JUVENILE,1986,8,2,5,0,NA,NA,FURUNO FM 22         ,1,10,"100%, gusty, chop, no moon, At: 16/17 0c (2145/040 Wt: 19 0c, JC 861020, targ overlap, poor spp break-down, Juvenile.",Juvenile Survey,1986,1545,1600,1986,FALSE,NA
Henderson Lk,3,1986-08-30,TARGET86.DAT,1041,17,1,Prop_sockeye and prop_stickleback set to NA because targets == 0; ,1,JUVENILE,1986,8,2,5,0,NA,NA,FURUNO FM 22         ,1,10,"100%, gusty, chop, no moon, At: 16/17 0c (2145/040 Wt: 19 0c, JC 861020, targ overlap, poor spp break-down, Juvenile.",Juvenile Survey,1986,1545,1568,1986,FALSE,NA
Henderson Lk,3,1986-08-30,TARGET86.DAT,1042,18,1,Prop_sockeye and prop_stickleback set to NA because targets == 0; ,1,JUVENILE,1986,8,2,5,0,NA,NA,FURUNO FM 22         ,1,10,"100%, gusty, chop, no moon, At: 16/17 0c (2145/040 Wt: 19 0c, JC 861020, targ overlap, poor spp break-down, Juvenile.",Juvenile Survey,1986,1545,2759,1986,FALSE,NA
Henderson Lk,3,1986-08-30,TARGET86.DAT,1043,1,2,Prop_sockeye and prop_stickleback set to NA because targets == 0; ,1,JUVENILE,1986,8,3,5,0,NA,NA,FURUNO FM 22         ,1,10,"100%, gusty, chop, no moon, At: 16/17 0c (2145/040 Wt: 19 0c, JC 861020, targ overlap, poor spp break-down, Juvenile.",Juvenile Survey,1986,1545,485,1986,FALSE,NA
Henderson Lk,3,1986-08-30,TARGET86.DAT,1044,2,2,Prop_sockeye and prop_stickleback set to NA because targets == 0; ,1,JUVENILE,1986,8,3,5,0,NA,NA,FURUNO FM 22         ,1,10,"100%, gusty, chop, no moon, At: 16/17 0c (2145/040 Wt: 19 0c, JC 861020, targ overlap, poor spp break-down, Juvenile.",Juvenile Survey,1986,1545,830,1986,FALSE,NA
Henderson Lk,3,1986-08-30,TARGET86.DAT,1045,3,2,Prop_sockeye and prop_stickleback set to NA because targets == 0; ,1,JUVENILE,1986,8,3,5,0,NA,NA,FURUNO FM 22         ,1,10,"100%, gusty, chop, no moon, At: 16/17 0c (2145/040 Wt: 19 0c, JC 861020, targ overlap, poor spp break-down, Juvenile.",Juvenile Survey,1986,1545,945,1986,FALSE,NA
Henderson Lk,3,1986-08-30,TARGET86.DAT,1046,4,2,Prop_sockeye and prop_stickleback set to NA because targets == 0; ,1,JUVENILE,1986,8,3,5,0,NA,NA,FURUNO FM 22         ,1,10,"100%, gusty, chop, no moon, At: 16/17 0c (2145/040 Wt: 19 0c, JC 861020, targ overlap, poor spp break-down, Juvenile.",Juvenile Survey,1986,1545,845,1986,FALSE,NA
Henderson Lk,3,1986-08-30,TARGET86.DAT,1047,5,2,Prop_sockeye and prop_stickleback set to NA because targets == 0; ,1,JUVENILE,1986,8,3,5,0,NA,NA,FURUNO FM 22         ,1,10,"100%, gusty, chop, no moon, At: 16/17 0c (2145/040 Wt: 19 0c, JC 861020, targ overlap, poor spp break-down, Juvenile.",Juvenile Survey,1986,1545,910,1986,FALSE,NA
Henderson Lk,3,1986-08-30,TARGET86.DAT,1048,6,2,Prop_sockeye and prop_stickleback set to NA because targets == 0; ,1,JUVENILE,1986,8,3,5,0,NA,NA,FURUNO FM 22         ,1,10,"100%, gusty, chop, no moon, At: 16/17 0c (2145/040 Wt: 19 0c, JC 861020, targ overlap, poor spp break-down, Juvenile.",Juvenile Survey,1986,1545,1135,1986,FALSE,NA
Henderson Lk,3,1986-08-30,TARGET86.DAT,1049,7,2,Prop_sockeye and prop_stickleback set to NA because targets == 0; ,1,JUVENILE,1986,8,3,5,0,NA,NA,FURUNO FM 22         ,1,10,"100%, gusty, chop, no moon, At: 16/17 0c (2145/040 Wt: 19 0c, JC 861020, targ overlap, poor spp break-down, Juvenile.",Juvenile Survey,1986,1545,760,1986,FALSE,NA
Henderson Lk,3,1986-08-30,TARGET86.DAT,1050,8,2,Prop_sockeye and prop_stickleback set to NA because targets == 0; ,1,JUVENILE,1986,8,3,5,0,NA,NA,FURUNO FM 22         ,1,10,"100%, gusty, chop, no moon, At: 16/17 0c (2145/040 Wt: 19 0c, JC 861020, targ overlap, poor spp break-down, Juvenile.",Juvenile Survey,1986,1545,1667,1986,FALSE,NA
Henderson Lk,3,1986-08-30,TARGET86.DAT,1051,9,2,Prop_sockeye and prop_stickleback set to NA because targets == 0; ,1,JUVENILE,1986,8,3,5,0,NA,NA,FURUNO FM 22         ,1,10,"100%, gusty, chop, no moon, At: 16/17 0c (2145/040 Wt: 19 0c, JC 861020, targ overlap, poor spp break-down, Juvenile.",Juvenile Survey,1986,1545,2025,1986,FALSE,NA
Henderson Lk,3,1986-08-30,TARGET86.DAT,1052,10,2,Prop_sockeye and prop_stickleback set to NA because targets == 0; ,1,JUVENILE,1986,8,3,5,0,NA,NA,FURUNO FM 22         ,1,10,"100%, gusty, chop, no moon, At: 16/17 0c (2145/040 Wt: 19 0c, JC 861020, targ overlap, poor spp break-down, Juvenile.",Juvenile Survey,1986,1545,2332,1986,FALSE,NA
Henderson Lk,3,1986-08-30,TARGET86.DAT,1053,11,2,Prop_sockeye and prop_stickleback set to NA because targets == 0; ,1,JUVENILE,1986,8,3,5,0,NA,NA,FURUNO FM 22         ,1,10,"100%, gusty, chop, no moon, At: 16/17 0c (2145/040 Wt: 19 0c, JC 861020, targ overlap, poor spp break-down, Juvenile.",Juvenile Survey,1986,1545,2571,1986,FALSE,NA
Henderson Lk,3,1986-08-30,TARGET86.DAT,1054,12,2,Prop_sockeye and prop_stickleback set to NA because targets == 0; ,1,JUVENILE,1986,8,3,5,0,NA,NA,FURUNO FM 22         ,1,10,"100%, gusty, chop, no moon, At: 16/17 0c (2145/040 Wt: 19 0c, JC 861020, targ overlap, poor spp break-down, Juvenile.",Juvenile Survey,1986,1545,3025,1986,FALSE,NA
Henderson Lk,3,1986-08-30,TARGET86.DAT,1055,13,2,Prop_sockeye and prop_stickleback set to NA because targets == 0; ,1,JUVENILE,1986,8,3,5,0,NA,NA,FURUNO FM 22         ,1,10,"100%, gusty, chop, no moon, At: 16/17 0c (2145/040 Wt: 19 0c, JC 861020, targ overlap, poor spp break-down, Juvenile.",Juvenile Survey,1986,1545,1917,1986,FALSE,NA
Henderson Lk,3,1986-08-30,TARGET86.DAT,1056,14,2,Prop_sockeye and prop_stickleback set to NA because targets == 0; ,1,JUVENILE,1986,8,3,5,0,NA,NA,FURUNO FM 22         ,1,10,"100%, gusty, chop, no moon, At: 16/17 0c (2145/040 Wt: 19 0c, JC 861020, targ overlap, poor spp break-down, Juvenile.",Juvenile Survey,1986,1545,702,1986,FALSE,NA
Henderson Lk,3,1986-08-30,TARGET86.DAT,1057,15,2,Prop_sockeye and prop_stickleback set to NA because targets == 0; ,1,JUVENILE,1986,8,3,5,0,NA,NA,FURUNO FM 22         ,1,10,"100%, gusty, chop, no moon, At: 16/17 0c (2145/040 Wt: 19 0c, JC 861020, targ overlap, poor spp break-down, Juvenile.",Juvenile Survey,1986,1545,1349,1986,FALSE,NA
Henderson Lk,3,1986-08-30,TARGET86.DAT,1058,16,2,Prop_sockeye and prop_stickleback set to NA because targets == 0; ,1,JUVENILE,1986,8,3,5,0,NA,NA,FURUNO FM 22         ,1,10,"100%, gusty, chop, no moon, At: 16/17 0c (2145/040 Wt: 19 0c, JC 861020, targ overlap, poor spp break-down, Juvenile.",Juvenile Survey,1986,1545,1600,1986,FALSE,NA
Henderson Lk,3,1986-08-30,TARGET86.DAT,1059,17,2,Prop_sockeye and prop_stickleback set to NA because targets == 0; ,1,JUVENILE,1986,8,3,5,0,NA,NA,FURUNO FM 22         ,1,10,"100%, gusty, chop, no moon, At: 16/17 0c (2145/040 Wt: 19 0c, JC 861020, targ overlap, poor spp break-down, Juvenile.",Juvenile Survey,1986,1545,1568,1986,FALSE,NA
Henderson Lk,3,1986-08-30,TARGET86.DAT,1060,18,2,Prop_sockeye and prop_stickleback set to NA because targets == 0; ,1,JUVENILE,1986,8,3,5,0,NA,NA,FURUNO FM 22         ,1,10,"100%, gusty, chop, no moon, At: 16/17 0c (2145/040 Wt: 19 0c, JC 861020, targ overlap, poor spp break-down, Juvenile.",Juvenile Survey,1986,1545,2759,1986,FALSE,NA
Henderson Lk,3,1986-08-30,TARGET86.DAT,1061,1,3,,1,JUVENILE,1986,8,5,10,3,0.93,0.07,FURUNO FM 22         ,1,10,"100%, gusty, chop, no moon, At: 16/17 0c (2145/040 Wt: 19 0c, JC 861020, targ overlap, poor spp break-down, Juvenile.",Juvenile Survey,1986,1522,470,1986,FALSE,1
Henderson Lk,3,1986-08-30,TARGET86.DAT,1062,2,3,,1,JUVENILE,1986,8,5,10,4,0.93,0.07,FURUNO FM 22         ,1,10,"100%, gusty, chop, no moon, At: 16/17 0c (2145/040 Wt: 19 0c, JC 861020, targ overlap, poor spp break-down, Juvenile.",Juvenile Survey,1986,1522,815,1986,FALSE,1
Henderson Lk,3,1986-08-30,TARGET86.DAT,1063,3,3,,1,JUVENILE,1986,8,5,10,1,0.93,0.07,FURUNO FM 22         ,1,10,"100%, gusty, chop, no moon, At: 16/17 0c (2145/040 Wt: 19 0c, JC 861020, targ overlap, poor spp break-down, Juvenile.",Juvenile Survey,1986,1522,925,1986,FALSE,1
Henderson Lk,3,1986-08-30,TARGET86.DAT,1064,4,3,,1,JUVENILE,1986,8,5,10,10,0.93,0.07,FURUNO FM 22         ,1,10,"100%, gusty, chop, no moon, At: 16/17 0c (2145/040 Wt: 19 0c, JC 861020, targ overlap, poor spp break-down, Juvenile.",Juvenile Survey,1986,1522,830,1986,FALSE,1
Henderson Lk,3,1986-08-30,TARGET86.DAT,1065,5,3,,1,JUVENILE,1986,8,5,10,3,0.93,0.07,FURUNO FM 22         ,1,10,"100%, gusty, chop, no moon, At: 16/17 0c (2145/040 Wt: 19 0c, JC 861020, targ overlap, poor spp break-down, Juvenile.",Juvenile Survey,1986,1522,895,1986,FALSE,1
Henderson Lk,3,1986-08-30,TARGET86.DAT,1066,6,3,,1,JUVENILE,1986,8,5,10,3,0.93,0.07,FURUNO FM 22         ,1,10,"100%, gusty, chop, no moon, At: 16/17 0c (2145/040 Wt: 19 0c, JC 861020, targ overlap, poor spp break-down, Juvenile.",Juvenile Survey,1986,1522,1120,1986,FALSE,1
Henderson Lk,3,1986-08-30,TARGET86.DAT,1067,7,3,,1,JUVENILE,1986,8,5,10,5,0.93,0.07,FURUNO FM 22         ,1,10,"100%, gusty, chop, no moon, At: 16/17 0c (2145/040 Wt: 19 0c, JC 861020, targ overlap, poor spp break-down, Juvenile.",Juvenile Survey,1986,1522,740,1986,FALSE,1
Henderson Lk,3,1986-08-30,TARGET86.DAT,1068,8,3,Prop_sockeye and prop_stickleback set to NA because targets == 0; ,1,JUVENILE,1986,8,5,10,0,NA,NA,FURUNO FM 22         ,1,10,"100%, gusty, chop, no moon, At: 16/17 0c (2145/040 Wt: 19 0c, JC 861020, targ overlap, poor spp break-down, Juvenile.",Juvenile Survey,1986,1522,1569,1986,FALSE,NA
Henderson Lk,3,1986-08-30,TARGET86.DAT,1069,9,3,Prop_sockeye and prop_stickleback set to NA because targets == 0; ,1,JUVENILE,1986,8,5,10,0,NA,NA,FURUNO FM 22         ,1,10,"100%, gusty, chop, no moon, At: 16/17 0c (2145/040 Wt: 19 0c, JC 861020, targ overlap, poor spp break-down, Juvenile.",Juvenile Survey,1986,1522,2002,1986,FALSE,NA
Henderson Lk,3,1986-08-30,TARGET86.DAT,1070,10,3,Prop_sockeye and prop_stickleback set to NA because targets == 0; ,1,JUVENILE,1986,8,5,10,0,NA,NA,FURUNO FM 22         ,1,10,"100%, gusty, chop, no moon, At: 16/17 0c (2145/040 Wt: 19 0c, JC 861020, targ overlap, poor spp break-down, Juvenile.",Juvenile Survey,1986,1522,2307,1986,FALSE,NA
Henderson Lk,3,1986-08-30,TARGET86.DAT,1071,11,3,Prop_sockeye and prop_stickleback set to NA because targets == 0; ,1,JUVENILE,1986,8,5,10,0,NA,NA,FURUNO FM 22         ,1,10,"100%, gusty, chop, no moon, At: 16/17 0c (2145/040 Wt: 19 0c, JC 861020, targ overlap, poor spp break-down, Juvenile.",Juvenile Survey,1986,1522,2534,1986,FALSE,NA
Henderson Lk,3,1986-08-30,TARGET86.DAT,1072,12,3,Prop_sockeye and prop_stickleback set to NA because targets == 0; ,1,JUVENILE,1986,8,5,10,0,NA,NA,FURUNO FM 22         ,1,10,"100%, gusty, chop, no moon, At: 16/17 0c (2145/040 Wt: 19 0c, JC 861020, targ overlap, poor spp break-down, Juvenile.",Juvenile Survey,1986,1522,2992,1986,FALSE,NA
Henderson Lk,3,1986-08-30,TARGET86.DAT,1073,13,3,Prop_sockeye and prop_stickleback set to NA because targets == 0; ,1,JUVENILE,1986,8,5,10,0,NA,NA,FURUNO FM 22         ,1,10,"100%, gusty, chop, no moon, At: 16/17 0c (2145/040 Wt: 19 0c, JC 861020, targ overlap, poor spp break-down, Juvenile.",Juvenile Survey,1986,1522,1897,1986,FALSE,NA
Henderson Lk,3,1986-08-30,TARGET86.DAT,1074,14,3,Prop_sockeye and prop_stickleback set to NA because targets == 0; ,1,JUVENILE,1986,8,5,10,0,NA,NA,FURUNO FM 22         ,1,10,"100%, gusty, chop, no moon, At: 16/17 0c (2145/040 Wt: 19 0c, JC 861020, targ overlap, poor spp break-down, Juvenile.",Juvenile Survey,1986,1522,685,1986,FALSE,NA
Henderson Lk,3,1986-08-30,TARGET86.DAT,1075,15,3,Prop_sockeye and prop_stickleback set to NA because targets == 0; ,1,JUVENILE,1986,8,5,10,0,NA,NA,FURUNO FM 22         ,1,10,"100%, gusty, chop, no moon, At: 16/17 0c (2145/040 Wt: 19 0c, JC 861020, targ overlap, poor spp break-down, Juvenile.",Juvenile Survey,1986,1522,1345,1986,FALSE,NA
Henderson Lk,3,1986-08-30,TARGET86.DAT,1076,16,3,Prop_sockeye and prop_stickleback set to NA because targets == 0; ,1,JUVENILE,1986,8,5,10,0,NA,NA,FURUNO FM 22         ,1,10,"100%, gusty, chop, no moon, At: 16/17 0c (2145/040 Wt: 19 0c, JC 861020, targ overlap, poor spp break-down, Juvenile.",Juvenile Survey,1986,1522,1561,1986,FALSE,NA
Henderson Lk,3,1986-08-30,TARGET86.DAT,1077,17,3,Prop_sockeye and prop_stickleback set to NA because targets == 0; ,1,JUVENILE,1986,8,5,10,0,NA,NA,FURUNO FM 22         ,1,10,"100%, gusty, chop, no moon, At: 16/17 0c (2145/040 Wt: 19 0c, JC 861020, targ overlap, poor spp break-down, Juvenile.",Juvenile Survey,1986,1522,1549,1986,FALSE,NA
Henderson Lk,3,1986-08-30,TARGET86.DAT,1078,18,3,Prop_sockeye and prop_stickleback set to NA because targets == 0; ,1,JUVENILE,1986,8,5,10,0,NA,NA,FURUNO FM 22         ,1,10,"100%, gusty, chop, no moon, At: 16/17 0c (2145/040 Wt: 19 0c, JC 861020, targ overlap, poor spp break-down, Juvenile.",Juvenile Survey,1986,1522,2726,1986,FALSE,NA
Henderson Lk,3,1986-08-30,TARGET86.DAT,1079,1,4,,1,JUVENILE,1986,8,10,15,20,0.93,0.07,FURUNO FM 22         ,1,10,"100%, gusty, chop, no moon, At: 16/17 0c (2145/040 Wt: 19 0c, JC 861020, targ overlap, poor spp break-down, Juvenile.",Juvenile Survey,1986,1481,450,1986,FALSE,1
Henderson Lk,3,1986-08-30,TARGET86.DAT,1080,2,4,,1,JUVENILE,1986,8,10,15,75,0.93,0.07,FURUNO FM 22         ,1,10,"100%, gusty, chop, no moon, At: 16/17 0c (2145/040 Wt: 19 0c, JC 861020, targ overlap, poor spp break-down, Juvenile.",Juvenile Survey,1986,1481,805,1986,FALSE,1
Henderson Lk,3,1986-08-30,TARGET86.DAT,1081,3,4,,1,JUVENILE,1986,8,10,15,62,0.93,0.07,FURUNO FM 22         ,1,10,"100%, gusty, chop, no moon, At: 16/17 0c (2145/040 Wt: 19 0c, JC 861020, targ overlap, poor spp break-down, Juvenile.",Juvenile Survey,1986,1481,910,1986,FALSE,1
Henderson Lk,3,1986-08-30,TARGET86.DAT,1082,4,4,,1,JUVENILE,1986,8,10,15,51,0.93,0.07,FURUNO FM 22         ,1,10,"100%, gusty, chop, no moon, At: 16/17 0c (2145/040 Wt: 19 0c, JC 861020, targ overlap, poor spp break-down, Juvenile.",Juvenile Survey,1986,1481,820,1986,FALSE,1
Henderson Lk,3,1986-08-30,TARGET86.DAT,1083,5,4,,1,JUVENILE,1986,8,10,15,33,0.93,0.07,FURUNO FM 22         ,1,10,"100%, gusty, chop, no moon, At: 16/17 0c (2145/040 Wt: 19 0c, JC 861020, targ overlap, poor spp break-down, Juvenile.",Juvenile Survey,1986,1481,880,1986,FALSE,1
Henderson Lk,3,1986-08-30,TARGET86.DAT,1084,6,4,,1,JUVENILE,1986,8,10,15,27,0.93,0.07,FURUNO FM 22         ,1,10,"100%, gusty, chop, no moon, At: 16/17 0c (2145/040 Wt: 19 0c, JC 861020, targ overlap, poor spp break-down, Juvenile.",Juvenile Survey,1986,1481,1110,1986,FALSE,1
Henderson Lk,3,1986-08-30,TARGET86.DAT,1085,7,4,,1,JUVENILE,1986,8,10,15,61,0.93,0.07,FURUNO FM 22         ,1,10,"100%, gusty, chop, no moon, At: 16/17 0c (2145/040 Wt: 19 0c, JC 861020, targ overlap, poor spp break-down, Juvenile.",Juvenile Survey,1986,1481,710,1986,FALSE,1
Henderson Lk,3,1986-08-30,TARGET86.DAT,1086,8,4,Prop_sockeye and prop_stickleback set to NA because targets == 0; ,1,JUVENILE,1986,8,10,15,0,NA,NA,FURUNO FM 22         ,1,10,"100%, gusty, chop, no moon, At: 16/17 0c (2145/040 Wt: 19 0c, JC 861020, targ overlap, poor spp break-down, Juvenile.",Juvenile Survey,1986,1481,1443,1986,FALSE,NA
Henderson Lk,3,1986-08-30,TARGET86.DAT,1087,9,4,Prop_sockeye and prop_stickleback set to NA because targets == 0; ,1,JUVENILE,1986,8,10,15,0,NA,NA,FURUNO FM 22         ,1,10,"100%, gusty, chop, no moon, At: 16/17 0c (2145/040 Wt: 19 0c, JC 861020, targ overlap, poor spp break-down, Juvenile.",Juvenile Survey,1986,1481,1978,1986,FALSE,NA
Henderson Lk,3,1986-08-30,TARGET86.DAT,1088,10,4,Prop_sockeye and prop_stickleback set to NA because targets == 0; ,1,JUVENILE,1986,8,10,15,0,NA,NA,FURUNO FM 22         ,1,10,"100%, gusty, chop, no moon, At: 16/17 0c (2145/040 Wt: 19 0c, JC 861020, targ overlap, poor spp break-down, Juvenile.",Juvenile Survey,1986,1481,2282,1986,FALSE,NA
Henderson Lk,3,1986-08-30,TARGET86.DAT,1089,11,4,Prop_sockeye and prop_stickleback set to NA because targets == 0; ,1,JUVENILE,1986,8,10,15,0,NA,NA,FURUNO FM 22         ,1,10,"100%, gusty, chop, no moon, At: 16/17 0c (2145/040 Wt: 19 0c, JC 861020, targ overlap, poor spp break-down, Juvenile.",Juvenile Survey,1986,1481,2513,1986,FALSE,NA
Henderson Lk,3,1986-08-30,TARGET86.DAT,1090,12,4,Prop_sockeye and prop_stickleback set to NA because targets == 0; ,1,JUVENILE,1986,8,10,15,0,NA,NA,FURUNO FM 22         ,1,10,"100%, gusty, chop, no moon, At: 16/17 0c (2145/040 Wt: 19 0c, JC 861020, targ overlap, poor spp break-down, Juvenile.",Juvenile Survey,1986,1481,2907,1986,FALSE,NA
Henderson Lk,3,1986-08-30,TARGET86.DAT,1091,13,4,Prop_sockeye and prop_stickleback set to NA because targets == 0; ,1,JUVENILE,1986,8,10,15,0,NA,NA,FURUNO FM 22         ,1,10,"100%, gusty, chop, no moon, At: 16/17 0c (2145/040 Wt: 19 0c, JC 861020, targ overlap, poor spp break-down, Juvenile.",Juvenile Survey,1986,1481,1873,1986,FALSE,NA
Henderson Lk,3,1986-08-30,TARGET86.DAT,1092,14,4,Prop_sockeye and prop_stickleback set to NA because targets == 0; ,1,JUVENILE,1986,8,10,15,0,NA,NA,FURUNO FM 22         ,1,10,"100%, gusty, chop, no moon, At: 16/17 0c (2145/040 Wt: 19 0c, JC 861020, targ overlap, poor spp break-down, Juvenile.",Juvenile Survey,1986,1481,668,1986,FALSE,NA
Henderson Lk,3,1986-08-30,TARGET86.DAT,1093,15,4,Prop_sockeye and prop_stickleback set to NA because targets == 0; ,1,JUVENILE,1986,8,10,15,0,NA,NA,FURUNO FM 22         ,1,10,"100%, gusty, chop, no moon, At: 16/17 0c (2145/040 Wt: 19 0c, JC 861020, targ overlap, poor spp break-down, Juvenile.",Juvenile Survey,1986,1481,1338,1986,FALSE,NA
Henderson Lk,3,1986-08-30,TARGET86.DAT,1094,16,4,Prop_sockeye and prop_stickleback set to NA because targets == 0; ,1,JUVENILE,1986,8,10,15,0,NA,NA,FURUNO FM 22         ,1,10,"100%, gusty, chop, no moon, At: 16/17 0c (2145/040 Wt: 19 0c, JC 861020, targ overlap, poor spp break-down, Juvenile.",Juvenile Survey,1986,1481,1544,1986,FALSE,NA
Henderson Lk,3,1986-08-30,TARGET86.DAT,1095,17,4,Prop_sockeye and prop_stickleback set to NA because targets == 0; ,1,JUVENILE,1986,8,10,15,0,NA,NA,FURUNO FM 22         ,1,10,"100%, gusty, chop, no moon, At: 16/17 0c (2145/040 Wt: 19 0c, JC 861020, targ overlap, poor spp break-down, Juvenile.",Juvenile Survey,1986,1481,1512,1986,FALSE,NA
Henderson Lk,3,1986-08-30,TARGET86.DAT,1096,18,4,Prop_sockeye and prop_stickleback set to NA because targets == 0; ,1,JUVENILE,1986,8,10,15,0,NA,NA,FURUNO FM 22         ,1,10,"100%, gusty, chop, no moon, At: 16/17 0c (2145/040 Wt: 19 0c, JC 861020, targ overlap, poor spp break-down, Juvenile.",Juvenile Survey,1986,1481,2682,1986,FALSE,NA
Henderson Lk,3,1986-08-30,TARGET86.DAT,1097,1,5,,1,JUVENILE,1986,8,15,20,62,0.93,0.07,FURUNO FM 22         ,1,10,"100%, gusty, chop, no moon, At: 16/17 0c (2145/040 Wt: 19 0c, JC 861020, targ overlap, poor spp break-down, Juvenile.",Juvenile Survey,1986,1431,430,1986,FALSE,1
Henderson Lk,3,1986-08-30,TARGET86.DAT,1098,2,5,,1,JUVENILE,1986,8,15,20,3,0.93,0.07,FURUNO FM 22         ,1,10,"100%, gusty, chop, no moon, At: 16/17 0c (2145/040 Wt: 19 0c, JC 861020, targ overlap, poor spp break-down, Juvenile.",Juvenile Survey,1986,1431,795,1986,FALSE,1
Henderson Lk,3,1986-08-30,TARGET86.DAT,1099,3,5,,1,JUVENILE,1986,8,15,20,34,0.93,0.07,FURUNO FM 22         ,1,10,"100%, gusty, chop, no moon, At: 16/17 0c (2145/040 Wt: 19 0c, JC 861020, targ overlap, poor spp break-down, Juvenile.",Juvenile Survey,1986,1431,895,1986,FALSE,1
Henderson Lk,3,1986-08-30,TARGET86.DAT,1100,4,5,,1,JUVENILE,1986,8,15,20,432,0.93,0.07,FURUNO FM 22         ,1,10,"100%, gusty, chop, no moon, At: 16/17 0c (2145/040 Wt: 19 0c, JC 861020, targ overlap, poor spp break-down, Juvenile.",Juvenile Survey,1986,1431,805,1986,FALSE,1
Henderson Lk,3,1986-08-30,TARGET86.DAT,1101,5,5,,1,JUVENILE,1986,8,15,20,389,0.93,0.07,FURUNO FM 22         ,1,10,"100%, gusty, chop, no moon, At: 16/17 0c (2145/040 Wt: 19 0c, JC 861020, targ overlap, poor spp break-down, Juvenile.",Juvenile Survey,1986,1431,860,1986,FALSE,1
Henderson Lk,3,1986-08-30,TARGET86.DAT,1102,6,5,,1,JUVENILE,1986,8,15,20,416,0.93,0.07,FURUNO FM 22         ,1,10,"100%, gusty, chop, no moon, At: 16/17 0c (2145/040 Wt: 19 0c, JC 861020, targ overlap, poor spp break-down, Juvenile.",Juvenile Survey,1986,1431,1085,1986,FALSE,1
Henderson Lk,3,1986-08-30,TARGET86.DAT,1103,7,5,,1,JUVENILE,1986,8,15,20,165,0.93,0.07,FURUNO FM 22         ,1,10,"100%, gusty, chop, no moon, At: 16/17 0c (2145/040 Wt: 19 0c, JC 861020, targ overlap, poor spp break-down, Juvenile.",Juvenile Survey,1986,1431,685,1986,FALSE,1
Henderson Lk,3,1986-08-30,TARGET86.DAT,1104,8,5,Prop_sockeye and prop_stickleback set to NA because targets == 0; ,1,JUVENILE,1986,8,15,20,0,NA,NA,FURUNO FM 22         ,1,10,"100%, gusty, chop, no moon, At: 16/17 0c (2145/040 Wt: 19 0c, JC 861020, targ overlap, poor spp break-down, Juvenile.",Juvenile Survey,1986,1431,1318,1986,FALSE,NA
Henderson Lk,3,1986-08-30,TARGET86.DAT,1105,9,5,Prop_sockeye and prop_stickleback set to NA because targets == 0; ,1,JUVENILE,1986,8,15,20,0,NA,NA,FURUNO FM 22         ,1,10,"100%, gusty, chop, no moon, At: 16/17 0c (2145/040 Wt: 19 0c, JC 861020, targ overlap, poor spp break-down, Juvenile.",Juvenile Survey,1986,1431,1954,1986,FALSE,NA
Henderson Lk,3,1986-08-30,TARGET86.DAT,1106,10,5,Prop_sockeye and prop_stickleback set to NA because targets == 0; ,1,JUVENILE,1986,8,15,20,0,NA,NA,FURUNO FM 22         ,1,10,"100%, gusty, chop, no moon, At: 16/17 0c (2145/040 Wt: 19 0c, JC 861020, targ overlap, poor spp break-down, Juvenile.",Juvenile Survey,1986,1431,2199,1986,FALSE,NA
Henderson Lk,3,1986-08-30,TARGET86.DAT,1107,11,5,Prop_sockeye and prop_stickleback set to NA because targets == 0; ,1,JUVENILE,1986,8,15,20,0,NA,NA,FURUNO FM 22         ,1,10,"100%, gusty, chop, no moon, At: 16/17 0c (2145/040 Wt: 19 0c, JC 861020, targ overlap, poor spp break-down, Juvenile.",Juvenile Survey,1986,1431,2486,1986,FALSE,NA
Henderson Lk,3,1986-08-30,TARGET86.DAT,1108,12,5,Prop_sockeye and prop_stickleback set to NA because targets == 0; ,1,JUVENILE,1986,8,15,20,0,NA,NA,FURUNO FM 22         ,1,10,"100%, gusty, chop, no moon, At: 16/17 0c (2145/040 Wt: 19 0c, JC 861020, targ overlap, poor spp break-down, Juvenile.",Juvenile Survey,1986,1431,2834,1986,FALSE,NA
Henderson Lk,3,1986-08-30,TARGET86.DAT,1109,13,5,Prop_sockeye and prop_stickleback set to NA because targets == 0; ,1,JUVENILE,1986,8,15,20,0,NA,NA,FURUNO FM 22         ,1,10,"100%, gusty, chop, no moon, At: 16/17 0c (2145/040 Wt: 19 0c, JC 861020, targ overlap, poor spp break-down, Juvenile.",Juvenile Survey,1986,1431,1851,1986,FALSE,NA
Henderson Lk,3,1986-08-30,TARGET86.DAT,1110,14,5,Prop_sockeye and prop_stickleback set to NA because targets == 0; ,1,JUVENILE,1986,8,15,20,0,NA,NA,FURUNO FM 22         ,1,10,"100%, gusty, chop, no moon, At: 16/17 0c (2145/040 Wt: 19 0c, JC 861020, targ overlap, poor spp break-down, Juvenile.",Juvenile Survey,1986,1431,653,1986,FALSE,NA
Henderson Lk,3,1986-08-30,TARGET86.DAT,1111,15,5,Prop_sockeye and prop_stickleback set to NA because targets == 0; ,1,JUVENILE,1986,8,15,20,0,NA,NA,FURUNO FM 22         ,1,10,"100%, gusty, chop, no moon, At: 16/17 0c (2145/040 Wt: 19 0c, JC 861020, targ overlap, poor spp break-down, Juvenile.",Juvenile Survey,1986,1431,1303,1986,FALSE,NA
Henderson Lk,3,1986-08-30,TARGET86.DAT,1112,16,5,Prop_sockeye and prop_stickleback set to NA because targets == 0; ,1,JUVENILE,1986,8,15,20,0,NA,NA,FURUNO FM 22         ,1,10,"100%, gusty, chop, no moon, At: 16/17 0c (2145/040 Wt: 19 0c, JC 861020, targ overlap, poor spp break-down, Juvenile.",Juvenile Survey,1986,1431,1529,1986,FALSE,NA
Henderson Lk,3,1986-08-30,TARGET86.DAT,1113,17,5,Prop_sockeye and prop_stickleback set to NA because targets == 0; ,1,JUVENILE,1986,8,15,20,0,NA,NA,FURUNO FM 22         ,1,10,"100%, gusty, chop, no moon, At: 16/17 0c (2145/040 Wt: 19 0c, JC 861020, targ overlap, poor spp break-down, Juvenile.",Juvenile Survey,1986,1431,1492,1986,FALSE,NA
Henderson Lk,3,1986-08-30,TARGET86.DAT,1114,18,5,Prop_sockeye and prop_stickleback set to NA because targets == 0; ,1,JUVENILE,1986,8,15,20,0,NA,NA,FURUNO FM 22         ,1,10,"100%, gusty, chop, no moon, At: 16/17 0c (2145/040 Wt: 19 0c, JC 861020, targ overlap, poor spp break-down, Juvenile.",Juvenile Survey,1986,1431,2628,1986,FALSE,NA
Henderson Lk,3,1986-08-30,TARGET86.DAT,1115,1,6,Prop_sockeye and prop_stickleback set to NA because targets == 0; ,1,JUVENILE,1986,8,20,30,0,NA,NA,FURUNO FM 22         ,1,10,"100%, gusty, chop, no moon, At: 16/17 0c (2145/040 Wt: 19 0c, JC 861020, targ overlap, poor spp break-down, Juvenile.",Juvenile Survey,1986,1353,410,1986,FALSE,NA
Henderson Lk,3,1986-08-30,TARGET86.DAT,1116,2,6,,1,JUVENILE,1986,8,20,30,1,0.93,0.07,FURUNO FM 22         ,1,10,"100%, gusty, chop, no moon, At: 16/17 0c (2145/040 Wt: 19 0c, JC 861020, targ overlap, poor spp break-down, Juvenile.",Juvenile Survey,1986,1353,775,1986,FALSE,1
Henderson Lk,3,1986-08-30,TARGET86.DAT,1117,3,6,,1,JUVENILE,1986,8,20,30,13,0.93,0.07,FURUNO FM 22         ,1,10,"100%, gusty, chop, no moon, At: 16/17 0c (2145/040 Wt: 19 0c, JC 861020, targ overlap, poor spp break-down, Juvenile.",Juvenile Survey,1986,1353,870,1986,FALSE,1
Henderson Lk,3,1986-08-30,TARGET86.DAT,1118,4,6,,1,JUVENILE,1986,8,20,30,68,0.93,0.07,FURUNO FM 22         ,1,10,"100%, gusty, chop, no moon, At: 16/17 0c (2145/040 Wt: 19 0c, JC 861020, targ overlap, poor spp break-down, Juvenile.",Juvenile Survey,1986,1353,780,1986,FALSE,1
Henderson Lk,3,1986-08-30,TARGET86.DAT,1119,5,6,,1,JUVENILE,1986,8,20,30,15,0.93,0.07,FURUNO FM 22         ,1,10,"100%, gusty, chop, no moon, At: 16/17 0c (2145/040 Wt: 19 0c, JC 861020, targ overlap, poor spp break-down, Juvenile.",Juvenile Survey,1986,1353,835,1986,FALSE,1
Henderson Lk,3,1986-08-30,TARGET86.DAT,1120,6,6,,1,JUVENILE,1986,8,20,30,20,0.93,0.07,FURUNO FM 22         ,1,10,"100%, gusty, chop, no moon, At: 16/17 0c (2145/040 Wt: 19 0c, JC 861020, targ overlap, poor spp break-down, Juvenile.",Juvenile Survey,1986,1353,1065,1986,FALSE,1
Henderson Lk,3,1986-08-30,TARGET86.DAT,1121,7,6,,1,JUVENILE,1986,8,20,30,1,0.93,0.07,FURUNO FM 22         ,1,10,"100%, gusty, chop, no moon, At: 16/17 0c (2145/040 Wt: 19 0c, JC 861020, targ overlap, poor spp break-down, Juvenile.",Juvenile Survey,1986,1353,645,1986,FALSE,1
Henderson Lk,3,1986-08-30,TARGET86.DAT,1122,8,6,Prop_sockeye and prop_stickleback set to NA because targets == 0; ,1,JUVENILE,1986,8,20,30,0,NA,NA,FURUNO FM 22         ,1,10,"100%, gusty, chop, no moon, At: 16/17 0c (2145/040 Wt: 19 0c, JC 861020, targ overlap, poor spp break-down, Juvenile.",Juvenile Survey,1986,1353,1169,1986,FALSE,NA
Henderson Lk,3,1986-08-30,TARGET86.DAT,1123,9,6,Prop_sockeye and prop_stickleback set to NA because targets == 0; ,1,JUVENILE,1986,8,20,30,0,NA,NA,FURUNO FM 22         ,1,10,"100%, gusty, chop, no moon, At: 16/17 0c (2145/040 Wt: 19 0c, JC 861020, targ overlap, poor spp break-down, Juvenile.",Juvenile Survey,1986,1353,1904,1986,FALSE,NA
Henderson Lk,3,1986-08-30,TARGET86.DAT,1124,10,6,Prop_sockeye and prop_stickleback set to NA because targets == 0; ,1,JUVENILE,1986,8,20,30,0,NA,NA,FURUNO FM 22         ,1,10,"100%, gusty, chop, no moon, At: 16/17 0c (2145/040 Wt: 19 0c, JC 861020, targ overlap, poor spp break-down, Juvenile.",Juvenile Survey,1986,1353,2124,1986,FALSE,NA
Henderson Lk,3,1986-08-30,TARGET86.DAT,1125,11,6,Prop_sockeye and prop_stickleback set to NA because targets == 0; ,1,JUVENILE,1986,8,20,30,0,NA,NA,FURUNO FM 22         ,1,10,"100%, gusty, chop, no moon, At: 16/17 0c (2145/040 Wt: 19 0c, JC 861020, targ overlap, poor spp break-down, Juvenile.",Juvenile Survey,1986,1353,1386,1986,FALSE,NA
Henderson Lk,3,1986-08-30,TARGET86.DAT,1126,12,6,Prop_sockeye and prop_stickleback set to NA because targets == 0; ,1,JUVENILE,1986,8,20,30,0,NA,NA,FURUNO FM 22         ,1,10,"100%, gusty, chop, no moon, At: 16/17 0c (2145/040 Wt: 19 0c, JC 861020, targ overlap, poor spp break-down, Juvenile.",Juvenile Survey,1986,1353,2792,1986,FALSE,NA
Henderson Lk,3,1986-08-30,TARGET86.DAT,1127,13,6,Prop_sockeye and prop_stickleback set to NA because targets == 0; ,1,JUVENILE,1986,8,20,30,0,NA,NA,FURUNO FM 22         ,1,10,"100%, gusty, chop, no moon, At: 16/17 0c (2145/040 Wt: 19 0c, JC 861020, targ overlap, poor spp break-down, Juvenile.",Juvenile Survey,1986,1353,1826,1986,FALSE,NA
Henderson Lk,3,1986-08-30,TARGET86.DAT,1128,14,6,Prop_sockeye and prop_stickleback set to NA because targets == 0; ,1,JUVENILE,1986,8,20,30,0,NA,NA,FURUNO FM 22         ,1,10,"100%, gusty, chop, no moon, At: 16/17 0c (2145/040 Wt: 19 0c, JC 861020, targ overlap, poor spp break-down, Juvenile.",Juvenile Survey,1986,1353,638,1986,FALSE,NA
Henderson Lk,3,1986-08-30,TARGET86.DAT,1129,15,6,Prop_sockeye and prop_stickleback set to NA because targets == 0; ,1,JUVENILE,1986,8,20,30,0,NA,NA,FURUNO FM 22         ,1,10,"100%, gusty, chop, no moon, At: 16/17 0c (2145/040 Wt: 19 0c, JC 861020, targ overlap, poor spp break-down, Juvenile.",Juvenile Survey,1986,1353,1268,1986,FALSE,NA
Henderson Lk,3,1986-08-30,TARGET86.DAT,1130,16,6,Prop_sockeye and prop_stickleback set to NA because targets == 0; ,1,JUVENILE,1986,8,20,30,0,NA,NA,FURUNO FM 22         ,1,10,"100%, gusty, chop, no moon, At: 16/17 0c (2145/040 Wt: 19 0c, JC 861020, targ overlap, poor spp break-down, Juvenile.",Juvenile Survey,1986,1353,1507,1986,FALSE,NA
Henderson Lk,3,1986-08-30,TARGET86.DAT,1131,17,6,Prop_sockeye and prop_stickleback set to NA because targets == 0; ,1,JUVENILE,1986,8,20,30,0,NA,NA,FURUNO FM 22         ,1,10,"100%, gusty, chop, no moon, At: 16/17 0c (2145/040 Wt: 19 0c, JC 861020, targ overlap, poor spp break-down, Juvenile.",Juvenile Survey,1986,1353,1463,1986,FALSE,NA
Henderson Lk,3,1986-08-30,TARGET86.DAT,1132,18,6,Prop_sockeye and prop_stickleback set to NA because targets == 0; ,1,JUVENILE,1986,8,20,30,0,NA,NA,FURUNO FM 22         ,1,10,"100%, gusty, chop, no moon, At: 16/17 0c (2145/040 Wt: 19 0c, JC 861020, targ overlap, poor spp break-down, Juvenile.",Juvenile Survey,1986,1353,2597,1986,FALSE,NA
Henderson Lk,3,1986-08-30,TARGET86.DAT,1133,1,7,,1,JUVENILE,1986,8,30,40,1,0.93,0.07,FURUNO FM 22         ,1,10,"100%, gusty, chop, no moon, At: 16/17 0c (2145/040 Wt: 19 0c, JC 861020, targ overlap, poor spp break-down, Juvenile.",Juvenile Survey,1986,1267,380,1986,FALSE,1
Henderson Lk,3,1986-08-30,TARGET86.DAT,1134,2,7,Prop_sockeye and prop_stickleback set to NA because targets == 0; ,1,JUVENILE,1986,8,30,40,0,NA,NA,FURUNO FM 22         ,1,10,"100%, gusty, chop, no moon, At: 16/17 0c (2145/040 Wt: 19 0c, JC 861020, targ overlap, poor spp break-down, Juvenile.",Juvenile Survey,1986,1267,750,1986,FALSE,NA
Henderson Lk,3,1986-08-30,TARGET86.DAT,1135,3,7,,1,JUVENILE,1986,8,30,40,2,0.93,0.07,FURUNO FM 22         ,1,10,"100%, gusty, chop, no moon, At: 16/17 0c (2145/040 Wt: 19 0c, JC 861020, targ overlap, poor spp break-down, Juvenile.",Juvenile Survey,1986,1267,835,1986,FALSE,1
Henderson Lk,3,1986-08-30,TARGET86.DAT,1136,4,7,,1,JUVENILE,1986,8,30,40,3,0.93,0.07,FURUNO FM 22         ,1,10,"100%, gusty, chop, no moon, At: 16/17 0c (2145/040 Wt: 19 0c, JC 861020, targ overlap, poor spp break-down, Juvenile.",Juvenile Survey,1986,1267,750,1986,FALSE,1
Henderson Lk,3,1986-08-30,TARGET86.DAT,1137,5,7,,1,JUVENILE,1986,8,30,40,5,0.93,0.07,FURUNO FM 22         ,1,10,"100%, gusty, chop, no moon, At: 16/17 0c (2145/040 Wt: 19 0c, JC 861020, targ overlap, poor spp break-down, Juvenile.",Juvenile Survey,1986,1267,810,1986,FALSE,1
Henderson Lk,3,1986-08-30,TARGET86.DAT,1138,6,7,,1,JUVENILE,1986,8,30,40,2,0.93,0.07,FURUNO FM 22         ,1,10,"100%, gusty, chop, no moon, At: 16/17 0c (2145/040 Wt: 19 0c, JC 861020, targ overlap, poor spp break-down, Juvenile.",Juvenile Survey,1986,1267,1020,1986,FALSE,1
Henderson Lk,3,1986-08-30,TARGET86.DAT,1139,7,7,Prop_sockeye and prop_stickleback set to NA because targets == 0; ,1,JUVENILE,1986,8,30,40,0,NA,NA,FURUNO FM 22         ,1,10,"100%, gusty, chop, no moon, At: 16/17 0c (2145/040 Wt: 19 0c, JC 861020, targ overlap, poor spp break-down, Juvenile.",Juvenile Survey,1986,1267,535,1986,FALSE,NA
Henderson Lk,3,1986-08-30,TARGET86.DAT,1140,8,7,Prop_sockeye and prop_stickleback set to NA because targets == 0; ,1,JUVENILE,1986,8,30,40,0,NA,NA,FURUNO FM 22         ,1,10,"100%, gusty, chop, no moon, At: 16/17 0c (2145/040 Wt: 19 0c, JC 861020, targ overlap, poor spp break-down, Juvenile.",Juvenile Survey,1986,1267,1108,1986,FALSE,NA
Henderson Lk,3,1986-08-30,TARGET86.DAT,1141,9,7,Prop_sockeye and prop_stickleback set to NA because targets == 0; ,1,JUVENILE,1986,8,30,40,0,NA,NA,FURUNO FM 22         ,1,10,"100%, gusty, chop, no moon, At: 16/17 0c (2145/040 Wt: 19 0c, JC 861020, targ overlap, poor spp break-down, Juvenile.",Juvenile Survey,1986,1267,1766,1986,FALSE,NA
Henderson Lk,3,1986-08-30,TARGET86.DAT,1142,10,7,Prop_sockeye and prop_stickleback set to NA because targets == 0; ,1,JUVENILE,1986,8,30,40,0,NA,NA,FURUNO FM 22         ,1,10,"100%, gusty, chop, no moon, At: 16/17 0c (2145/040 Wt: 19 0c, JC 861020, targ overlap, poor spp break-down, Juvenile.",Juvenile Survey,1986,1267,1983,1986,FALSE,NA
Henderson Lk,3,1986-08-30,TARGET86.DAT,1143,11,7,Prop_sockeye and prop_stickleback set to NA because targets == 0; ,1,JUVENILE,1986,8,30,40,0,NA,NA,FURUNO FM 22         ,1,10,"100%, gusty, chop, no moon, At: 16/17 0c (2145/040 Wt: 19 0c, JC 861020, targ overlap, poor spp break-down, Juvenile.",Juvenile Survey,1986,1267,1336,1986,FALSE,NA
Henderson Lk,3,1986-08-30,TARGET86.DAT,1144,12,7,Prop_sockeye and prop_stickleback set to NA because targets == 0; ,1,JUVENILE,1986,8,30,40,0,NA,NA,FURUNO FM 22         ,1,10,"100%, gusty, chop, no moon, At: 16/17 0c (2145/040 Wt: 19 0c, JC 861020, targ overlap, poor spp break-down, Juvenile.",Juvenile Survey,1986,1267,2739,1986,FALSE,NA
Henderson Lk,3,1986-08-30,TARGET86.DAT,1145,13,7,Prop_sockeye and prop_stickleback set to NA because targets == 0; ,1,JUVENILE,1986,8,30,40,0,NA,NA,FURUNO FM 22         ,1,10,"100%, gusty, chop, no moon, At: 16/17 0c (2145/040 Wt: 19 0c, JC 861020, targ overlap, poor spp break-down, Juvenile.",Juvenile Survey,1986,1267,1769,1986,FALSE,NA
Henderson Lk,3,1986-08-30,TARGET86.DAT,1146,14,7,Prop_sockeye and prop_stickleback set to NA because targets == 0; ,1,JUVENILE,1986,8,30,40,0,NA,NA,FURUNO FM 22         ,1,10,"100%, gusty, chop, no moon, At: 16/17 0c (2145/040 Wt: 19 0c, JC 861020, targ overlap, poor spp break-down, Juvenile.",Juvenile Survey,1986,1267,615,1986,FALSE,NA
Henderson Lk,3,1986-08-30,TARGET86.DAT,1147,15,7,Prop_sockeye and prop_stickleback set to NA because targets == 0; ,1,JUVENILE,1986,8,30,40,0,NA,NA,FURUNO FM 22         ,1,10,"100%, gusty, chop, no moon, At: 16/17 0c (2145/040 Wt: 19 0c, JC 861020, targ overlap, poor spp break-down, Juvenile.",Juvenile Survey,1986,1267,1234,1986,FALSE,NA
Henderson Lk,3,1986-08-30,TARGET86.DAT,1148,16,7,Prop_sockeye and prop_stickleback set to NA because targets == 0; ,1,JUVENILE,1986,8,30,40,0,NA,NA,FURUNO FM 22         ,1,10,"100%, gusty, chop, no moon, At: 16/17 0c (2145/040 Wt: 19 0c, JC 861020, targ overlap, poor spp break-down, Juvenile.",Juvenile Survey,1986,1267,1417,1986,FALSE,NA
Henderson Lk,3,1986-08-30,TARGET86.DAT,1149,17,7,Prop_sockeye and prop_stickleback set to NA because targets == 0; ,1,JUVENILE,1986,8,30,40,0,NA,NA,FURUNO FM 22         ,1,10,"100%, gusty, chop, no moon, At: 16/17 0c (2145/040 Wt: 19 0c, JC 861020, targ overlap, poor spp break-down, Juvenile.",Juvenile Survey,1986,1267,1411,1986,FALSE,NA
Henderson Lk,3,1986-08-30,TARGET86.DAT,1150,18,7,Prop_sockeye and prop_stickleback set to NA because targets == 0; ,1,JUVENILE,1986,8,30,40,0,NA,NA,FURUNO FM 22         ,1,10,"100%, gusty, chop, no moon, At: 16/17 0c (2145/040 Wt: 19 0c, JC 861020, targ overlap, poor spp break-down, Juvenile.",Juvenile Survey,1986,1267,2530,1986,FALSE,NA
Henderson Lk,3,1986-08-30,TARGET86.DAT,1151,1,8,Prop_sockeye and prop_stickleback set to NA because targets == 0; ,1,JUVENILE,1986,8,40,50,0,NA,NA,FURUNO FM 22         ,1,10,"100%, gusty, chop, no moon, At: 16/17 0c (2145/040 Wt: 19 0c, JC 861020, targ overlap, poor spp break-down, Juvenile.",Juvenile Survey,1986,1187,355,1986,FALSE,NA
Henderson Lk,3,1986-08-30,TARGET86.DAT,1152,2,8,Prop_sockeye and prop_stickleback set to NA because targets == 0; ,1,JUVENILE,1986,8,40,50,0,NA,NA,FURUNO FM 22         ,1,10,"100%, gusty, chop, no moon, At: 16/17 0c (2145/040 Wt: 19 0c, JC 861020, targ overlap, poor spp break-down, Juvenile.",Juvenile Survey,1986,1187,715,1986,FALSE,NA
Henderson Lk,3,1986-08-30,TARGET86.DAT,1153,3,8,Prop_sockeye and prop_stickleback set to NA because targets == 0; ,1,JUVENILE,1986,8,40,50,0,NA,NA,FURUNO FM 22         ,1,10,"100%, gusty, chop, no moon, At: 16/17 0c (2145/040 Wt: 19 0c, JC 861020, targ overlap, poor spp break-down, Juvenile.",Juvenile Survey,1986,1187,810,1986,FALSE,NA
Henderson Lk,3,1986-08-30,TARGET86.DAT,1154,4,8,,1,JUVENILE,1986,8,40,50,2,0.93,0.07,FURUNO FM 22         ,1,10,"100%, gusty, chop, no moon, At: 16/17 0c (2145/040 Wt: 19 0c, JC 861020, targ overlap, poor spp break-down, Juvenile.",Juvenile Survey,1986,1187,725,1986,FALSE,1
Henderson Lk,3,1986-08-30,TARGET86.DAT,1155,5,8,Prop_sockeye and prop_stickleback set to NA because targets == 0; ,1,JUVENILE,1986,8,40,50,0,NA,NA,FURUNO FM 22         ,1,10,"100%, gusty, chop, no moon, At: 16/17 0c (2145/040 Wt: 19 0c, JC 861020, targ overlap, poor spp break-down, Juvenile.",Juvenile Survey,1986,1187,770,1986,FALSE,NA
Henderson Lk,3,1986-08-30,TARGET86.DAT,1156,6,8,Prop_sockeye and prop_stickleback set to NA because targets == 0; ,1,JUVENILE,1986,8,40,50,0,NA,NA,FURUNO FM 22         ,1,10,"100%, gusty, chop, no moon, At: 16/17 0c (2145/040 Wt: 19 0c, JC 861020, targ overlap, poor spp break-down, Juvenile.",Juvenile Survey,1986,1187,990,1986,FALSE,NA
Henderson Lk,3,1986-08-30,TARGET86.DAT,1157,7,8,Prop_sockeye and prop_stickleback set to NA because targets == 0; ,1,JUVENILE,1986,8,40,50,0,NA,NA,FURUNO FM 22         ,1,10,"100%, gusty, chop, no moon, At: 16/17 0c (2145/040 Wt: 19 0c, JC 861020, targ overlap, poor spp break-down, Juvenile.",Juvenile Survey,1986,1187,485,1986,FALSE,NA
Henderson Lk,3,1986-08-30,TARGET86.DAT,1158,8,8,Prop_sockeye and prop_stickleback set to NA because targets == 0; ,1,JUVENILE,1986,8,40,50,0,NA,NA,FURUNO FM 22         ,1,10,"100%, gusty, chop, no moon, At: 16/17 0c (2145/040 Wt: 19 0c, JC 861020, targ overlap, poor spp break-down, Juvenile.",Juvenile Survey,1986,1187,951,1986,FALSE,NA
Henderson Lk,3,1986-08-30,TARGET86.DAT,1159,9,8,Prop_sockeye and prop_stickleback set to NA because targets == 0; ,1,JUVENILE,1986,8,40,50,0,NA,NA,FURUNO FM 22         ,1,10,"100%, gusty, chop, no moon, At: 16/17 0c (2145/040 Wt: 19 0c, JC 861020, targ overlap, poor spp break-down, Juvenile.",Juvenile Survey,1986,1187,1543,1986,FALSE,NA
Henderson Lk,3,1986-08-30,TARGET86.DAT,1160,10,8,Prop_sockeye and prop_stickleback set to NA because targets == 0; ,1,JUVENILE,1986,8,40,50,0,NA,NA,FURUNO FM 22         ,1,10,"100%, gusty, chop, no moon, At: 16/17 0c (2145/040 Wt: 19 0c, JC 861020, targ overlap, poor spp break-down, Juvenile.",Juvenile Survey,1986,1187,1887,1986,FALSE,NA
Henderson Lk,3,1986-08-30,TARGET86.DAT,1161,11,8,Prop_sockeye and prop_stickleback set to NA because targets == 0; ,1,JUVENILE,1986,8,40,50,0,NA,NA,FURUNO FM 22         ,1,10,"100%, gusty, chop, no moon, At: 16/17 0c (2145/040 Wt: 19 0c, JC 861020, targ overlap, poor spp break-down, Juvenile.",Juvenile Survey,1986,1187,1299,1986,FALSE,NA
Henderson Lk,3,1986-08-30,TARGET86.DAT,1162,12,8,Prop_sockeye and prop_stickleback set to NA because targets == 0; ,1,JUVENILE,1986,8,40,50,0,NA,NA,FURUNO FM 22         ,1,10,"100%, gusty, chop, no moon, At: 16/17 0c (2145/040 Wt: 19 0c, JC 861020, targ overlap, poor spp break-down, Juvenile.",Juvenile Survey,1986,1187,2666,1986,FALSE,NA
Henderson Lk,3,1986-08-30,TARGET86.DAT,1163,13,8,Prop_sockeye and prop_stickleback set to NA because targets == 0; ,1,JUVENILE,1986,8,40,50,0,NA,NA,FURUNO FM 22         ,1,10,"100%, gusty, chop, no moon, At: 16/17 0c (2145/040 Wt: 19 0c, JC 861020, targ overlap, poor spp break-down, Juvenile.",Juvenile Survey,1986,1187,1708,1986,FALSE,NA
Henderson Lk,3,1986-08-30,TARGET86.DAT,1164,14,8,Prop_sockeye and prop_stickleback set to NA because targets == 0; ,1,JUVENILE,1986,8,40,50,0,NA,NA,FURUNO FM 22         ,1,10,"100%, gusty, chop, no moon, At: 16/17 0c (2145/040 Wt: 19 0c, JC 861020, targ overlap, poor spp break-down, Juvenile.",Juvenile Survey,1986,1187,593,1986,FALSE,NA
Henderson Lk,3,1986-08-30,TARGET86.DAT,1165,15,8,Prop_sockeye and prop_stickleback set to NA because targets == 0; ,1,JUVENILE,1986,8,40,50,0,NA,NA,FURUNO FM 22         ,1,10,"100%, gusty, chop, no moon, At: 16/17 0c (2145/040 Wt: 19 0c, JC 861020, targ overlap, poor spp break-down, Juvenile.",Juvenile Survey,1986,1187,1203,1986,FALSE,NA
Henderson Lk,3,1986-08-30,TARGET86.DAT,1166,16,8,Prop_sockeye and prop_stickleback set to NA because targets == 0; ,1,JUVENILE,1986,8,40,50,0,NA,NA,FURUNO FM 22         ,1,10,"100%, gusty, chop, no moon, At: 16/17 0c (2145/040 Wt: 19 0c, JC 861020, targ overlap, poor spp break-down, Juvenile.",Juvenile Survey,1986,1187,1366,1986,FALSE,NA
Henderson Lk,3,1986-08-30,TARGET86.DAT,1167,17,8,Prop_sockeye and prop_stickleback set to NA because targets == 0; ,1,JUVENILE,1986,8,40,50,0,NA,NA,FURUNO FM 22         ,1,10,"100%, gusty, chop, no moon, At: 16/17 0c (2145/040 Wt: 19 0c, JC 861020, targ overlap, poor spp break-down, Juvenile.",Juvenile Survey,1986,1187,1391,1986,FALSE,NA
Henderson Lk,3,1986-08-30,TARGET86.DAT,1168,18,8,Prop_sockeye and prop_stickleback set to NA because targets == 0; ,1,JUVENILE,1986,8,40,50,0,NA,NA,FURUNO FM 22         ,1,10,"100%, gusty, chop, no moon, At: 16/17 0c (2145/040 Wt: 19 0c, JC 861020, targ overlap, poor spp break-down, Juvenile.",Juvenile Survey,1986,1187,2491,1986,FALSE,NA
Henderson Lk,3,1986-08-30,TARGET86.DAT,1169,1,9,Prop_sockeye and prop_stickleback set to NA because targets == 0; ,1,JUVENILE,1986,8,50,60,0,NA,NA,FURUNO FM 22         ,1,10,"100%, gusty, chop, no moon, At: 16/17 0c (2145/040 Wt: 19 0c, JC 861020, targ overlap, poor spp break-down, Juvenile.",Juvenile Survey,1986,1104,340,1986,FALSE,NA
Henderson Lk,3,1986-08-30,TARGET86.DAT,1170,2,9,Prop_sockeye and prop_stickleback set to NA because targets == 0; ,1,JUVENILE,1986,8,50,60,0,NA,NA,FURUNO FM 22         ,1,10,"100%, gusty, chop, no moon, At: 16/17 0c (2145/040 Wt: 19 0c, JC 861020, targ overlap, poor spp break-down, Juvenile.",Juvenile Survey,1986,1104,680,1986,FALSE,NA
Henderson Lk,3,1986-08-30,TARGET86.DAT,1171,3,9,Prop_sockeye and prop_stickleback set to NA because targets == 0; ,1,JUVENILE,1986,8,50,60,0,NA,NA,FURUNO FM 22         ,1,10,"100%, gusty, chop, no moon, At: 16/17 0c (2145/040 Wt: 19 0c, JC 861020, targ overlap, poor spp break-down, Juvenile.",Juvenile Survey,1986,1104,790,1986,FALSE,NA
Henderson Lk,3,1986-08-30,TARGET86.DAT,1172,4,9,Prop_sockeye and prop_stickleback set to NA because targets == 0; ,1,JUVENILE,1986,8,50,60,0,NA,NA,FURUNO FM 22         ,1,10,"100%, gusty, chop, no moon, At: 16/17 0c (2145/040 Wt: 19 0c, JC 861020, targ overlap, poor spp break-down, Juvenile.",Juvenile Survey,1986,1104,710,1986,FALSE,NA
Henderson Lk,3,1986-08-30,TARGET86.DAT,1173,5,9,Prop_sockeye and prop_stickleback set to NA because targets == 0; ,1,JUVENILE,1986,8,50,60,0,NA,NA,FURUNO FM 22         ,1,10,"100%, gusty, chop, no moon, At: 16/17 0c (2145/040 Wt: 19 0c, JC 861020, targ overlap, poor spp break-down, Juvenile.",Juvenile Survey,1986,1104,745,1986,FALSE,NA
Henderson Lk,3,1986-08-30,TARGET86.DAT,1174,6,9,Prop_sockeye and prop_stickleback set to NA because targets == 0; ,1,JUVENILE,1986,8,50,60,0,NA,NA,FURUNO FM 22         ,1,10,"100%, gusty, chop, no moon, At: 16/17 0c (2145/040 Wt: 19 0c, JC 861020, targ overlap, poor spp break-down, Juvenile.",Juvenile Survey,1986,1104,955,1986,FALSE,NA
Henderson Lk,3,1986-08-30,TARGET86.DAT,1175,7,9,Prop_sockeye and prop_stickleback set to NA because targets == 0; ,1,JUVENILE,1986,8,50,60,0,NA,NA,FURUNO FM 22         ,1,10,"100%, gusty, chop, no moon, At: 16/17 0c (2145/040 Wt: 19 0c, JC 861020, targ overlap, poor spp break-down, Juvenile.",Juvenile Survey,1986,1104,445,1986,FALSE,NA
Henderson Lk,3,1986-08-30,TARGET86.DAT,1176,8,9,Prop_sockeye and prop_stickleback set to NA because targets == 0; ,1,JUVENILE,1986,8,50,60,0,NA,NA,FURUNO FM 22         ,1,10,"100%, gusty, chop, no moon, At: 16/17 0c (2145/040 Wt: 19 0c, JC 861020, targ overlap, poor spp break-down, Juvenile.",Juvenile Survey,1986,1104,841,1986,FALSE,NA
Henderson Lk,3,1986-08-30,TARGET86.DAT,1177,9,9,Prop_sockeye and prop_stickleback set to NA because targets == 0; ,1,JUVENILE,1986,8,50,60,0,NA,NA,FURUNO FM 22         ,1,10,"100%, gusty, chop, no moon, At: 16/17 0c (2145/040 Wt: 19 0c, JC 861020, targ overlap, poor spp break-down, Juvenile.",Juvenile Survey,1986,1104,1488,1986,FALSE,NA
Henderson Lk,3,1986-08-30,TARGET86.DAT,1178,10,9,Prop_sockeye and prop_stickleback set to NA because targets == 0; ,1,JUVENILE,1986,8,50,60,0,NA,NA,FURUNO FM 22         ,1,10,"100%, gusty, chop, no moon, At: 16/17 0c (2145/040 Wt: 19 0c, JC 861020, targ overlap, poor spp break-down, Juvenile.",Juvenile Survey,1986,1104,1646,1986,FALSE,NA
Henderson Lk,3,1986-08-30,TARGET86.DAT,1179,11,9,Prop_sockeye and prop_stickleback set to NA because targets == 0; ,1,JUVENILE,1986,8,50,60,0,NA,NA,FURUNO FM 22         ,1,10,"100%, gusty, chop, no moon, At: 16/17 0c (2145/040 Wt: 19 0c, JC 861020, targ overlap, poor spp break-down, Juvenile.",Juvenile Survey,1986,1104,1216,1986,FALSE,NA
Henderson Lk,3,1986-08-30,TARGET86.DAT,1180,12,9,Prop_sockeye and prop_stickleback set to NA because targets == 0; ,1,JUVENILE,1986,8,50,60,0,NA,NA,FURUNO FM 22         ,1,10,"100%, gusty, chop, no moon, At: 16/17 0c (2145/040 Wt: 19 0c, JC 861020, targ overlap, poor spp break-down, Juvenile.",Juvenile Survey,1986,1104,2623,1986,FALSE,NA
Henderson Lk,3,1986-08-30,TARGET86.DAT,1181,13,9,Prop_sockeye and prop_stickleback set to NA because targets == 0; ,1,JUVENILE,1986,8,50,60,0,NA,NA,FURUNO FM 22         ,1,10,"100%, gusty, chop, no moon, At: 16/17 0c (2145/040 Wt: 19 0c, JC 861020, targ overlap, poor spp break-down, Juvenile.",Juvenile Survey,1986,1104,1664,1986,FALSE,NA
Henderson Lk,3,1986-08-30,TARGET86.DAT,1182,14,9,Prop_sockeye and prop_stickleback set to NA because targets == 0; ,1,JUVENILE,1986,8,50,60,0,NA,NA,FURUNO FM 22         ,1,10,"100%, gusty, chop, no moon, At: 16/17 0c (2145/040 Wt: 19 0c, JC 861020, targ overlap, poor spp break-down, Juvenile.",Juvenile Survey,1986,1104,571,1986,FALSE,NA
Henderson Lk,3,1986-08-30,TARGET86.DAT,1183,15,9,Prop_sockeye and prop_stickleback set to NA because targets == 0; ,1,JUVENILE,1986,8,50,60,0,NA,NA,FURUNO FM 22         ,1,10,"100%, gusty, chop, no moon, At: 16/17 0c (2145/040 Wt: 19 0c, JC 861020, targ overlap, poor spp break-down, Juvenile.",Juvenile Survey,1986,1104,1154,1986,FALSE,NA
Henderson Lk,3,1986-08-30,TARGET86.DAT,1184,16,9,Prop_sockeye and prop_stickleback set to NA because targets == 0; ,1,JUVENILE,1986,8,50,60,0,NA,NA,FURUNO FM 22         ,1,10,"100%, gusty, chop, no moon, At: 16/17 0c (2145/040 Wt: 19 0c, JC 861020, targ overlap, poor spp break-down, Juvenile.",Juvenile Survey,1986,1104,1329,1986,FALSE,NA
Henderson Lk,3,1986-08-30,TARGET86.DAT,1185,17,9,Prop_sockeye and prop_stickleback set to NA because targets == 0; ,1,JUVENILE,1986,8,50,60,0,NA,NA,FURUNO FM 22         ,1,10,"100%, gusty, chop, no moon, At: 16/17 0c (2145/040 Wt: 19 0c, JC 861020, targ overlap, poor spp break-down, Juvenile.",Juvenile Survey,1986,1104,1354,1986,FALSE,NA
Henderson Lk,3,1986-08-30,TARGET86.DAT,1186,18,9,Prop_sockeye and prop_stickleback set to NA because targets == 0; ,1,JUVENILE,1986,8,50,60,0,NA,NA,FURUNO FM 22         ,1,10,"100%, gusty, chop, no moon, At: 16/17 0c (2145/040 Wt: 19 0c, JC 861020, targ overlap, poor spp break-down, Juvenile.",Juvenile Survey,1986,1104,2424,1986,FALSE,NA
Henderson Lk,3,1986-08-30,TARGET86.DAT,1187,1,10,Prop_sockeye and prop_stickleback set to NA because targets == 0; ,1,JUVENILE,1986,8,60,70,0,NA,NA,FURUNO FM 22         ,1,10,"100%, gusty, chop, no moon, At: 16/17 0c (2145/040 Wt: 19 0c, JC 861020, targ overlap, poor spp break-down, Juvenile.",Juvenile Survey,1986,1063,320,1986,FALSE,NA
Henderson Lk,3,1986-08-30,TARGET86.DAT,1188,2,10,Prop_sockeye and prop_stickleback set to NA because targets == 0; ,1,JUVENILE,1986,8,60,70,0,NA,NA,FURUNO FM 22         ,1,10,"100%, gusty, chop, no moon, At: 16/17 0c (2145/040 Wt: 19 0c, JC 861020, targ overlap, poor spp break-down, Juvenile.",Juvenile Survey,1986,1063,645,1986,FALSE,NA
Henderson Lk,3,1986-08-30,TARGET86.DAT,1189,3,10,Prop_sockeye and prop_stickleback set to NA because targets == 0; ,1,JUVENILE,1986,8,60,70,0,NA,NA,FURUNO FM 22         ,1,10,"100%, gusty, chop, no moon, At: 16/17 0c (2145/040 Wt: 19 0c, JC 861020, targ overlap, poor spp break-down, Juvenile.",Juvenile Survey,1986,1063,765,1986,FALSE,NA
Henderson Lk,3,1986-08-30,TARGET86.DAT,1190,4,10,Prop_sockeye and prop_stickleback set to NA because targets == 0; ,1,JUVENILE,1986,8,60,70,0,NA,NA,FURUNO FM 22         ,1,10,"100%, gusty, chop, no moon, At: 16/17 0c (2145/040 Wt: 19 0c, JC 861020, targ overlap, poor spp break-down, Juvenile.",Juvenile Survey,1986,1063,685,1986,FALSE,NA
Henderson Lk,3,1986-08-30,TARGET86.DAT,1191,5,10,Prop_sockeye and prop_stickleback set to NA because targets == 0; ,1,JUVENILE,1986,8,60,70,0,NA,NA,FURUNO FM 22         ,1,10,"100%, gusty, chop, no moon, At: 16/17 0c (2145/040 Wt: 19 0c, JC 861020, targ overlap, poor spp break-down, Juvenile.",Juvenile Survey,1986,1063,710,1986,FALSE,NA
Henderson Lk,3,1986-08-30,TARGET86.DAT,1192,6,10,Prop_sockeye and prop_stickleback set to NA because targets == 0; ,1,JUVENILE,1986,8,60,70,0,NA,NA,FURUNO FM 22         ,1,10,"100%, gusty, chop, no moon, At: 16/17 0c (2145/040 Wt: 19 0c, JC 861020, targ overlap, poor spp break-down, Juvenile.",Juvenile Survey,1986,1063,925,1986,FALSE,NA
Henderson Lk,3,1986-08-30,TARGET86.DAT,1193,7,10,Prop_sockeye and prop_stickleback set to NA because targets == 0; ,1,JUVENILE,1986,8,60,70,0,NA,NA,FURUNO FM 22         ,1,10,"100%, gusty, chop, no moon, At: 16/17 0c (2145/040 Wt: 19 0c, JC 861020, targ overlap, poor spp break-down, Juvenile.",Juvenile Survey,1986,1063,410,1986,FALSE,NA
Henderson Lk,3,1986-08-30,TARGET86.DAT,1194,8,10,Prop_sockeye and prop_stickleback set to NA because targets == 0; ,1,JUVENILE,1986,8,60,70,0,NA,NA,FURUNO FM 22         ,1,10,"100%, gusty, chop, no moon, At: 16/17 0c (2145/040 Wt: 19 0c, JC 861020, targ overlap, poor spp break-down, Juvenile.",Juvenile Survey,1986,1063,741,1986,FALSE,NA
Henderson Lk,3,1986-08-30,TARGET86.DAT,1195,9,10,Prop_sockeye and prop_stickleback set to NA because targets == 0; ,1,JUVENILE,1986,8,60,70,0,NA,NA,FURUNO FM 22         ,1,10,"100%, gusty, chop, no moon, At: 16/17 0c (2145/040 Wt: 19 0c, JC 861020, targ overlap, poor spp break-down, Juvenile.",Juvenile Survey,1986,1063,1446,1986,FALSE,NA
Henderson Lk,3,1986-08-30,TARGET86.DAT,1196,10,10,Prop_sockeye and prop_stickleback set to NA because targets == 0; ,1,JUVENILE,1986,8,60,70,0,NA,NA,FURUNO FM 22         ,1,10,"100%, gusty, chop, no moon, At: 16/17 0c (2145/040 Wt: 19 0c, JC 861020, targ overlap, poor spp break-down, Juvenile.",Juvenile Survey,1986,1063,1568,1986,FALSE,NA
Henderson Lk,3,1986-08-30,TARGET86.DAT,1197,11,10,Prop_sockeye and prop_stickleback set to NA because targets == 0; ,1,JUVENILE,1986,8,60,70,0,NA,NA,FURUNO FM 22         ,1,10,"100%, gusty, chop, no moon, At: 16/17 0c (2145/040 Wt: 19 0c, JC 861020, targ overlap, poor spp break-down, Juvenile.",Juvenile Survey,1986,1063,1102,1986,FALSE,NA
Henderson Lk,3,1986-08-30,TARGET86.DAT,1198,12,10,Prop_sockeye and prop_stickleback set to NA because targets == 0; ,1,JUVENILE,1986,8,60,70,0,NA,NA,FURUNO FM 22         ,1,10,"100%, gusty, chop, no moon, At: 16/17 0c (2145/040 Wt: 19 0c, JC 861020, targ overlap, poor spp break-down, Juvenile.",Juvenile Survey,1986,1063,2573,1986,FALSE,NA
Henderson Lk,3,1986-08-30,TARGET86.DAT,1199,13,10,Prop_sockeye and prop_stickleback set to NA because targets == 0; ,1,JUVENILE,1986,8,60,70,0,NA,NA,FURUNO FM 22         ,1,10,"100%, gusty, chop, no moon, At: 16/17 0c (2145/040 Wt: 19 0c, JC 861020, targ overlap, poor spp break-down, Juvenile.",Juvenile Survey,1986,1063,1634,1986,FALSE,NA
Henderson Lk,3,1986-08-30,TARGET86.DAT,1200,14,10,Prop_sockeye and prop_stickleback set to NA because targets == 0; ,1,JUVENILE,1986,8,60,70,0,NA,NA,FURUNO FM 22         ,1,10,"100%, gusty, chop, no moon, At: 16/17 0c (2145/040 Wt: 19 0c, JC 861020, targ overlap, poor spp break-down, Juvenile.",Juvenile Survey,1986,1063,543,1986,FALSE,NA
Henderson Lk,3,1986-08-30,TARGET86.DAT,1201,15,10,Prop_sockeye and prop_stickleback set to NA because targets == 0; ,1,JUVENILE,1986,8,60,70,0,NA,NA,FURUNO FM 22         ,1,10,"100%, gusty, chop, no moon, At: 16/17 0c (2145/040 Wt: 19 0c, JC 861020, targ overlap, poor spp break-down, Juvenile.",Juvenile Survey,1986,1063,1115,1986,FALSE,NA
Henderson Lk,3,1986-08-30,TARGET86.DAT,1202,16,10,Prop_sockeye and prop_stickleback set to NA because targets == 0; ,1,JUVENILE,1986,8,60,70,0,NA,NA,FURUNO FM 22         ,1,10,"100%, gusty, chop, no moon, At: 16/17 0c (2145/040 Wt: 19 0c, JC 861020, targ overlap, poor spp break-down, Juvenile.",Juvenile Survey,1986,1063,1212,1986,FALSE,NA
Henderson Lk,3,1986-08-30,TARGET86.DAT,1203,17,10,Prop_sockeye and prop_stickleback set to NA because targets == 0; ,1,JUVENILE,1986,8,60,70,0,NA,NA,FURUNO FM 22         ,1,10,"100%, gusty, chop, no moon, At: 16/17 0c (2145/040 Wt: 19 0c, JC 861020, targ overlap, poor spp break-down, Juvenile.",Juvenile Survey,1986,1063,1322,1986,FALSE,NA
Henderson Lk,3,1986-08-30,TARGET86.DAT,1204,18,10,Prop_sockeye and prop_stickleback set to NA because targets == 0; ,1,JUVENILE,1986,8,60,70,0,NA,NA,FURUNO FM 22         ,1,10,"100%, gusty, chop, no moon, At: 16/17 0c (2145/040 Wt: 19 0c, JC 861020, targ overlap, poor spp break-down, Juvenile.",Juvenile Survey,1986,1063,2364,1986,FALSE,NA
Henderson Lk,3,1990-06-20,TARGET90.DAT,1403,15,2,Prop_sockeye and prop_stickleback set to NA because targets == 0; ,1,JUVENILE,1990,6,3,5,0,NA,NA,SIMRAD               ,2,10,"clr,brze,nwmn,AT16ST15.6degC. target banding around 20m.","processed by PR, 8May91.",1990,1545,1349,1990,FALSE,NA
Henderson Lk,3,1990-10-05,TARGET90.DAT,1597,15,2,Prop_sockeye and prop_stickleback set to NA because targets == 0; ,1,JUVENILE,1990,10,3,5,0,NA,NA,SIMRAD               ,2,10,"60-30%cld,lghtwnd,drizzle/mist,fllmn,AT7ST18.5degC","processed by PR, 07May91.",1990,1545,1349,1990,FALSE,NA
Long Lk (A),801,1983-07-18,TARGET83.DAT,3001,5,2,Prop_sockeye and prop_stickleback set to NA because targets == 0; ,1,JUVENILE,1983,7,3,5,0,NA,NA,FURUNO FM 22         ,1,10,NA,NIGHT SURVEY,1983,1025,850,1983,FALSE,NA
Long Lk (A),801,1983-08-24,TARGET83.DAT,3186,5,2,Prop_sockeye and prop_stickleback set to NA because targets == 0; ,1,JUVENILE,1983,8,3,5,0,NA,NA,FURUNO FM 22         ,1,10,PARTIAL OVERCAST FULL MOON TRANSECTS 1-5,NIGHT SURVEY,1983,1025,850,1983,FALSE,NA
Owikeno Lk (D),231,1995-08-23,TARGET95.DAT,5943,4,5,Prop_sockeye and prop_stickleback set to NA because targets == 0; ,1,JUVENILE,1995,8,15,20,0,NA,NA,SIMRAD               ,2,10,"ovrcst,nownd,modrn,nomn,AT12ST14degc. 23AUG95/11SEP95/JH/EYM/20128//1/0/0/7/96/405/.","processed by JH, 11Sep95.",1995,321.5,1169,1995,FALSE,NA
Skidegate Lk ne,156,1990-08-19,TARGET90.DAT,4660,6,1,Prop_sockeye and prop_stickleback set to NA because targets == 0; ,1,JUVENILE,1990,8,2,5,0,NA,NA,SIMRAD               ,2,10,difference between total fish and sx-stk are sclpns.,"processed by SM, 14May91.",1990,378,1490,1990,FALSE,NA
Skidegate Lk ne,156,1990-08-19,TARGET90.DAT,4661,7,1,Prop_sockeye and prop_stickleback set to NA because targets == 0; ,1,JUVENILE,1990,8,2,5,0,NA,NA,SIMRAD               ,2,10,difference between total fish and sx-stk are sclpns.,"processed by SM, 14May91.",1990,378,1037,1990,FALSE,NA
Tatsamenie Lk,66,1995-09-18,TARGET95.DAT,7778,8,8,Prop_sockeye and prop_stickleback set to NA because targets == 0; ,1,JUVENILE,1995,9,40,50,0,NA,NA,SIMRAD               ,2,10,"Clear, Calm, Surface Smooth, AT 5.9, ST 10.8, No M 18Sep95/07Nov95/AR/EYM/20111/1/0/0/11/86/0/",NA,1995,927,774,1995,FALSE,NA
Tatsamenie Lk,66,1995-09-18,TARGET95.DAT,7779,9,8,Prop_sockeye and prop_stickleback set to NA because targets == 0; ,1,JUVENILE,1995,9,40,50,0,NA,NA,SIMRAD               ,2,10,"Clear, Calm, Surface Smooth, AT 5.9, ST 10.8, No M 18Sep95/07Nov95/AR/EYM/20111/1/0/0/11/86/0/",NA,1995,927,533,1995,FALSE,NA
Tatsamenie Lk,66,1995-09-18,TARGET95.DAT,7780,10,8,Prop_sockeye and prop_stickleback set to NA because targets == 0; ,1,JUVENILE,1995,9,40,50,0,NA,NA,SIMRAD               ,2,10,"Clear, Calm, Surface Smooth, AT 5.9, ST 10.8, No M 18Sep95/07Nov95/AR/EYM/20111/1/0/0/11/86/0/",NA,1995,927,469,1995,FALSE,NA
Tatsamenie Lk,66,1995-09-18,TARGET95.DAT,7781,11,8,Prop_sockeye and prop_stickleback set to NA because targets == 0; ,1,JUVENILE,1995,9,40,50,0,NA,NA,SIMRAD               ,2,10,"Clear, Calm, Surface Smooth, AT 5.9, ST 10.8, No M 18Sep95/07Nov95/AR/EYM/20111/1/0/0/11/86/0/",NA,1995,927,668,1995,FALSE,NA
Tatsamenie Lk,66,1995-09-18,TARGET95.DAT,7782,12,8,Prop_sockeye and prop_stickleback set to NA because targets == 0; ,1,JUVENILE,1995,9,40,50,0,NA,NA,SIMRAD               ,2,10,"Clear, Calm, Surface Smooth, AT 5.9, ST 10.8, No M 18Sep95/07Nov95/AR/EYM/20111/1/0/0/11/86/0/",NA,1995,927,531,1995,FALSE,NA
Tatsamenie Lk,66,1995-09-18,TARGET95.DAT,7783,13,8,Prop_sockeye and prop_stickleback set to NA because targets == 0; ,1,JUVENILE,1995,9,40,50,0,NA,NA,SIMRAD               ,2,10,"Clear, Calm, Surface Smooth, AT 5.9, ST 10.8, No M 18Sep95/07Nov95/AR/EYM/20111/1/0/0/11/86/0/",NA,1995,927,308,1995,FALSE,NA
Tatsamenie Lk,66,1995-09-18,TARGET95.DAT,7784,14,8,Prop_sockeye and prop_stickleback set to NA because targets == 0; ,1,JUVENILE,1995,9,40,50,0,NA,NA,SIMRAD               ,2,10,"Clear, Calm, Surface Smooth, AT 5.9, ST 10.8, No M 18Sep95/07Nov95/AR/EYM/20111/1/0/0/11/86/0/",NA,1995,927,2433,1995,FALSE,NA
Tatsamenie Lk,66,1995-09-18,TARGET95.DAT,7785,15,8,Prop_sockeye and prop_stickleback set to NA because targets == 0; ,1,JUVENILE,1995,9,40,50,0,NA,NA,SIMRAD               ,2,10,"Clear, Calm, Surface Smooth, AT 5.9, ST 10.8, No M 18Sep95/07Nov95/AR/EYM/20111/1/0/0/11/86/0/",NA,1995,927,1827,1995,FALSE,NA
Tatsamenie Lk,66,1995-09-18,TARGET95.DAT,7786,16,8,Prop_sockeye and prop_stickleback set to NA because targets == 0; ,1,JUVENILE,1995,9,40,50,0,NA,NA,SIMRAD               ,2,10,"Clear, Calm, Surface Smooth, AT 5.9, ST 10.8, No M 18Sep95/07Nov95/AR/EYM/20111/1/0/0/11/86/0/",NA,1995,927,2034,1995,FALSE,NA
Tatsamenie Lk,66,1999-10-14,TARGET99.DAT,2102,14,1,Prop_sockeye and prop_stickleback set to NA because targets == 0; ,1,JUVENILE,1999,10,2,5,0,NA,NA,SIMRAD               ,2,10,"nomn,lgtsnw,ocst,brgtaurora17th 14Oct99/03Nov99/PR/EYM/20128/1/0/0/18/27/0.","processed by PR,03Nov99.",1999,1622,2830,1999,FALSE,NA
Tatsamenie Lk,66,1999-10-14,TARGET99.DAT,2103,15,1,Prop_sockeye and prop_stickleback set to NA because targets == 0; ,1,JUVENILE,1999,10,2,5,0,NA,NA,SIMRAD               ,2,10,"nomn,lgtsnw,ocst,brgtaurora17th 14Oct99/03Nov99/PR/EYM/20128/1/0/0/18/27/0.","processed by PR,03Nov99.",1999,1622,2680,1999,FALSE,NA
Tatsamenie Lk,66,1999-10-14,TARGET99.DAT,2104,16,1,Prop_sockeye and prop_stickleback set to NA because targets == 0; ,1,JUVENILE,1999,10,2,5,0,NA,NA,SIMRAD               ,2,10,"nomn,lgtsnw,ocst,brgtaurora17th 14Oct99/03Nov99/PR/EYM/20128/1/0/0/18/27/0.","processed by PR,03Nov99.",1999,1622,2660,1999,FALSE,NA
